{
  "type": "FeatureCollection",
  "generator": "overpass-turbo",
  "copyright": "The data included in this document is from www.openstreetmap.org. The data is made available under ODbL.",
  "timestamp": "2026-08-03T05:14:36Z",
  "features": [
    {
      "type": "Feature",
      "properties": {
        "@id": "way/463589429",
        "highway": "footway"
      },
      "geometry": {
        "type": "LineString",
        "coordinates": [
          [
            139.1071391,
            35.9817664
          ],
          [
            139.1069544,
            35.981669
          ]
        ]
      },
      "id": "way/463589429"
    },
    {
      "type": "Feature",
      "properties": {
        "@id": "way/475809808",
        "highway": "footway"
      },
      "geometry": {
        "type": "LineString",
        "coordinates": [
          [
            139.090569,
            35.9890825
          ],
          [
            139.090632,
            35.9890109
          ],
          [
            139.0907165,
            35.9889588
          ],
          [
            139.0908412,
            35.988809
          ],
          [
            139.0908321,
            35.9887724
          ],
          [
            139.0906504,
            35.9886905
          ],
          [
            139.09055,
            35.9886613
          ],
          [
            139.0905309,
            35.9886578
          ],
          [
            139.0905158,
            35.9886678
          ],
          [
            139.0904987,
            35.9886933
          ],
          [
            139.0904491,
            35.9887552
          ],
          [
            139.0903291,
            35.9888897
          ],
          [
            139.0903029,
            35.9889451
          ],
          [
            139.0903016,
            35.9889988
          ],
          [
            139.0903619,
            35.9890465
          ],
          [
            139.0905027,
            35.9890932
          ],
          [
            139.090569,
            35.9890825
          ]
        ]
      },
      "id": "way/475809808"
    },
    {
      "type": "Feature",
      "properties": {
        "@id": "way/482459520",
        "foot": "yes",
        "highway": "footway",
        "lit": "yes",
        "tunnel": "yes"
      },
      "geometry": {
        "type": "LineString",
        "coordinates": [
          [
            139.0979544,
            35.9852779
          ],
          [
            139.0974774,
            35.9850304
          ]
        ]
      },
      "id": "way/482459520"
    },
    {
      "type": "Feature",
      "properties": {
        "@id": "way/482459522",
        "foot": "yes",
        "highway": "footway"
      },
      "geometry": {
        "type": "LineString",
        "coordinates": [
          [
            139.0974774,
            35.9850304
          ],
          [
            139.097338,
            35.9849985
          ],
          [
            139.0972993,
            35.9848355
          ]
        ]
      },
      "id": "way/482459522"
    },
    {
      "type": "Feature",
      "properties": {
        "@id": "way/671966632",
        "highway": "footway"
      },
      "geometry": {
        "type": "LineString",
        "coordinates": [
          [
            139.0994204,
            35.9860346
          ],
          [
            139.0994731,
            35.9859476
          ],
          [
            139.0994993,
            35.9859172
          ],
          [
            139.0995134,
            35.9858921
          ],
          [
            139.0995128,
            35.9858698
          ],
          [
            139.0995043,
            35.98585
          ],
          [
            139.0995099,
            35.9858312
          ],
          [
            139.0995281,
            35.9857997
          ],
          [
            139.0995803,
            35.9857534
          ],
          [
            139.0996625,
            35.9856866
          ]
        ]
      },
      "id": "way/671966632"
    },
    {
      "type": "Feature",
      "properties": {
        "@id": "way/686291846",
        "highway": "footway"
      },
      "geometry": {
        "type": "LineString",
        "coordinates": [
          [
            139.1314172,
            35.9765005
          ],
          [
            139.1314517,
            35.9765545
          ],
          [
            139.1314391,
            35.9766756
          ],
          [
            139.1314576,
            35.97675
          ],
          [
            139.1317961,
            35.9770933
          ],
          [
            139.1318886,
            35.9771823
          ],
          [
            139.1320844,
            35.9772409
          ],
          [
            139.1323533,
            35.9772787
          ],
          [
            139.1326611,
            35.9772647
          ],
          [
            139.1328917,
            35.9771649
          ],
          [
            139.1330849,
            35.9770086
          ],
          [
            139.1331519,
            35.9768502
          ],
          [
            139.1332619,
            35.9766678
          ],
          [
            139.1334536,
            35.9765328
          ],
          [
            139.1336432,
            35.976508
          ],
          [
            139.1338288,
            35.9765008
          ],
          [
            139.1339537,
            35.9765115
          ],
          [
            139.1343019,
            35.9765872
          ],
          [
            139.1343649,
            35.9766047
          ],
          [
            139.134434,
            35.9766308
          ],
          [
            139.1348199,
            35.9768131
          ]
        ]
      },
      "id": "way/686291846"
    },
    {
      "type": "Feature",
      "properties": {
        "@id": "way/687507576",
        "highway": "footway"
      },
      "geometry": {
        "type": "LineString",
        "coordinates": [
          [
            139.1368799,
            35.9772544
          ],
          [
            139.1370195,
            35.977265
          ]
        ]
      },
      "id": "way/687507576"
    },
    {
      "type": "Feature",
      "properties": {
        "@id": "way/687507577",
        "highway": "footway",
        "source": "YahooJapan/ALPSMAP"
      },
      "geometry": {
        "type": "LineString",
        "coordinates": [
          [
            139.1370195,
            35.977265
          ],
          [
            139.1371117,
            35.977291
          ]
        ]
      },
      "id": "way/687507577"
    },
    {
      "type": "Feature",
      "properties": {
        "@id": "way/693435714",
        "bridge": "yes",
        "highway": "footway",
        "layer": "1"
      },
      "geometry": {
        "type": "LineString",
        "coordinates": [
          [
            139.1004295,
            35.9881302
          ],
          [
            139.1002936,
            35.9878993
          ]
        ]
      },
      "id": "way/693435714"
    },
    {
      "type": "Feature",
      "properties": {
        "@id": "way/698467715",
        "highway": "footway"
      },
      "geometry": {
        "type": "LineString",
        "coordinates": [
          [
            139.1149302,
            35.9812305
          ],
          [
            139.1150257,
            35.9811731
          ],
          [
            139.115189,
            35.9810659
          ],
          [
            139.1151828,
            35.9810186
          ],
          [
            139.1150935,
            35.9809837
          ],
          [
            139.1150688,
            35.9809163
          ],
          [
            139.1151274,
            35.9808191
          ],
          [
            139.1151551,
            35.9807692
          ],
          [
            139.1150103,
            35.9808366
          ],
          [
            139.1149856,
            35.9807917
          ],
          [
            139.114656,
            35.980849
          ],
          [
            139.1145943,
            35.9808316
          ],
          [
            139.1144619,
            35.9807418
          ],
          [
            139.11405,
            35.9805008
          ]
        ]
      },
      "id": "way/698467715"
    },
    {
      "type": "Feature",
      "properties": {
        "@id": "way/698468366",
        "highway": "footway"
      },
      "geometry": {
        "type": "LineString",
        "coordinates": [
          [
            139.115634,
            35.980994
          ],
          [
            139.1156293,
            35.980892
          ],
          [
            139.11569,
            35.9808051
          ],
          [
            139.1157974,
            35.9806917
          ],
          [
            139.1157787,
            35.9805632
          ],
          [
            139.115786,
            35.9802916
          ],
          [
            139.1155392,
            35.9802319
          ]
        ]
      },
      "id": "way/698468366"
    },
    {
      "type": "Feature",
      "properties": {
        "@id": "way/698468409",
        "highway": "footway"
      },
      "geometry": {
        "type": "LineString",
        "coordinates": [
          [
            139.1051707,
            35.9874628
          ],
          [
            139.1051196,
            35.9875079
          ],
          [
            139.1050757,
            35.9875392
          ],
          [
            139.1049011,
            35.987624
          ],
          [
            139.1047207,
            35.9877294
          ],
          [
            139.1046027,
            35.9878228
          ]
        ]
      },
      "id": "way/698468409"
    },
    {
      "type": "Feature",
      "properties": {
        "@id": "way/698468445",
        "highway": "footway"
      },
      "geometry": {
        "type": "LineString",
        "coordinates": [
          [
            139.1157974,
            35.9806917
          ],
          [
            139.1157347,
            35.9806917
          ],
          [
            139.1156994,
            35.9806917
          ],
          [
            139.1155593,
            35.9806086
          ],
          [
            139.1154677,
            35.9805344
          ],
          [
            139.1154285,
            35.9805027
          ],
          [
            139.1153024,
            35.9804196
          ],
          [
            139.115209,
            35.9804309
          ],
          [
            139.1151623,
            35.9803705
          ]
        ]
      },
      "id": "way/698468445"
    },
    {
      "type": "Feature",
      "properties": {
        "@id": "way/698468509",
        "highway": "footway"
      },
      "geometry": {
        "type": "LineString",
        "coordinates": [
          [
            139.1153566,
            35.980962
          ],
          [
            139.1153892,
            35.9808436
          ],
          [
            139.1154342,
            35.9807989
          ],
          [
            139.1154786,
            35.9807548
          ],
          [
            139.1157347,
            35.9806917
          ]
        ]
      },
      "id": "way/698468509"
    },
    {
      "type": "Feature",
      "properties": {
        "@id": "way/698468561",
        "highway": "footway"
      },
      "geometry": {
        "type": "LineString",
        "coordinates": [
          [
            139.1154342,
            35.9807989
          ],
          [
            139.1153969,
            35.9807488
          ],
          [
            139.1152644,
            35.9807339
          ],
          [
            139.1151551,
            35.9807692
          ]
        ]
      },
      "id": "way/698468561"
    },
    {
      "type": "Feature",
      "properties": {
        "@id": "way/698468605",
        "highway": "footway"
      },
      "geometry": {
        "type": "LineString",
        "coordinates": [
          [
            139.1154786,
            35.9807548
          ],
          [
            139.1154184,
            35.9805593
          ],
          [
            139.1154677,
            35.9805344
          ]
        ]
      },
      "id": "way/698468605"
    },
    {
      "type": "Feature",
      "properties": {
        "@id": "way/698476052",
        "highway": "footway"
      },
      "geometry": {
        "type": "LineString",
        "coordinates": [
          [
            139.1006289,
            36.0009948
          ],
          [
            139.1006021,
            36.0009611
          ],
          [
            139.1005798,
            36.0009249
          ],
          [
            139.1005555,
            36.0008919
          ],
          [
            139.1005343,
            36.0008576
          ],
          [
            139.1004937,
            36.0007947
          ],
          [
            139.1004729,
            36.0007606
          ],
          [
            139.100445,
            36.0007159
          ],
          [
            139.1004113,
            36.000658
          ],
          [
            139.1003878,
            36.0006003
          ],
          [
            139.1003623,
            36.0005426
          ],
          [
            139.1003004,
            36.0004553
          ],
          [
            139.1002678,
            36.0003977
          ],
          [
            139.1002386,
            36.0003505
          ],
          [
            139.1001965,
            36.0002995
          ],
          [
            139.1001452,
            36.0002428
          ],
          [
            139.1000915,
            36.0001937
          ],
          [
            139.0999595,
            36.000078
          ]
        ]
      },
      "id": "way/698476052"
    },
    {
      "type": "Feature",
      "properties": {
        "@id": "way/698479830",
        "highway": "footway"
      },
      "geometry": {
        "type": "LineString",
        "coordinates": [
          [
            139.0987828,
            35.9842064
          ],
          [
            139.0992341,
            35.9841145
          ],
          [
            139.0994173,
            35.9841112
          ],
          [
            139.0996772,
            35.9841053
          ],
          [
            139.0997079,
            35.9841344
          ],
          [
            139.0997127,
            35.9842113
          ],
          [
            139.0998544,
            35.984256
          ],
          [
            139.0999295,
            35.9842877
          ],
          [
            139.0999363,
            35.9843283
          ],
          [
            139.0999189,
            35.984391
          ],
          [
            139.0999183,
            35.9844375
          ]
        ]
      },
      "id": "way/698479830"
    },
    {
      "type": "Feature",
      "properties": {
        "@id": "way/698528920",
        "footway": "sidewalk",
        "highway": "footway"
      },
      "geometry": {
        "type": "LineString",
        "coordinates": [
          [
            139.1098697,
            35.9790059
          ],
          [
            139.109941,
            35.9789634
          ]
        ]
      },
      "id": "way/698528920"
    },
    {
      "type": "Feature",
      "properties": {
        "@id": "way/698528921",
        "crossing": "marked",
        "footway": "crossing",
        "highway": "footway"
      },
      "geometry": {
        "type": "LineString",
        "coordinates": [
          [
            139.1097934,
            35.9789452
          ],
          [
            139.1098246,
            35.9789735
          ],
          [
            139.1098697,
            35.9790059
          ]
        ]
      },
      "id": "way/698528921"
    },
    {
      "type": "Feature",
      "properties": {
        "@id": "way/698552925",
        "highway": "footway"
      },
      "geometry": {
        "type": "LineString",
        "coordinates": [
          [
            139.1000536,
            35.9901011
          ],
          [
            139.1000471,
            35.989962
          ],
          [
            139.1000174,
            35.9898545
          ],
          [
            139.0997499,
            35.9893672
          ]
        ]
      },
      "id": "way/698552925"
    },
    {
      "type": "Feature",
      "properties": {
        "@id": "way/699131646",
        "highway": "footway"
      },
      "geometry": {
        "type": "LineString",
        "coordinates": [
          [
            139.1060026,
            35.9875969
          ],
          [
            139.1059094,
            35.9876614
          ]
        ]
      },
      "id": "way/699131646"
    },
    {
      "type": "Feature",
      "properties": {
        "@id": "way/699131647",
        "highway": "footway"
      },
      "geometry": {
        "type": "LineString",
        "coordinates": [
          [
            139.1057016,
            35.9874849
          ],
          [
            139.1054855,
            35.9874648
          ]
        ]
      },
      "id": "way/699131647"
    },
    {
      "type": "Feature",
      "properties": {
        "@id": "way/699131648",
        "bridge": "yes",
        "highway": "footway",
        "layer": "1"
      },
      "geometry": {
        "type": "LineString",
        "coordinates": [
          [
            139.1059094,
            35.9876614
          ],
          [
            139.1057016,
            35.9874849
          ]
        ]
      },
      "id": "way/699131648"
    },
    {
      "type": "Feature",
      "properties": {
        "@id": "way/699132639",
        "highway": "footway"
      },
      "geometry": {
        "type": "LineString",
        "coordinates": [
          [
            139.1053367,
            35.9874849
          ],
          [
            139.1053434,
            35.9874691
          ]
        ]
      },
      "id": "way/699132639"
    },
    {
      "type": "Feature",
      "properties": {
        "@id": "way/699132640",
        "highway": "footway"
      },
      "geometry": {
        "type": "LineString",
        "coordinates": [
          [
            139.105788,
            35.9877088
          ],
          [
            139.1059094,
            35.9876614
          ]
        ]
      },
      "id": "way/699132640"
    },
    {
      "type": "Feature",
      "properties": {
        "@id": "way/699132646",
        "highway": "footway"
      },
      "geometry": {
        "type": "LineString",
        "coordinates": [
          [
            139.1053399,
            35.9875054
          ],
          [
            139.1052157,
            35.9875482
          ],
          [
            139.1050722,
            35.9875873
          ],
          [
            139.1049482,
            35.9876498
          ],
          [
            139.1047735,
            35.9877779
          ],
          [
            139.1046398,
            35.9878778
          ],
          [
            139.1045513,
            35.987996
          ],
          [
            139.1045184,
            35.9880376
          ],
          [
            139.1045225,
            35.987981
          ],
          [
            139.1045369,
            35.987931
          ],
          [
            139.1045801,
            35.9878561
          ],
          [
            139.1046027,
            35.9878228
          ]
        ]
      },
      "id": "way/699132646"
    },
    {
      "type": "Feature",
      "properties": {
        "@id": "way/699133070",
        "highway": "footway"
      },
      "geometry": {
        "type": "LineString",
        "coordinates": [
          [
            139.1080124,
            35.9838176
          ],
          [
            139.1080645,
            35.9838068
          ],
          [
            139.1081653,
            35.9837911
          ],
          [
            139.1081773,
            35.9838299
          ],
          [
            139.1082095,
            35.9838289
          ],
          [
            139.1083317,
            35.9838255
          ]
        ]
      },
      "id": "way/699133070"
    },
    {
      "type": "Feature",
      "properties": {
        "@id": "way/699133071",
        "highway": "footway"
      },
      "geometry": {
        "type": "LineString",
        "coordinates": [
          [
            139.1082371,
            35.9839424
          ],
          [
            139.1082095,
            35.9838289
          ]
        ]
      },
      "id": "way/699133071"
    },
    {
      "type": "Feature",
      "properties": {
        "@id": "way/699133073",
        "highway": "footway"
      },
      "geometry": {
        "type": "LineString",
        "coordinates": [
          [
            139.1080318,
            35.983929
          ],
          [
            139.1080645,
            35.9838068
          ]
        ]
      },
      "id": "way/699133073"
    },
    {
      "type": "Feature",
      "properties": {
        "@id": "way/699137954",
        "highway": "footway"
      },
      "geometry": {
        "type": "LineString",
        "coordinates": [
          [
            139.1072853,
            35.9820737
          ],
          [
            139.1072893,
            35.9820622
          ],
          [
            139.1072735,
            35.9820528
          ],
          [
            139.1072589,
            35.9820449
          ],
          [
            139.107239,
            35.982037
          ],
          [
            139.1072185,
            35.982026
          ],
          [
            139.1072052,
            35.9820135
          ],
          [
            139.1071943,
            35.9820009
          ],
          [
            139.1071822,
            35.9819863
          ],
          [
            139.1071742,
            35.9819685
          ],
          [
            139.1071692,
            35.9819508
          ],
          [
            139.1071656,
            35.9819268
          ],
          [
            139.1071644,
            35.9819059
          ],
          [
            139.1071768,
            35.9818568
          ]
        ]
      },
      "id": "way/699137954"
    },
    {
      "type": "Feature",
      "properties": {
        "@id": "way/699322088",
        "highway": "footway"
      },
      "geometry": {
        "type": "LineString",
        "coordinates": [
          [
            139.1069417,
            35.9816626
          ],
          [
            139.1068263,
            35.9816465
          ],
          [
            139.1067727,
            35.9817255
          ],
          [
            139.1067786,
            35.9817801
          ],
          [
            139.1068058,
            35.9818318
          ],
          [
            139.1068715,
            35.9818755
          ],
          [
            139.1069231,
            35.9819285
          ],
          [
            139.1069622,
            35.9819929
          ],
          [
            139.1070106,
            35.9821009
          ]
        ]
      },
      "id": "way/699322088"
    },
    {
      "type": "Feature",
      "properties": {
        "@id": "way/699364467",
        "bicycle": "yes",
        "foot": "yes",
        "highway": "footway",
        "motor_vehicle": "yes"
      },
      "geometry": {
        "type": "LineString",
        "coordinates": [
          [
            139.1062014,
            35.9841526
          ],
          [
            139.1062602,
            35.9841782
          ],
          [
            139.1062732,
            35.9842316
          ],
          [
            139.1062762,
            35.9843157
          ],
          [
            139.1062658,
            35.9843709
          ],
          [
            139.1062535,
            35.9844269
          ],
          [
            139.1062527,
            35.984449
          ],
          [
            139.1062752,
            35.9844502
          ],
          [
            139.1062972,
            35.9844295
          ],
          [
            139.1063071,
            35.9844055
          ],
          [
            139.106325,
            35.9843738
          ],
          [
            139.1063446,
            35.9843392
          ],
          [
            139.1063749,
            35.9843095
          ],
          [
            139.1064154,
            35.9842877
          ],
          [
            139.1064348,
            35.9842905
          ]
        ]
      },
      "id": "way/699364467"
    },
    {
      "type": "Feature",
      "properties": {
        "@id": "way/699393375",
        "highway": "footway"
      },
      "geometry": {
        "type": "LineString",
        "coordinates": [
          [
            139.1094317,
            35.9833215
          ],
          [
            139.1093065,
            35.9833367
          ],
          [
            139.109056,
            35.9833733
          ],
          [
            139.1089414,
            35.9833886
          ],
          [
            139.1086823,
            35.9834142
          ],
          [
            139.1084104,
            35.9834425
          ],
          [
            139.1083095,
            35.9834529
          ],
          [
            139.1082215,
            35.9834564
          ],
          [
            139.1081411,
            35.9834536
          ],
          [
            139.1080555,
            35.9834452
          ],
          [
            139.1079376,
            35.9834294
          ],
          [
            139.1077564,
            35.9834024
          ],
          [
            139.1076341,
            35.9833872
          ],
          [
            139.1075879,
            35.9833851
          ],
          [
            139.1075631,
            35.9833872
          ]
        ]
      },
      "id": "way/699393375"
    },
    {
      "type": "Feature",
      "properties": {
        "@id": "way/699840001",
        "highway": "footway"
      },
      "geometry": {
        "type": "LineString",
        "coordinates": [
          [
            139.1057202,
            35.9895924
          ],
          [
            139.1058617,
            35.9897749
          ],
          [
            139.1058491,
            35.9898946
          ],
          [
            139.1058728,
            35.9900993
          ],
          [
            139.1057838,
            35.9902216
          ],
          [
            139.1058044,
            35.990352
          ],
          [
            139.1057392,
            35.9905346
          ],
          [
            139.1055552,
            35.9907652
          ],
          [
            139.1056013,
            35.9908781
          ]
        ]
      },
      "id": "way/699840001"
    },
    {
      "type": "Feature",
      "properties": {
        "@id": "way/709173932",
        "highway": "footway"
      },
      "geometry": {
        "type": "LineString",
        "coordinates": [
          [
            139.0991292,
            35.9886573
          ],
          [
            139.0993717,
            35.9884925
          ],
          [
            139.0994497,
            35.9884522
          ]
        ]
      },
      "id": "way/709173932"
    },
    {
      "type": "Feature",
      "properties": {
        "@id": "way/709173934",
        "barrier": "kerb",
        "footway": "sidewalk",
        "highway": "footway"
      },
      "geometry": {
        "type": "LineString",
        "coordinates": [
          [
            139.0988098,
            35.9886797
          ],
          [
            139.0994453,
            35.9884389
          ],
          [
            139.0996994,
            35.9883359
          ]
        ]
      },
      "id": "way/709173934"
    },
    {
      "type": "Feature",
      "properties": {
        "@id": "way/709173936",
        "crossing": "marked",
        "crossing:markings": "yes",
        "footway": "crossing",
        "highway": "footway"
      },
      "geometry": {
        "type": "LineString",
        "coordinates": [
          [
            139.0997256,
            35.9883253
          ],
          [
            139.0996962,
            35.9882773
          ],
          [
            139.0996503,
            35.9881988
          ]
        ]
      },
      "id": "way/709173936"
    },
    {
      "type": "Feature",
      "properties": {
        "@id": "way/709173937",
        "crossing": "marked",
        "footway": "crossing",
        "highway": "footway"
      },
      "geometry": {
        "type": "LineString",
        "coordinates": [
          [
            139.0998156,
            35.9882909
          ],
          [
            139.0998585,
            35.9882735
          ],
          [
            139.0998973,
            35.9882578
          ]
        ]
      },
      "id": "way/709173937"
    },
    {
      "type": "Feature",
      "properties": {
        "@id": "way/709173938",
        "crossing": "marked",
        "footway": "crossing",
        "highway": "footway"
      },
      "geometry": {
        "type": "LineString",
        "coordinates": [
          [
            139.0999811,
            35.988228
          ],
          [
            139.0999555,
            35.9881802
          ],
          [
            139.0999272,
            35.9881272
          ],
          [
            139.099901,
            35.9881001
          ]
        ]
      },
      "id": "way/709173938"
    },
    {
      "type": "Feature",
      "properties": {
        "@id": "way/709173939",
        "barrier": "kerb",
        "footway": "sidewalk",
        "highway": "footway"
      },
      "geometry": {
        "type": "LineString",
        "coordinates": [
          [
            139.0998973,
            35.9882578
          ],
          [
            139.0999811,
            35.988228
          ],
          [
            139.1002163,
            35.9881336
          ],
          [
            139.1003499,
            35.9880844
          ],
          [
            139.1004576,
            35.9880344
          ],
          [
            139.1005263,
            35.9879965
          ],
          [
            139.1005991,
            35.9879522
          ],
          [
            139.1006928,
            35.987878
          ],
          [
            139.1007327,
            35.9878425
          ],
          [
            139.1007686,
            35.9878086
          ],
          [
            139.1008177,
            35.9877597
          ]
        ]
      },
      "id": "way/709173939"
    },
    {
      "type": "Feature",
      "properties": {
        "@id": "way/709173940",
        "crossing": "marked",
        "crossing:markings": "yes",
        "footway": "crossing",
        "highway": "footway"
      },
      "geometry": {
        "type": "LineString",
        "coordinates": [
          [
            139.0997004,
            35.9881324
          ],
          [
            139.0997824,
            35.9881088
          ],
          [
            139.0998681,
            35.9880771
          ]
        ]
      },
      "id": "way/709173940"
    },
    {
      "type": "Feature",
      "properties": {
        "@id": "way/709173941",
        "barrier": "kerb",
        "footway": "sidewalk",
        "highway": "footway"
      },
      "geometry": {
        "type": "LineString",
        "coordinates": [
          [
            139.0999213,
            35.9881062
          ],
          [
            139.0999482,
            35.988107
          ],
          [
            139.0999751,
            35.988107
          ],
          [
            139.1000239,
            35.9880901
          ],
          [
            139.1002143,
            35.9880135
          ],
          [
            139.100305,
            35.987978
          ],
          [
            139.1004047,
            35.9879304
          ],
          [
            139.1004745,
            35.98789
          ],
          [
            139.1005373,
            35.9878505
          ],
          [
            139.1005822,
            35.9878191
          ],
          [
            139.100632,
            35.9877779
          ],
          [
            139.1006878,
            35.9877247
          ],
          [
            139.1007277,
            35.9876763
          ],
          [
            139.1007666,
            35.9876215
          ],
          [
            139.1007686,
            35.9875916
          ],
          [
            139.1007516,
            35.9875513
          ]
        ]
      },
      "id": "way/709173941"
    },
    {
      "type": "Feature",
      "properties": {
        "@id": "way/778686971",
        "highway": "footway",
        "surface": "unpaved",
        "width": "1"
      },
      "geometry": {
        "type": "LineString",
        "coordinates": [
          [
            139.1333492,
            35.9819598
          ],
          [
            139.1333114,
            35.9822231
          ],
          [
            139.1337292,
            35.9825091
          ],
          [
            139.1340666,
            35.9827215
          ],
          [
            139.1339166,
            35.9831246
          ],
          [
            139.1341362,
            35.9831939
          ],
          [
            139.1342273,
            35.983285
          ],
          [
            139.1342623,
            35.9833835
          ],
          [
            139.1344249,
            35.9834637
          ],
          [
            139.1345774,
            35.9837167
          ],
          [
            139.1346282,
            35.9838441
          ]
        ]
      },
      "id": "way/778686971"
    },
    {
      "type": "Feature",
      "properties": {
        "@id": "way/834300245",
        "bridge": "yes",
        "footway": "sidewalk",
        "highway": "footway",
        "layer": "1"
      },
      "geometry": {
        "type": "LineString",
        "coordinates": [
          [
            139.109941,
            35.9789634
          ],
          [
            139.1108154,
            35.9781588
          ]
        ]
      },
      "id": "way/834300245"
    },
    {
      "type": "Feature",
      "properties": {
        "@id": "way/834300246",
        "footway": "sidewalk",
        "highway": "footway"
      },
      "geometry": {
        "type": "LineString",
        "coordinates": [
          [
            139.1108154,
            35.9781588
          ],
          [
            139.1108298,
            35.9781463
          ],
          [
            139.110799,
            35.9781144
          ]
        ]
      },
      "id": "way/834300246"
    },
    {
      "type": "Feature",
      "properties": {
        "@id": "way/835687098",
        "highway": "footway"
      },
      "geometry": {
        "type": "LineString",
        "coordinates": [
          [
            139.1071742,
            35.9819685
          ],
          [
            139.1072092,
            35.9819535
          ]
        ]
      },
      "id": "way/835687098"
    },
    {
      "type": "Feature",
      "properties": {
        "@id": "way/835687099",
        "highway": "footway"
      },
      "geometry": {
        "type": "LineString",
        "coordinates": [
          [
            139.1071265,
            35.9819854
          ],
          [
            139.1071268,
            35.9820166
          ],
          [
            139.1071273,
            35.9820318
          ],
          [
            139.1071277,
            35.9820454
          ],
          [
            139.1071597,
            35.9820982
          ]
        ]
      },
      "id": "way/835687099"
    },
    {
      "type": "Feature",
      "properties": {
        "@id": "way/835687100",
        "highway": "footway"
      },
      "geometry": {
        "type": "LineString",
        "coordinates": [
          [
            139.1071273,
            35.9820318
          ],
          [
            139.1070538,
            35.9820464
          ],
          [
            139.1070442,
            35.9820294
          ],
          [
            139.1071268,
            35.9820166
          ]
        ]
      },
      "id": "way/835687100"
    },
    {
      "type": "Feature",
      "properties": {
        "@id": "way/835687102",
        "footway": "sidewalk",
        "highway": "footway"
      },
      "geometry": {
        "type": "LineString",
        "coordinates": [
          [
            139.1083492,
            35.9805925
          ],
          [
            139.1083434,
            35.9805213
          ],
          [
            139.1083434,
            35.9804779
          ],
          [
            139.1083693,
            35.9803946
          ],
          [
            139.1084941,
            35.9801727
          ],
          [
            139.1086755,
            35.9799564
          ],
          [
            139.1087802,
            35.9798258
          ],
          [
            139.108874,
            35.9797169
          ],
          [
            139.1089364,
            35.9796522
          ],
          [
            139.1090932,
            35.9795174
          ],
          [
            139.1092644,
            35.9793707
          ],
          [
            139.1094236,
            35.9792374
          ],
          [
            139.1094749,
            35.9791945
          ],
          [
            139.1095246,
            35.9791544
          ],
          [
            139.1095451,
            35.9791342
          ],
          [
            139.1095582,
            35.9791107
          ],
          [
            139.1095582,
            35.9790902
          ],
          [
            139.1095598,
            35.9790572
          ],
          [
            139.1095446,
            35.9790131
          ],
          [
            139.1095132,
            35.9789698
          ],
          [
            139.1094656,
            35.9789136
          ],
          [
            139.1090308,
            35.9785181
          ],
          [
            139.1089123,
            35.9784136
          ]
        ]
      },
      "id": "way/835687102"
    },
    {
      "type": "Feature",
      "properties": {
        "@id": "way/835687103",
        "footway": "sidewalk",
        "highway": "footway"
      },
      "geometry": {
        "type": "LineString",
        "coordinates": [
          [
            139.1098697,
            35.9790059
          ],
          [
            139.1097854,
            35.9790824
          ],
          [
            139.1096304,
            35.9792137
          ],
          [
            139.1092835,
            35.9795075
          ],
          [
            139.1089883,
            35.9797551
          ],
          [
            139.1089146,
            35.9798258
          ],
          [
            139.1088072,
            35.9799445
          ],
          [
            139.1087363,
            35.9800363
          ],
          [
            139.1086378,
            35.9801525
          ],
          [
            139.1086221,
            35.9801708
          ],
          [
            139.1086234,
            35.9801865
          ],
          [
            139.1086334,
            35.9801998
          ],
          [
            139.1086438,
            35.9802083
          ],
          [
            139.1086697,
            35.9802161
          ],
          [
            139.1087004,
            35.9802163
          ],
          [
            139.1088197,
            35.9801761
          ]
        ]
      },
      "id": "way/835687103"
    },
    {
      "type": "Feature",
      "properties": {
        "@id": "way/835687104",
        "footway": "sidewalk",
        "highway": "footway"
      },
      "geometry": {
        "type": "LineString",
        "coordinates": [
          [
            139.1085166,
            35.980948
          ],
          [
            139.1085194,
            35.9809664
          ],
          [
            139.1085269,
            35.9810132
          ],
          [
            139.1085355,
            35.9810572
          ],
          [
            139.1085533,
            35.9812133
          ],
          [
            139.1085632,
            35.9813345
          ],
          [
            139.1085603,
            35.9814092
          ],
          [
            139.1085562,
            35.9814529
          ],
          [
            139.1085479,
            35.9815071
          ],
          [
            139.1085269,
            35.9816147
          ],
          [
            139.108506,
            35.981704
          ],
          [
            139.1084817,
            35.9817774
          ],
          [
            139.1084371,
            35.9818784
          ],
          [
            139.1083902,
            35.9819763
          ],
          [
            139.1083207,
            35.9820899
          ],
          [
            139.1081786,
            35.982321
          ],
          [
            139.108148,
            35.9823663
          ],
          [
            139.107994,
            35.9826045
          ],
          [
            139.1079133,
            35.9827313
          ]
        ]
      },
      "id": "way/835687104"
    },
    {
      "type": "Feature",
      "properties": {
        "@id": "way/835687105",
        "crossing": "marked",
        "footway": "crossing",
        "highway": "footway"
      },
      "geometry": {
        "type": "LineString",
        "coordinates": [
          [
            139.107604,
            35.9832595
          ],
          [
            139.1075525,
            35.983236
          ],
          [
            139.1075149,
            35.983221
          ]
        ]
      },
      "id": "way/835687105"
    },
    {
      "type": "Feature",
      "properties": {
        "@id": "way/835687106",
        "crossing": "marked",
        "footway": "crossing",
        "highway": "footway"
      },
      "geometry": {
        "type": "LineString",
        "coordinates": [
          [
            139.1075631,
            35.9833872
          ],
          [
            139.1075883,
            35.9833309
          ],
          [
            139.1076077,
            35.9832808
          ]
        ]
      },
      "id": "way/835687106"
    },
    {
      "type": "Feature",
      "properties": {
        "@id": "way/835687107",
        "crossing": "marked",
        "footway": "crossing",
        "highway": "footway"
      },
      "geometry": {
        "type": "LineString",
        "coordinates": [
          [
            139.1074436,
            35.983304
          ],
          [
            139.1074653,
            35.9832686
          ],
          [
            139.1074892,
            35.9832351
          ]
        ]
      },
      "id": "way/835687107"
    },
    {
      "type": "Feature",
      "properties": {
        "@id": "way/835687108",
        "crossing": "marked",
        "footway": "crossing",
        "highway": "footway"
      },
      "geometry": {
        "type": "LineString",
        "coordinates": [
          [
            139.1075218,
            35.9833982
          ],
          [
            139.1074633,
            35.983373
          ],
          [
            139.1074332,
            35.98336
          ]
        ]
      },
      "id": "way/835687108"
    },
    {
      "type": "Feature",
      "properties": {
        "@id": "way/835687109",
        "footway": "sidewalk",
        "highway": "footway"
      },
      "geometry": {
        "type": "LineString",
        "coordinates": [
          [
            139.1076077,
            35.9832808
          ],
          [
            139.107604,
            35.9832595
          ],
          [
            139.1076086,
            35.983231
          ]
        ]
      },
      "id": "way/835687109"
    },
    {
      "type": "Feature",
      "properties": {
        "@id": "way/835687110",
        "footway": "sidewalk",
        "highway": "footway"
      },
      "geometry": {
        "type": "LineString",
        "coordinates": [
          [
            139.1075149,
            35.983221
          ],
          [
            139.1075011,
            35.983216
          ]
        ]
      },
      "id": "way/835687110"
    },
    {
      "type": "Feature",
      "properties": {
        "@id": "way/835687111",
        "footway": "sidewalk",
        "highway": "footway"
      },
      "geometry": {
        "type": "LineString",
        "coordinates": [
          [
            139.1074436,
            35.983304
          ],
          [
            139.1074156,
            35.983351
          ],
          [
            139.1074332,
            35.98336
          ]
        ]
      },
      "id": "way/835687111"
    },
    {
      "type": "Feature",
      "properties": {
        "@id": "way/835687112",
        "footway": "sidewalk",
        "highway": "footway"
      },
      "geometry": {
        "type": "LineString",
        "coordinates": [
          [
            139.1075218,
            35.9833982
          ],
          [
            139.1075631,
            35.9833872
          ]
        ]
      },
      "id": "way/835687112"
    },
    {
      "type": "Feature",
      "properties": {
        "@id": "way/835687113",
        "footway": "sidewalk",
        "highway": "footway"
      },
      "geometry": {
        "type": "LineString",
        "coordinates": [
          [
            139.1074156,
            35.983351
          ],
          [
            139.1073494,
            35.9834646
          ],
          [
            139.1072756,
            35.9835502
          ],
          [
            139.1072119,
            35.9836026
          ],
          [
            139.1071092,
            35.9836667
          ],
          [
            139.1070805,
            35.9836911
          ],
          [
            139.1070525,
            35.9837438
          ],
          [
            139.1070272,
            35.9837514
          ]
        ]
      },
      "id": "way/835687113"
    },
    {
      "type": "Feature",
      "properties": {
        "@id": "way/835687114",
        "highway": "footway"
      },
      "geometry": {
        "type": "LineString",
        "coordinates": [
          [
            139.1066269,
            35.9837178
          ],
          [
            139.1066574,
            35.9836832
          ],
          [
            139.1067132,
            35.9836488
          ],
          [
            139.1067704,
            35.9835945
          ],
          [
            139.1067939,
            35.9835425
          ],
          [
            139.1068462,
            35.9834105
          ],
          [
            139.1068775,
            35.9833356
          ],
          [
            139.1069215,
            35.9832379
          ],
          [
            139.107004,
            35.9829199
          ],
          [
            139.1069956,
            35.9826938
          ],
          [
            139.1069281,
            35.9824086
          ],
          [
            139.1068698,
            35.9822612
          ],
          [
            139.1068147,
            35.982108
          ]
        ]
      },
      "id": "way/835687114"
    },
    {
      "type": "Feature",
      "properties": {
        "@id": "way/835690276",
        "highway": "footway"
      },
      "geometry": {
        "type": "LineString",
        "coordinates": [
          [
            139.1079431,
            35.9837113
          ],
          [
            139.1079129,
            35.9836803
          ],
          [
            139.1078448,
            35.9836555
          ],
          [
            139.1078394,
            35.9836547
          ],
          [
            139.1078079,
            35.98365
          ],
          [
            139.1077948,
            35.983648
          ],
          [
            139.1077698,
            35.9836414
          ],
          [
            139.1077093,
            35.9836254
          ],
          [
            139.1077311,
            35.9835609
          ],
          [
            139.107718,
            35.9835561
          ]
        ]
      },
      "id": "way/835690276"
    },
    {
      "type": "Feature",
      "properties": {
        "@id": "way/835690277",
        "highway": "footway"
      },
      "geometry": {
        "type": "LineString",
        "coordinates": [
          [
            139.1076863,
            35.9838019
          ],
          [
            139.1076384,
            35.9837987
          ],
          [
            139.1076063,
            35.9837967
          ],
          [
            139.107596,
            35.9837961
          ],
          [
            139.1075559,
            35.9837907
          ],
          [
            139.1075341,
            35.9837839
          ],
          [
            139.107523,
            35.9837732
          ],
          [
            139.1075092,
            35.9837643
          ],
          [
            139.1074956,
            35.9837607
          ],
          [
            139.1074849,
            35.9837599
          ],
          [
            139.1074766,
            35.9837593
          ],
          [
            139.1074667,
            35.9837969
          ]
        ]
      },
      "id": "way/835690277"
    },
    {
      "type": "Feature",
      "properties": {
        "@id": "way/835690278",
        "highway": "footway"
      },
      "geometry": {
        "type": "LineString",
        "coordinates": [
          [
            139.1074849,
            35.9837599
          ],
          [
            139.1074902,
            35.9837347
          ],
          [
            139.1074851,
            35.9837171
          ],
          [
            139.1074925,
            35.983693
          ],
          [
            139.107533,
            35.9836205
          ],
          [
            139.1075734,
            35.9835615
          ],
          [
            139.1076153,
            35.9835053
          ]
        ]
      },
      "id": "way/835690278"
    },
    {
      "type": "Feature",
      "properties": {
        "@id": "way/835690279",
        "highway": "footway"
      },
      "geometry": {
        "type": "LineString",
        "coordinates": [
          [
            139.1076063,
            35.9837967
          ],
          [
            139.1076104,
            35.9837717
          ],
          [
            139.107619,
            35.9837458
          ],
          [
            139.1076316,
            35.9837198
          ],
          [
            139.1075735,
            35.9836988
          ],
          [
            139.1075625,
            35.9837177
          ],
          [
            139.1075528,
            35.9837399
          ],
          [
            139.1075788,
            35.9837475
          ]
        ]
      },
      "id": "way/835690279"
    },
    {
      "type": "Feature",
      "properties": {
        "@id": "way/835690280",
        "highway": "footway"
      },
      "geometry": {
        "type": "LineString",
        "coordinates": [
          [
            139.1075735,
            35.9836988
          ],
          [
            139.107601,
            35.9836597
          ],
          [
            139.1076561,
            35.9835855
          ],
          [
            139.1076842,
            35.9835969
          ],
          [
            139.1076785,
            35.9836085
          ],
          [
            139.1077027,
            35.9836218
          ],
          [
            139.1077093,
            35.9836254
          ]
        ]
      },
      "id": "way/835690280"
    },
    {
      "type": "Feature",
      "properties": {
        "@id": "way/835690281",
        "highway": "footway"
      },
      "geometry": {
        "type": "LineString",
        "coordinates": [
          [
            139.1076316,
            35.9837198
          ],
          [
            139.1076586,
            35.9836757
          ],
          [
            139.1076818,
            35.9836688
          ],
          [
            139.1077027,
            35.9836218
          ]
        ]
      },
      "id": "way/835690281"
    },
    {
      "type": "Feature",
      "properties": {
        "@id": "way/835690282",
        "highway": "footway"
      },
      "geometry": {
        "type": "LineString",
        "coordinates": [
          [
            139.1074158,
            35.9837459
          ],
          [
            139.1074419,
            35.9837525
          ],
          [
            139.1074766,
            35.9837593
          ]
        ]
      },
      "id": "way/835690282"
    },
    {
      "type": "Feature",
      "properties": {
        "@id": "way/835690283",
        "highway": "footway"
      },
      "geometry": {
        "type": "LineString",
        "coordinates": [
          [
            139.1073781,
            35.9836893
          ],
          [
            139.1073947,
            35.9836615
          ],
          [
            139.1074233,
            35.9836719
          ],
          [
            139.1074251,
            35.9836651
          ],
          [
            139.1074328,
            35.9836683
          ],
          [
            139.1074925,
            35.983693
          ]
        ]
      },
      "id": "way/835690283"
    },
    {
      "type": "Feature",
      "properties": {
        "@id": "way/835690284",
        "highway": "footway"
      },
      "geometry": {
        "type": "LineString",
        "coordinates": [
          [
            139.1074251,
            35.9836651
          ],
          [
            139.1074346,
            35.9836444
          ],
          [
            139.1074481,
            35.9836235
          ],
          [
            139.1074565,
            35.9836221
          ],
          [
            139.1074794,
            35.9835927
          ],
          [
            139.1074981,
            35.9835686
          ],
          [
            139.1075168,
            35.9835443
          ],
          [
            139.1075465,
            35.983493
          ],
          [
            139.1075148,
            35.9834813
          ]
        ]
      },
      "id": "way/835690284"
    },
    {
      "type": "Feature",
      "properties": {
        "@id": "way/835690285",
        "highway": "footway"
      },
      "geometry": {
        "type": "LineString",
        "coordinates": [
          [
            139.1076153,
            35.9835053
          ],
          [
            139.1075934,
            35.9834944
          ],
          [
            139.1075742,
            35.9834822
          ],
          [
            139.1075653,
            35.98348
          ],
          [
            139.1075558,
            35.9834806
          ],
          [
            139.1075465,
            35.983493
          ]
        ]
      },
      "id": "way/835690285"
    },
    {
      "type": "Feature",
      "properties": {
        "@id": "way/835690286",
        "highway": "footway"
      },
      "geometry": {
        "type": "LineString",
        "coordinates": [
          [
            139.1073943,
            35.9837271
          ],
          [
            139.1074328,
            35.9836683
          ]
        ]
      },
      "id": "way/835690286"
    },
    {
      "type": "Feature",
      "properties": {
        "@id": "way/835690287",
        "highway": "footway"
      },
      "geometry": {
        "type": "LineString",
        "coordinates": [
          [
            139.1077424,
            35.9837477
          ],
          [
            139.1077698,
            35.9836414
          ]
        ]
      },
      "id": "way/835690287"
    },
    {
      "type": "Feature",
      "properties": {
        "@id": "way/835690288",
        "highway": "footway"
      },
      "geometry": {
        "type": "LineString",
        "coordinates": [
          [
            139.1077005,
            35.98378
          ],
          [
            139.1077199,
            35.9837017
          ]
        ]
      },
      "id": "way/835690288"
    },
    {
      "type": "Feature",
      "properties": {
        "@id": "way/835690289",
        "highway": "footway"
      },
      "geometry": {
        "type": "LineString",
        "coordinates": [
          [
            139.1077926,
            35.9837286
          ],
          [
            139.1078079,
            35.98365
          ]
        ]
      },
      "id": "way/835690289"
    },
    {
      "type": "Feature",
      "properties": {
        "@id": "way/835690290",
        "highway": "footway"
      },
      "geometry": {
        "type": "LineString",
        "coordinates": [
          [
            139.1079636,
            35.9835651
          ],
          [
            139.1078984,
            35.9835715
          ],
          [
            139.1078277,
            35.983583
          ],
          [
            139.1078394,
            35.9836547
          ]
        ]
      },
      "id": "way/835690290"
    },
    {
      "type": "Feature",
      "properties": {
        "@id": "way/835690291",
        "highway": "footway"
      },
      "geometry": {
        "type": "LineString",
        "coordinates": [
          [
            139.1083553,
            35.9835877
          ],
          [
            139.1082137,
            35.9836038
          ],
          [
            139.108174,
            35.9836147
          ],
          [
            139.1080526,
            35.9836139
          ],
          [
            139.1080565,
            35.9835659
          ]
        ]
      },
      "id": "way/835690291"
    },
    {
      "type": "Feature",
      "properties": {
        "@id": "way/835690292",
        "highway": "footway"
      },
      "geometry": {
        "type": "LineString",
        "coordinates": [
          [
            139.108174,
            35.9836147
          ],
          [
            139.1081653,
            35.9837911
          ]
        ]
      },
      "id": "way/835690292"
    },
    {
      "type": "Feature",
      "properties": {
        "@id": "way/835690293",
        "highway": "footway"
      },
      "geometry": {
        "type": "LineString",
        "coordinates": [
          [
            139.1080526,
            35.9836139
          ],
          [
            139.1080604,
            35.9837401
          ],
          [
            139.1080645,
            35.9838068
          ]
        ]
      },
      "id": "way/835690293"
    },
    {
      "type": "Feature",
      "properties": {
        "@id": "way/835690294",
        "highway": "footway"
      },
      "geometry": {
        "type": "LineString",
        "coordinates": [
          [
            139.1079431,
            35.9837113
          ],
          [
            139.1079584,
            35.983725
          ],
          [
            139.1080604,
            35.9837401
          ]
        ]
      },
      "id": "way/835690294"
    },
    {
      "type": "Feature",
      "properties": {
        "@id": "way/835690295",
        "highway": "footway"
      },
      "geometry": {
        "type": "LineString",
        "coordinates": [
          [
            139.1081051,
            35.9841538
          ],
          [
            139.108087,
            35.9840162
          ],
          [
            139.108027,
            35.9840292
          ],
          [
            139.1079688,
            35.9840419
          ],
          [
            139.1079834,
            35.9841567
          ],
          [
            139.1079079,
            35.9841626
          ],
          [
            139.1078672,
            35.9841513
          ],
          [
            139.1077569,
            35.9841569
          ],
          [
            139.1077534,
            35.9841312
          ],
          [
            139.1077495,
            35.9841032
          ],
          [
            139.1077481,
            35.9840932
          ],
          [
            139.1077433,
            35.9840582
          ],
          [
            139.1077391,
            35.9840274
          ],
          [
            139.1078206,
            35.9840142
          ],
          [
            139.1078281,
            35.9840294
          ],
          [
            139.1078438,
            35.9840275
          ],
          [
            139.1078856,
            35.9840225
          ],
          [
            139.107892,
            35.984055
          ],
          [
            139.1079688,
            35.9840419
          ]
        ]
      },
      "id": "way/835690295"
    },
    {
      "type": "Feature",
      "properties": {
        "@id": "way/835690296",
        "highway": "footway"
      },
      "geometry": {
        "type": "LineString",
        "coordinates": [
          [
            139.1077391,
            35.9840274
          ],
          [
            139.1077363,
            35.9840153
          ],
          [
            139.1077275,
            35.9839777
          ],
          [
            139.1077145,
            35.9839223
          ],
          [
            139.1076863,
            35.9838019
          ],
          [
            139.1077005,
            35.98378
          ]
        ]
      },
      "id": "way/835690296"
    },
    {
      "type": "Feature",
      "properties": {
        "@id": "way/835690297",
        "highway": "footway"
      },
      "geometry": {
        "type": "LineString",
        "coordinates": [
          [
            139.1079079,
            35.9841626
          ],
          [
            139.1079105,
            35.9842279
          ],
          [
            139.107764,
            35.9842337
          ],
          [
            139.1075959,
            35.9842371
          ],
          [
            139.1075994,
            35.9841907
          ],
          [
            139.1077602,
            35.9841767
          ],
          [
            139.1077569,
            35.9841569
          ]
        ]
      },
      "id": "way/835690297"
    },
    {
      "type": "Feature",
      "properties": {
        "@id": "way/835690298",
        "highway": "footway"
      },
      "geometry": {
        "type": "LineString",
        "coordinates": [
          [
            139.1075959,
            35.9842371
          ],
          [
            139.1075985,
            35.9842816
          ],
          [
            139.1076328,
            35.9842808
          ],
          [
            139.1077053,
            35.9842791
          ],
          [
            139.1077784,
            35.9842775
          ],
          [
            139.1078485,
            35.9842759
          ],
          [
            139.1079281,
            35.9842741
          ],
          [
            139.1079263,
            35.9842287
          ],
          [
            139.1079105,
            35.9842279
          ]
        ]
      },
      "id": "way/835690298"
    },
    {
      "type": "Feature",
      "properties": {
        "@id": "way/835690300",
        "highway": "footway"
      },
      "geometry": {
        "type": "LineString",
        "coordinates": [
          [
            139.1077119,
            35.9844419
          ],
          [
            139.107784,
            35.9844394
          ],
          [
            139.107853,
            35.984437
          ],
          [
            139.1079356,
            35.9844341
          ]
        ]
      },
      "id": "way/835690300"
    },
    {
      "type": "Feature",
      "properties": {
        "@id": "way/835690301",
        "highway": "footway"
      },
      "geometry": {
        "type": "LineString",
        "coordinates": [
          [
            139.1077119,
            35.9844419
          ],
          [
            139.1077095,
            35.9843983
          ],
          [
            139.1077053,
            35.9842791
          ]
        ]
      },
      "id": "way/835690301"
    },
    {
      "type": "Feature",
      "properties": {
        "@id": "way/835690302",
        "highway": "footway"
      },
      "geometry": {
        "type": "LineString",
        "coordinates": [
          [
            139.107784,
            35.9844394
          ],
          [
            139.1077784,
            35.9842775
          ]
        ]
      },
      "id": "way/835690302"
    },
    {
      "type": "Feature",
      "properties": {
        "@id": "way/835690303",
        "highway": "footway"
      },
      "geometry": {
        "type": "LineString",
        "coordinates": [
          [
            139.107853,
            35.984437
          ],
          [
            139.1078485,
            35.9842759
          ]
        ]
      },
      "id": "way/835690303"
    },
    {
      "type": "Feature",
      "properties": {
        "@id": "way/835690304",
        "highway": "footway"
      },
      "geometry": {
        "type": "LineString",
        "coordinates": [
          [
            139.107649,
            35.9846919
          ],
          [
            139.1076409,
            35.9844883
          ],
          [
            139.1076328,
            35.9842808
          ]
        ]
      },
      "id": "way/835690304"
    },
    {
      "type": "Feature",
      "properties": {
        "@id": "way/835690305",
        "highway": "footway"
      },
      "geometry": {
        "type": "LineString",
        "coordinates": [
          [
            139.1075779,
            35.9844913
          ],
          [
            139.1076409,
            35.9844883
          ],
          [
            139.1077126,
            35.9844902
          ],
          [
            139.1077119,
            35.9844419
          ]
        ]
      },
      "id": "way/835690305"
    },
    {
      "type": "Feature",
      "properties": {
        "@id": "way/835690306",
        "highway": "footway"
      },
      "geometry": {
        "type": "LineString",
        "coordinates": [
          [
            139.1077212,
            35.984682
          ],
          [
            139.1077126,
            35.9844902
          ]
        ]
      },
      "id": "way/835690306"
    },
    {
      "type": "Feature",
      "properties": {
        "@id": "way/835690307",
        "highway": "footway"
      },
      "geometry": {
        "type": "LineString",
        "coordinates": [
          [
            139.1079834,
            35.9841567
          ],
          [
            139.1079962,
            35.9841655
          ],
          [
            139.1080451,
            35.9841664
          ],
          [
            139.108027,
            35.9840292
          ]
        ]
      },
      "id": "way/835690307"
    },
    {
      "type": "Feature",
      "properties": {
        "@id": "way/835690308",
        "highway": "footway"
      },
      "geometry": {
        "type": "LineString",
        "coordinates": [
          [
            139.1080451,
            35.9841664
          ],
          [
            139.1081049,
            35.984164
          ],
          [
            139.1081051,
            35.9841538
          ]
        ]
      },
      "id": "way/835690308"
    },
    {
      "type": "Feature",
      "properties": {
        "@id": "way/835694532",
        "highway": "footway"
      },
      "geometry": {
        "type": "LineString",
        "coordinates": [
          [
            139.1070998,
            35.9839567
          ],
          [
            139.1071059,
            35.9840108
          ]
        ]
      },
      "id": "way/835694532"
    },
    {
      "type": "Feature",
      "properties": {
        "@id": "way/835699929",
        "highway": "footway"
      },
      "geometry": {
        "type": "LineString",
        "coordinates": [
          [
            139.1077602,
            35.9841767
          ],
          [
            139.107764,
            35.9842337
          ]
        ]
      },
      "id": "way/835699929"
    },
    {
      "type": "Feature",
      "properties": {
        "@id": "way/835699930",
        "highway": "footway"
      },
      "geometry": {
        "type": "LineString",
        "coordinates": [
          [
            139.1076616,
            35.9840674
          ],
          [
            139.1076981,
            35.9840633
          ],
          [
            139.1077433,
            35.9840582
          ]
        ]
      },
      "id": "way/835699930"
    },
    {
      "type": "Feature",
      "properties": {
        "@id": "way/835699931",
        "highway": "footway"
      },
      "geometry": {
        "type": "LineString",
        "coordinates": [
          [
            139.1076981,
            35.9840633
          ],
          [
            139.1076905,
            35.9840215
          ],
          [
            139.1076841,
            35.9839864
          ],
          [
            139.1077275,
            35.9839777
          ]
        ]
      },
      "id": "way/835699931"
    },
    {
      "type": "Feature",
      "properties": {
        "@id": "way/835699932",
        "highway": "footway"
      },
      "geometry": {
        "type": "LineString",
        "coordinates": [
          [
            139.1076905,
            35.9840215
          ],
          [
            139.1077363,
            35.9840153
          ]
        ]
      },
      "id": "way/835699932"
    },
    {
      "type": "Feature",
      "properties": {
        "@id": "way/835699933",
        "highway": "footway"
      },
      "geometry": {
        "type": "LineString",
        "coordinates": [
          [
            139.1076841,
            35.9839864
          ],
          [
            139.1076642,
            35.9839911
          ],
          [
            139.1076534,
            35.9839329
          ],
          [
            139.1076644,
            35.9839284
          ],
          [
            139.1077145,
            35.9839223
          ]
        ]
      },
      "id": "way/835699933"
    },
    {
      "type": "Feature",
      "properties": {
        "@id": "way/835699934",
        "highway": "footway"
      },
      "geometry": {
        "type": "LineString",
        "coordinates": [
          [
            139.1078672,
            35.9841513
          ],
          [
            139.1078641,
            35.9841081
          ],
          [
            139.1078637,
            35.9841031
          ],
          [
            139.1078438,
            35.9840275
          ]
        ]
      },
      "id": "way/835699934"
    },
    {
      "type": "Feature",
      "properties": {
        "@id": "way/835699935",
        "highway": "footway"
      },
      "geometry": {
        "type": "LineString",
        "coordinates": [
          [
            139.1079172,
            35.9841028
          ],
          [
            139.1078641,
            35.9841081
          ]
        ]
      },
      "id": "way/835699935"
    },
    {
      "type": "Feature",
      "properties": {
        "@id": "way/835699936",
        "highway": "footway"
      },
      "geometry": {
        "type": "LineString",
        "coordinates": [
          [
            139.1078169,
            35.9840865
          ],
          [
            139.1077481,
            35.9840932
          ]
        ]
      },
      "id": "way/835699936"
    },
    {
      "type": "Feature",
      "properties": {
        "@id": "way/835699937",
        "highway": "footway"
      },
      "geometry": {
        "type": "LineString",
        "coordinates": [
          [
            139.1076738,
            35.9841375
          ],
          [
            139.1077534,
            35.9841312
          ]
        ]
      },
      "id": "way/835699937"
    },
    {
      "type": "Feature",
      "properties": {
        "@id": "way/835699938",
        "highway": "footway"
      },
      "geometry": {
        "type": "LineString",
        "coordinates": [
          [
            139.1076728,
            35.9841111
          ],
          [
            139.1077495,
            35.9841032
          ]
        ]
      },
      "id": "way/835699938"
    },
    {
      "type": "Feature",
      "properties": {
        "@id": "way/835699939",
        "highway": "footway"
      },
      "geometry": {
        "type": "LineString",
        "coordinates": [
          [
            139.1075651,
            35.9836334
          ],
          [
            139.107533,
            35.9836205
          ]
        ]
      },
      "id": "way/835699939"
    },
    {
      "type": "Feature",
      "properties": {
        "@id": "way/836242568",
        "crossing": "marked",
        "footway": "crossing",
        "highway": "footway"
      },
      "geometry": {
        "type": "LineString",
        "coordinates": [
          [
            139.1085194,
            35.9809664
          ],
          [
            139.1084737,
            35.9809731
          ],
          [
            139.1084143,
            35.9809812
          ]
        ]
      },
      "id": "way/836242568"
    },
    {
      "type": "Feature",
      "properties": {
        "@id": "way/840263572",
        "footway": "sidewalk",
        "highway": "footway"
      },
      "geometry": {
        "type": "LineString",
        "coordinates": [
          [
            139.1065713,
            35.9838807
          ],
          [
            139.1065306,
            35.9839136
          ],
          [
            139.1064691,
            35.9839623
          ],
          [
            139.1064337,
            35.9840059
          ],
          [
            139.1064072,
            35.9840727
          ],
          [
            139.1063839,
            35.9841559
          ],
          [
            139.1063739,
            35.9842378
          ],
          [
            139.1063749,
            35.9843095
          ],
          [
            139.1063675,
            35.9843707
          ],
          [
            139.1063557,
            35.9844754
          ],
          [
            139.106334,
            35.9846079
          ],
          [
            139.1063151,
            35.9847235
          ],
          [
            139.1062634,
            35.9850121
          ],
          [
            139.106243,
            35.9851019
          ],
          [
            139.1062248,
            35.9851697
          ],
          [
            139.1061743,
            35.9852509
          ],
          [
            139.1061146,
            35.9853171
          ],
          [
            139.1060567,
            35.9853722
          ],
          [
            139.105982,
            35.9854216
          ],
          [
            139.1058979,
            35.98546
          ],
          [
            139.1058076,
            35.9854887
          ],
          [
            139.1054746,
            35.985574
          ],
          [
            139.1050952,
            35.9856726
          ],
          [
            139.1048841,
            35.9857217
          ],
          [
            139.1047221,
            35.9857632
          ],
          [
            139.1045446,
            35.985812
          ],
          [
            139.1041063,
            35.9859215
          ],
          [
            139.1038743,
            35.9859824
          ],
          [
            139.1034236,
            35.9860996
          ],
          [
            139.103257,
            35.9861424
          ],
          [
            139.103148,
            35.9861647
          ],
          [
            139.1029649,
            35.9862
          ],
          [
            139.1027829,
            35.986227
          ],
          [
            139.102699,
            35.9862319
          ]
        ]
      },
      "id": "way/840263572"
    },
    {
      "type": "Feature",
      "properties": {
        "@id": "way/840268899",
        "bridge": "yes",
        "footway": "sidewalk",
        "highway": "footway",
        "layer": "3"
      },
      "geometry": {
        "type": "LineString",
        "coordinates": [
          [
            139.1054412,
            35.9873133
          ],
          [
            139.1054391,
            35.9873051
          ],
          [
            139.1054591,
            35.9873025
          ],
          [
            139.105727,
            35.9880377
          ]
        ]
      },
      "id": "way/840268899"
    },
    {
      "type": "Feature",
      "properties": {
        "@id": "way/1006621137",
        "footway": "sidewalk",
        "highway": "footway"
      },
      "geometry": {
        "type": "LineString",
        "coordinates": [
          [
            139.106613,
            35.9838702
          ],
          [
            139.1065713,
            35.9838807
          ]
        ]
      },
      "id": "way/1006621137"
    },
    {
      "type": "Feature",
      "properties": {
        "@id": "way/1006621138",
        "bridge": "yes",
        "footway": "sidewalk",
        "highway": "footway",
        "layer": "1"
      },
      "geometry": {
        "type": "LineString",
        "coordinates": [
          [
            139.1070272,
            35.9837514
          ],
          [
            139.106613,
            35.9838702
          ]
        ]
      },
      "id": "way/1006621138"
    },
    {
      "type": "Feature",
      "properties": {
        "@id": "way/1006621140",
        "bridge": "yes",
        "footway": "sidewalk",
        "highway": "footway",
        "layer": "1"
      },
      "geometry": {
        "type": "LineString",
        "coordinates": [
          [
            139.108411,
            35.9809599
          ],
          [
            139.1083492,
            35.9805925
          ]
        ]
      },
      "id": "way/1006621140"
    },
    {
      "type": "Feature",
      "properties": {
        "@id": "way/1006621141",
        "bridge": "yes",
        "footway": "sidewalk",
        "highway": "footway",
        "layer": "1"
      },
      "geometry": {
        "type": "LineString",
        "coordinates": [
          [
            139.1084652,
            35.9805525
          ],
          [
            139.1084686,
            35.9805913
          ],
          [
            139.1084859,
            35.9807186
          ],
          [
            139.1085022,
            35.980844
          ],
          [
            139.1085166,
            35.980948
          ]
        ]
      },
      "id": "way/1006621141"
    },
    {
      "type": "Feature",
      "properties": {
        "@id": "way/1006621142",
        "footway": "sidewalk",
        "highway": "footway"
      },
      "geometry": {
        "type": "LineString",
        "coordinates": [
          [
            139.1086644,
            35.9803031
          ],
          [
            139.1085599,
            35.9803227
          ],
          [
            139.1085202,
            35.9803438
          ],
          [
            139.1085036,
            35.9803578
          ],
          [
            139.1084849,
            35.9803904
          ],
          [
            139.1084701,
            35.9804682
          ],
          [
            139.1084651,
            35.9805193
          ],
          [
            139.1084652,
            35.9805525
          ]
        ]
      },
      "id": "way/1006621142"
    },
    {
      "type": "Feature",
      "properties": {
        "@id": "way/1006621143",
        "footway": "sidewalk",
        "highway": "footway"
      },
      "geometry": {
        "type": "LineString",
        "coordinates": [
          [
            139.1074892,
            35.9832351
          ],
          [
            139.1075011,
            35.983216
          ],
          [
            139.107734,
            35.9828412
          ],
          [
            139.1078894,
            35.9825913
          ],
          [
            139.1080151,
            35.9823931
          ],
          [
            139.1081133,
            35.982235
          ],
          [
            139.1082879,
            35.9819579
          ],
          [
            139.1083268,
            35.9818841
          ],
          [
            139.108375,
            35.9817728
          ],
          [
            139.1084057,
            35.981678
          ],
          [
            139.108436,
            35.9815588
          ],
          [
            139.1084511,
            35.9814603
          ],
          [
            139.1084555,
            35.9813434
          ],
          [
            139.1084546,
            35.9812611
          ],
          [
            139.1084491,
            35.9811988
          ],
          [
            139.108442,
            35.9811483
          ],
          [
            139.1084317,
            35.981092
          ],
          [
            139.1084143,
            35.9809812
          ],
          [
            139.108411,
            35.9809599
          ]
        ]
      },
      "id": "way/1006621143"
    },
    {
      "type": "Feature",
      "properties": {
        "@id": "way/1039036627",
        "highway": "footway"
      },
      "geometry": {
        "type": "LineString",
        "coordinates": [
          [
            139.1072084,
            35.9934357
          ],
          [
            139.1072074,
            35.9934265
          ],
          [
            139.1072157,
            35.993425
          ]
        ]
      },
      "id": "way/1039036627"
    },
    {
      "type": "Feature",
      "properties": {
        "@id": "way/1039036628",
        "highway": "footway"
      },
      "geometry": {
        "type": "LineString",
        "coordinates": [
          [
            139.1072465,
            35.993423
          ],
          [
            139.1072687,
            35.9934243
          ],
          [
            139.1072824,
            35.9934262
          ],
          [
            139.1072932,
            35.9934332
          ],
          [
            139.1073035,
            35.9934447
          ],
          [
            139.1073165,
            35.9934545
          ],
          [
            139.1073336,
            35.9934581
          ],
          [
            139.107348,
            35.9934561
          ],
          [
            139.1074229,
            35.9934378
          ],
          [
            139.1074513,
            35.993432
          ]
        ]
      },
      "id": "way/1039036628"
    },
    {
      "type": "Feature",
      "properties": {
        "@id": "way/1039039044",
        "highway": "footway"
      },
      "geometry": {
        "type": "LineString",
        "coordinates": [
          [
            139.1077898,
            35.9984616
          ],
          [
            139.1077795,
            35.998426
          ],
          [
            139.1077454,
            35.998426
          ],
          [
            139.1077155,
            35.9984239
          ],
          [
            139.107672,
            35.9984102
          ],
          [
            139.1076349,
            35.9983991
          ],
          [
            139.1075854,
            35.9983785
          ]
        ]
      },
      "id": "way/1039039044"
    },
    {
      "type": "Feature",
      "properties": {
        "@id": "way/1039051565",
        "highway": "footway"
      },
      "geometry": {
        "type": "LineString",
        "coordinates": [
          [
            139.1070029,
            35.9920271
          ],
          [
            139.1070121,
            35.9920399
          ],
          [
            139.1070304,
            35.9920317
          ],
          [
            139.107059,
            35.992023
          ]
        ]
      },
      "id": "way/1039051565"
    },
    {
      "type": "Feature",
      "properties": {
        "@id": "way/1040431947",
        "highway": "footway"
      },
      "geometry": {
        "type": "LineString",
        "coordinates": [
          [
            139.1098052,
            35.981374
          ],
          [
            139.1098711,
            35.9814164
          ],
          [
            139.1099155,
            35.9814639
          ],
          [
            139.1099789,
            35.9815802
          ],
          [
            139.1100048,
            35.9817192
          ],
          [
            139.1099929,
            35.9818163
          ],
          [
            139.110003,
            35.9819381
          ],
          [
            139.1100249,
            35.98204
          ],
          [
            139.110051,
            35.9820933
          ],
          [
            139.1100768,
            35.9821441
          ],
          [
            139.1100717,
            35.9822345
          ],
          [
            139.1100528,
            35.9822874
          ],
          [
            139.110092,
            35.9824922
          ],
          [
            139.1101638,
            35.9825432
          ],
          [
            139.1101609,
            35.9825796
          ],
          [
            139.1101716,
            35.9825959
          ]
        ]
      },
      "id": "way/1040431947"
    },
    {
      "type": "Feature",
      "properties": {
        "@id": "way/1079355140",
        "highway": "footway"
      },
      "geometry": {
        "type": "LineString",
        "coordinates": [
          [
            139.1037514,
            35.9870705
          ],
          [
            139.1037551,
            35.9869895
          ],
          [
            139.103701,
            35.986988
          ],
          [
            139.1037045,
            35.9869428
          ],
          [
            139.1037053,
            35.986921
          ],
          [
            139.1037092,
            35.9868934
          ]
        ]
      },
      "id": "way/1079355140"
    },
    {
      "type": "Feature",
      "properties": {
        "@id": "way/1079355141",
        "highway": "footway"
      },
      "geometry": {
        "type": "LineString",
        "coordinates": [
          [
            139.1036411,
            35.9869871
          ],
          [
            139.103701,
            35.986988
          ]
        ]
      },
      "id": "way/1079355141"
    },
    {
      "type": "Feature",
      "properties": {
        "@id": "way/1079358584",
        "highway": "footway"
      },
      "geometry": {
        "type": "LineString",
        "coordinates": [
          [
            139.102475,
            35.9869154
          ],
          [
            139.1024585,
            35.9868896
          ],
          [
            139.1024738,
            35.9868725
          ],
          [
            139.1024841,
            35.9868493
          ],
          [
            139.102493,
            35.9868341
          ],
          [
            139.1024913,
            35.9868149
          ],
          [
            139.1024712,
            35.9867943
          ]
        ]
      },
      "id": "way/1079358584"
    },
    {
      "type": "Feature",
      "properties": {
        "@id": "way/1079358585",
        "highway": "footway"
      },
      "geometry": {
        "type": "LineString",
        "coordinates": [
          [
            139.102493,
            35.9868341
          ],
          [
            139.102523,
            35.9868356
          ],
          [
            139.1025537,
            35.9868398
          ],
          [
            139.1025928,
            35.986843
          ],
          [
            139.1026229,
            35.986836
          ],
          [
            139.102653,
            35.9868307
          ]
        ]
      },
      "id": "way/1079358585"
    },
    {
      "type": "Feature",
      "properties": {
        "@id": "way/1079358586",
        "highway": "footway"
      },
      "geometry": {
        "type": "LineString",
        "coordinates": [
          [
            139.1022928,
            35.986923
          ],
          [
            139.1023116,
            35.9869147
          ],
          [
            139.102327,
            35.9869065
          ],
          [
            139.10234,
            35.9868957
          ],
          [
            139.1023494,
            35.9868874
          ],
          [
            139.102365,
            35.9868845
          ],
          [
            139.1023874,
            35.9868893
          ],
          [
            139.1024014,
            35.9868943
          ],
          [
            139.1024265,
            35.9868938
          ],
          [
            139.1024487,
            35.986893
          ],
          [
            139.1024585,
            35.9868896
          ]
        ]
      },
      "id": "way/1079358586"
    },
    {
      "type": "Feature",
      "properties": {
        "@id": "way/1079359249",
        "barrier": "guard_rail",
        "footway": "sidewalk",
        "highway": "footway"
      },
      "geometry": {
        "type": "LineString",
        "coordinates": [
          [
            139.1020406,
            35.9867038
          ],
          [
            139.101989,
            35.9867345
          ],
          [
            139.1017859,
            35.9868571
          ],
          [
            139.1015276,
            35.9870101
          ],
          [
            139.1013498,
            35.9871184
          ],
          [
            139.1012862,
            35.987162
          ],
          [
            139.101224,
            35.9872087
          ],
          [
            139.1011722,
            35.9872526
          ],
          [
            139.1011323,
            35.9872964
          ],
          [
            139.1010729,
            35.9873817
          ],
          [
            139.1009795,
            35.9875283
          ],
          [
            139.1009038,
            35.9876454
          ]
        ]
      },
      "id": "way/1079359249"
    },
    {
      "type": "Feature",
      "properties": {
        "@id": "way/1079359250",
        "crossing": "marked",
        "footway": "crossing",
        "highway": "footway"
      },
      "geometry": {
        "type": "LineString",
        "coordinates": [
          [
            139.1008177,
            35.9877597
          ],
          [
            139.1009038,
            35.9876454
          ]
        ]
      },
      "id": "way/1079359250"
    },
    {
      "type": "Feature",
      "properties": {
        "@id": "way/1079363484",
        "bridge": "yes",
        "footway": "sidewalk",
        "highway": "footway",
        "layer": "1"
      },
      "geometry": {
        "type": "LineString",
        "coordinates": [
          [
            139.1037408,
            35.9905363
          ],
          [
            139.1037552,
            35.9911791
          ]
        ]
      },
      "id": "way/1079363484"
    },
    {
      "type": "Feature",
      "properties": {
        "@id": "way/1079363485",
        "footway": "sidewalk",
        "highway": "footway"
      },
      "geometry": {
        "type": "LineString",
        "coordinates": [
          [
            139.1037552,
            35.9911791
          ],
          [
            139.1037787,
            35.9913822
          ],
          [
            139.1037873,
            35.9914266
          ],
          [
            139.1037884,
            35.9915025
          ],
          [
            139.1037919,
            35.9916032
          ]
        ]
      },
      "id": "way/1079363485"
    },
    {
      "type": "Feature",
      "properties": {
        "@id": "way/1081041604",
        "footway": "sidewalk",
        "highway": "footway"
      },
      "geometry": {
        "type": "LineString",
        "coordinates": [
          [
            139.1031513,
            35.9862587
          ],
          [
            139.1030722,
            35.9862784
          ],
          [
            139.1028234,
            35.9863452
          ],
          [
            139.1026701,
            35.9863854
          ],
          [
            139.1026006,
            35.9864078
          ],
          [
            139.1025801,
            35.9864144
          ],
          [
            139.1025455,
            35.9864265
          ]
        ]
      },
      "id": "way/1081041604"
    },
    {
      "type": "Feature",
      "properties": {
        "@id": "way/1081041605",
        "bridge": "yes",
        "footway": "sidewalk",
        "highway": "footway",
        "layer": "1"
      },
      "geometry": {
        "type": "LineString",
        "coordinates": [
          [
            139.1025455,
            35.9864265
          ],
          [
            139.1024826,
            35.9864508
          ]
        ]
      },
      "id": "way/1081041605"
    },
    {
      "type": "Feature",
      "properties": {
        "@id": "way/1081041606",
        "footway": "sidewalk",
        "highway": "footway"
      },
      "geometry": {
        "type": "LineString",
        "coordinates": [
          [
            139.1024826,
            35.9864508
          ],
          [
            139.1024509,
            35.986468
          ]
        ]
      },
      "id": "way/1081041606"
    },
    {
      "type": "Feature",
      "properties": {
        "@id": "way/1267448982",
        "access": "no",
        "highway": "footway"
      },
      "geometry": {
        "type": "LineString",
        "coordinates": [
          [
            139.0986226,
            35.9516308
          ],
          [
            139.0986462,
            35.9516484
          ],
          [
            139.0986488,
            35.9516784
          ]
        ]
      },
      "id": "way/1267448982"
    },
    {
      "type": "Feature",
      "properties": {
        "@id": "way/1335734163",
        "footway": "sidewalk",
        "highway": "footway"
      },
      "geometry": {
        "type": "LineString",
        "coordinates": [
          [
            139.0994497,
            35.9884522
          ],
          [
            139.0994453,
            35.9884389
          ]
        ]
      },
      "id": "way/1335734163"
    },
    {
      "type": "Feature",
      "properties": {
        "@id": "way/1372593216",
        "highway": "footway"
      },
      "geometry": {
        "type": "LineString",
        "coordinates": [
          [
            139.0977119,
            35.9853986
          ],
          [
            139.0977332,
            35.985409
          ],
          [
            139.0977718,
            35.9854279
          ],
          [
            139.0978121,
            35.9854476
          ]
        ]
      },
      "id": "way/1372593216"
    },
    {
      "type": "Feature",
      "properties": {
        "@id": "way/1385523888",
        "highway": "footway"
      },
      "geometry": {
        "type": "LineString",
        "coordinates": [
          [
            139.089499,
            35.9818708
          ],
          [
            139.0896094,
            35.9819745
          ],
          [
            139.0897315,
            35.9821029
          ],
          [
            139.0898461,
            35.9821744
          ],
          [
            139.0900437,
            35.9823841
          ],
          [
            139.090141,
            35.9825144
          ],
          [
            139.0901693,
            35.9825244
          ],
          [
            139.0905922,
            35.9824672
          ],
          [
            139.0906701,
            35.9824715
          ],
          [
            139.0907515,
            35.9825201
          ],
          [
            139.0908281,
            35.9825923
          ],
          [
            139.0913372,
            35.9829841
          ],
          [
            139.0914005,
            35.9830644
          ],
          [
            139.0914202,
            35.9831159
          ],
          [
            139.0914505,
            35.9831846
          ],
          [
            139.0915391,
            35.9834277
          ],
          [
            139.0915866,
            35.9835579
          ]
        ]
      },
      "id": "way/1385523888"
    },
    {
      "type": "Feature",
      "properties": {
        "@id": "way/1510751536",
        "highway": "footway"
      },
      "geometry": {
        "type": "LineString",
        "coordinates": [
          [
            139.1061588,
            35.9987631
          ],
          [
            139.1061231,
            35.9987704
          ],
          [
            139.1060738,
            35.9987806
          ]
        ]
      },
      "id": "way/1510751536"
    },
    {
      "type": "Feature",
      "properties": {
        "@id": "way/1510751537",
        "highway": "footway"
      },
      "geometry": {
        "type": "LineString",
        "coordinates": [
          [
            139.1062444,
            35.9987477
          ],
          [
            139.1062081,
            35.998754
          ]
        ]
      },
      "id": "way/1510751537"
    },
    {
      "type": "Feature",
      "properties": {
        "@id": "way/1510751538",
        "highway": "footway",
        "tunnel": "building_passage"
      },
      "geometry": {
        "type": "LineString",
        "coordinates": [
          [
            139.1062081,
            35.998754
          ],
          [
            139.1061588,
            35.9987631
          ]
        ]
      },
      "id": "way/1510751538"
    },
    {
      "type": "Feature",
      "properties": {
        "@id": "way/1510751544",
        "highway": "footway"
      },
      "geometry": {
        "type": "LineString",
        "coordinates": [
          [
            139.1059882,
            35.9989973
          ],
          [
            139.1059433,
            35.9988914
          ],
          [
            139.1061431,
            35.9988415
          ],
          [
            139.1061231,
            35.9987704
          ]
        ]
      },
      "id": "way/1510751544"
    },
    {
      "type": "Feature",
      "properties": {
        "@id": "way/1510754133",
        "highway": "footway"
      },
      "geometry": {
        "type": "LineString",
        "coordinates": [
          [
            139.1142394,
            35.9836103
          ],
          [
            139.1142396,
            35.9836222
          ],
          [
            139.1142399,
            35.983656
          ]
        ]
      },
      "id": "way/1510754133"
    },
    {
      "type": "Feature",
      "properties": {
        "@id": "way/1510754134",
        "highway": "footway"
      },
      "geometry": {
        "type": "LineString",
        "coordinates": [
          [
            139.1142388,
            35.9835452
          ],
          [
            139.114239,
            35.9835647
          ]
        ]
      },
      "id": "way/1510754134"
    },
    {
      "type": "Feature",
      "properties": {
        "@id": "way/1510754135",
        "highway": "footway"
      },
      "geometry": {
        "type": "LineString",
        "coordinates": [
          [
            139.1142396,
            35.9836222
          ],
          [
            139.1145014,
            35.9836613
          ],
          [
            139.1145539,
            35.9836635
          ]
        ]
      },
      "id": "way/1510754135"
    },
    {
      "type": "Feature",
      "properties": {
        "@id": "way/1510755786",
        "highway": "footway",
        "tunnel": "building_passage"
      },
      "geometry": {
        "type": "LineString",
        "coordinates": [
          [
            139.1083317,
            35.9838255
          ],
          [
            139.1083714,
            35.9838244
          ]
        ]
      },
      "id": "way/1510755786"
    },
    {
      "type": "Feature",
      "properties": {
        "@id": "way/1510755787",
        "highway": "footway"
      },
      "geometry": {
        "type": "LineString",
        "coordinates": [
          [
            139.1083714,
            35.9838244
          ],
          [
            139.10839,
            35.9838232
          ]
        ]
      },
      "id": "way/1510755787"
    },
    {
      "type": "Feature",
      "properties": {
        "@id": "way/1510761786",
        "highway": "footway"
      },
      "geometry": {
        "type": "LineString",
        "coordinates": [
          [
            139.1027981,
            35.9840034
          ],
          [
            139.1028159,
            35.9840552
          ]
        ]
      },
      "id": "way/1510761786"
    },
    {
      "type": "Feature",
      "properties": {
        "@id": "way/1510764707",
        "highway": "footway"
      },
      "geometry": {
        "type": "LineString",
        "coordinates": [
          [
            139.1089066,
            35.9728431
          ],
          [
            139.1088843,
            35.9728731
          ],
          [
            139.1088441,
            35.9728839
          ],
          [
            139.1088186,
            35.9729273
          ],
          [
            139.1087864,
            35.9729859
          ],
          [
            139.1087547,
            35.9730125
          ]
        ]
      },
      "id": "way/1510764707"
    },
    {
      "type": "Feature",
      "properties": {
        "@id": "way/1510764708",
        "highway": "footway",
        "tunnel": "building_passage"
      },
      "geometry": {
        "type": "LineString",
        "coordinates": [
          [
            139.1089328,
            35.9728224
          ],
          [
            139.1089066,
            35.9728431
          ]
        ]
      },
      "id": "way/1510764708"
    },
    {
      "type": "Feature",
      "properties": {
        "@id": "way/1510764709",
        "highway": "footway"
      },
      "geometry": {
        "type": "LineString",
        "coordinates": [
          [
            139.1089813,
            35.9727889
          ],
          [
            139.1089328,
            35.9728224
          ]
        ]
      },
      "id": "way/1510764709"
    },
    {
      "type": "Feature",
      "properties": {
        "@id": "way/1546664576",
        "barrier": "kerb",
        "footway": "sidewalk",
        "highway": "footway"
      },
      "geometry": {
        "type": "LineString",
        "coordinates": [
          [
            139.0998395,
            35.9880344
          ],
          [
            139.0998309,
            35.9879941
          ],
          [
            139.099832,
            35.9879089
          ],
          [
            139.0998424,
            35.9878312
          ],
          [
            139.0998477,
            35.9877905
          ]
        ]
      },
      "id": "way/1546664576"
    },
    {
      "type": "Feature",
      "properties": {
        "@id": "way/1546664577",
        "barrier": "kerb",
        "footway": "sidewalk",
        "highway": "footway",
        "kerb": "flush"
      },
      "geometry": {
        "type": "LineString",
        "coordinates": [
          [
            139.0998634,
            35.9876874
          ],
          [
            139.0998722,
            35.987635
          ],
          [
            139.0998745,
            35.9876198
          ]
        ]
      },
      "id": "way/1546664577"
    },
    {
      "type": "Feature",
      "properties": {
        "@id": "way/1546664578",
        "barrier": "kerb",
        "footway": "sidewalk",
        "highway": "footway"
      },
      "geometry": {
        "type": "LineString",
        "coordinates": [
          [
            139.09887,
            35.9861238
          ],
          [
            139.0987514,
            35.986016
          ],
          [
            139.0987048,
            35.9859763
          ]
        ]
      },
      "id": "way/1546664578"
    },
    {
      "type": "Feature",
      "properties": {
        "@id": "way/1546664787",
        "barrier": "kerb",
        "footway": "sidewalk",
        "highway": "footway"
      },
      "geometry": {
        "type": "LineString",
        "coordinates": [
          [
            139.0995328,
            35.9882524
          ],
          [
            139.0996225,
            35.9882183
          ],
          [
            139.0996364,
            35.9882086
          ]
        ]
      },
      "id": "way/1546664787"
    },
    {
      "type": "Feature",
      "properties": {
        "@id": "way/1546664788",
        "barrier": "kerb",
        "footway": "sidewalk",
        "highway": "footway"
      },
      "geometry": {
        "type": "LineString",
        "coordinates": [
          [
            139.0997169,
            35.9880113
          ],
          [
            139.0997216,
            35.9879778
          ],
          [
            139.0997409,
            35.9878386
          ],
          [
            139.0997572,
            35.9877396
          ],
          [
            139.0997708,
            35.9876573
          ]
        ]
      },
      "id": "way/1546664788"
    },
    {
      "type": "Feature",
      "properties": {
        "@id": "way/1546664789",
        "barrier": "kerb",
        "footway": "sidewalk",
        "highway": "footway",
        "kerb": "flush"
      },
      "geometry": {
        "type": "LineString",
        "coordinates": [
          [
            139.0997708,
            35.9876573
          ],
          [
            139.0997784,
            35.987604
          ],
          [
            139.0997794,
            35.9875907
          ]
        ]
      },
      "id": "way/1546664789"
    },
    {
      "type": "Feature",
      "properties": {
        "@id": "way/1546664790",
        "barrier": "kerb",
        "footway": "sidewalk",
        "highway": "footway"
      },
      "geometry": {
        "type": "LineString",
        "coordinates": [
          [
            139.0997794,
            35.9875907
          ],
          [
            139.0997843,
            35.9875235
          ],
          [
            139.0997632,
            35.98743
          ],
          [
            139.0996674,
            35.9872652
          ],
          [
            139.0996294,
            35.9872049
          ]
        ]
      },
      "id": "way/1546664790"
    },
    {
      "type": "Feature",
      "properties": {
        "@id": "way/1546664791",
        "barrier": "kerb",
        "footway": "sidewalk",
        "highway": "footway"
      },
      "geometry": {
        "type": "LineString",
        "coordinates": [
          [
            139.099166,
            35.9865064
          ],
          [
            139.0991296,
            35.9864633
          ],
          [
            139.0990487,
            35.9863818
          ]
        ]
      },
      "id": "way/1546664791"
    },
    {
      "type": "Feature",
      "properties": {
        "@id": "way/1546664792",
        "footway": "sidewalk",
        "highway": "footway"
      },
      "geometry": {
        "type": "LineString",
        "coordinates": [
          [
            139.0982063,
            35.9856464
          ],
          [
            139.0981868,
            35.9856536
          ],
          [
            139.0981769,
            35.9856572
          ]
        ]
      },
      "id": "way/1546664792"
    },
    {
      "type": "Feature",
      "properties": {
        "@id": "way/1546664793",
        "crossing": "uncontrolled",
        "crossing:markings": "yes",
        "footway": "crossing",
        "highway": "footway"
      },
      "geometry": {
        "type": "LineString",
        "coordinates": [
          [
            139.0981418,
            35.985603
          ],
          [
            139.0981737,
            35.9856388
          ],
          [
            139.0981868,
            35.9856536
          ]
        ]
      },
      "id": "way/1546664793"
    },
    {
      "type": "Feature",
      "properties": {
        "@id": "way/1546670319",
        "highway": "footway"
      },
      "geometry": {
        "type": "LineString",
        "coordinates": [
          [
            139.1053457,
            35.9875429
          ],
          [
            139.1051521,
            35.9875895
          ],
          [
            139.1049748,
            35.9876851
          ],
          [
            139.1048037,
            35.987829
          ],
          [
            139.1047207,
            35.9879208
          ],
          [
            139.1046875,
            35.987966
          ],
          [
            139.1046783,
            35.9879784
          ],
          [
            139.1046146,
            35.9880941
          ],
          [
            139.1045731,
            35.9882084
          ]
        ]
      },
      "id": "way/1546670319"
    },
    {
      "type": "Feature",
      "properties": {
        "@id": "way/1546670320",
        "highway": "footway"
      },
      "geometry": {
        "type": "LineString",
        "coordinates": [
          [
            139.1048707,
            35.9880072
          ],
          [
            139.1049515,
            35.9880105
          ]
        ]
      },
      "id": "way/1546670320"
    },
    {
      "type": "Feature",
      "properties": {
        "@id": "way/1546670321",
        "highway": "footway"
      },
      "geometry": {
        "type": "LineString",
        "coordinates": [
          [
            139.1050137,
            35.9880566
          ],
          [
            139.1049402,
            35.988113
          ],
          [
            139.1048866,
            35.9881635
          ],
          [
            139.1048437,
            35.9882711
          ],
          [
            139.1048085,
            35.9884221
          ],
          [
            139.1047589,
            35.9885427
          ],
          [
            139.1047607,
            35.9886668
          ],
          [
            139.1048559,
            35.9887275
          ],
          [
            139.1049624,
            35.9887451
          ],
          [
            139.1049954,
            35.9887918
          ],
          [
            139.1050372,
            35.9888365
          ],
          [
            139.1050999,
            35.9888324
          ],
          [
            139.1050803,
            35.9887622
          ],
          [
            139.1051205,
            35.9887231
          ],
          [
            139.1051977,
            35.9887009
          ],
          [
            139.1052731,
            35.9887603
          ],
          [
            139.1052853,
            35.9888079
          ],
          [
            139.1052409,
            35.9888512
          ],
          [
            139.1051723,
            35.9888536
          ],
          [
            139.1050999,
            35.9888324
          ]
        ]
      },
      "id": "way/1546670321"
    },
    {
      "type": "Feature",
      "properties": {
        "@id": "way/1546670322",
        "highway": "footway"
      },
      "geometry": {
        "type": "LineString",
        "coordinates": [
          [
            139.1050137,
            35.9880566
          ],
          [
            139.1050867,
            35.987998
          ]
        ]
      },
      "id": "way/1546670322"
    },
    {
      "type": "Feature",
      "properties": {
        "@id": "way/1546670323",
        "highway": "footway"
      },
      "geometry": {
        "type": "LineString",
        "coordinates": [
          [
            139.1050372,
            35.9888365
          ],
          [
            139.10514,
            35.9889803
          ],
          [
            139.1051949,
            35.9890819
          ],
          [
            139.1052296,
            35.9891553
          ],
          [
            139.1052986,
            35.9891756
          ],
          [
            139.1053775,
            35.9891557
          ],
          [
            139.1053886,
            35.9890697
          ],
          [
            139.1053177,
            35.9889333
          ],
          [
            139.1052409,
            35.9888512
          ]
        ]
      },
      "id": "way/1546670323"
    },
    {
      "type": "Feature",
      "properties": {
        "@id": "way/1546860897",
        "barrier": "kerb",
        "footway": "sidewalk",
        "highway": "footway"
      },
      "geometry": {
        "type": "LineString",
        "coordinates": [
          [
            139.1024509,
            35.986468
          ],
          [
            139.102394,
            35.9864976
          ],
          [
            139.1022138,
            35.9866008
          ],
          [
            139.1020406,
            35.9867038
          ]
        ]
      },
      "id": "way/1546860897"
    },
    {
      "type": "Feature",
      "properties": {
        "@id": "way/1546864565",
        "barrier": "kerb",
        "footway": "sidewalk",
        "highway": "footway",
        "kerb": "flush"
      },
      "geometry": {
        "type": "LineString",
        "coordinates": [
          [
            139.0984819,
            35.985778
          ],
          [
            139.0984488,
            35.9857475
          ],
          [
            139.0983877,
            35.985694
          ]
        ]
      },
      "id": "way/1546864565"
    },
    {
      "type": "Feature",
      "properties": {
        "@id": "way/1546864566",
        "barrier": "kerb",
        "footway": "sidewalk",
        "highway": "footway"
      },
      "geometry": {
        "type": "LineString",
        "coordinates": [
          [
            139.0985332,
            35.9858252
          ],
          [
            139.0984819,
            35.985778
          ]
        ]
      },
      "id": "way/1546864566"
    },
    {
      "type": "Feature",
      "properties": {
        "@id": "way/1546864567",
        "barrier": "kerb",
        "footway": "sidewalk",
        "highway": "footway",
        "kerb": "flush"
      },
      "geometry": {
        "type": "LineString",
        "coordinates": [
          [
            139.0983638,
            35.9857713
          ],
          [
            139.0982811,
            35.9856975
          ],
          [
            139.098256,
            35.9856724
          ]
        ]
      },
      "id": "way/1546864567"
    },
    {
      "type": "Feature",
      "properties": {
        "@id": "way/1546864568",
        "barrier": "kerb",
        "footway": "sidewalk",
        "highway": "footway"
      },
      "geometry": {
        "type": "LineString",
        "coordinates": [
          [
            139.0983752,
            35.9857814
          ],
          [
            139.0983638,
            35.9857713
          ]
        ]
      },
      "id": "way/1546864568"
    },
    {
      "type": "Feature",
      "properties": {
        "@id": "way/1546866606",
        "barrier": "kerb",
        "footway": "sidewalk",
        "highway": "footway",
        "kerb": "flush"
      },
      "geometry": {
        "type": "LineString",
        "coordinates": [
          [
            139.0984238,
            35.9858245
          ],
          [
            139.0983917,
            35.9857962
          ],
          [
            139.0983752,
            35.9857814
          ]
        ]
      },
      "id": "way/1546866606"
    },
    {
      "type": "Feature",
      "properties": {
        "@id": "way/1546866607",
        "barrier": "kerb",
        "footway": "sidewalk",
        "highway": "footway"
      },
      "geometry": {
        "type": "LineString",
        "coordinates": [
          [
            139.098556,
            35.9859405
          ],
          [
            139.0985309,
            35.9859191
          ],
          [
            139.0984238,
            35.9858245
          ]
        ]
      },
      "id": "way/1546866607"
    },
    {
      "type": "Feature",
      "properties": {
        "@id": "way/1546866608",
        "barrier": "kerb",
        "footway": "sidewalk",
        "highway": "footway",
        "kerb": "flush"
      },
      "geometry": {
        "type": "LineString",
        "coordinates": [
          [
            139.098593,
            35.985972
          ],
          [
            139.098556,
            35.9859405
          ]
        ]
      },
      "id": "way/1546866608"
    },
    {
      "type": "Feature",
      "properties": {
        "@id": "way/1546866609",
        "barrier": "kerb",
        "footway": "sidewalk",
        "highway": "footway"
      },
      "geometry": {
        "type": "LineString",
        "coordinates": [
          [
            139.0986628,
            35.9860313
          ],
          [
            139.0986546,
            35.9860244
          ],
          [
            139.098593,
            35.985972
          ]
        ]
      },
      "id": "way/1546866609"
    },
    {
      "type": "Feature",
      "properties": {
        "@id": "way/1546866610",
        "barrier": "kerb",
        "footway": "sidewalk",
        "highway": "footway",
        "kerb": "flush"
      },
      "geometry": {
        "type": "LineString",
        "coordinates": [
          [
            139.0987084,
            35.98607
          ],
          [
            139.0986628,
            35.9860313
          ]
        ]
      },
      "id": "way/1546866610"
    },
    {
      "type": "Feature",
      "properties": {
        "@id": "way/1546866611",
        "barrier": "kerb",
        "footway": "sidewalk",
        "highway": "footway"
      },
      "geometry": {
        "type": "LineString",
        "coordinates": [
          [
            139.0987518,
            35.9861068
          ],
          [
            139.0987084,
            35.98607
          ]
        ]
      },
      "id": "way/1546866611"
    },
    {
      "type": "Feature",
      "properties": {
        "@id": "way/1546866612",
        "barrier": "kerb",
        "footway": "sidewalk",
        "highway": "footway",
        "kerb": "flush"
      },
      "geometry": {
        "type": "LineString",
        "coordinates": [
          [
            139.0987836,
            35.9861338
          ],
          [
            139.0987518,
            35.9861068
          ]
        ]
      },
      "id": "way/1546866612"
    },
    {
      "type": "Feature",
      "properties": {
        "@id": "way/1546866613",
        "barrier": "kerb",
        "footway": "sidewalk",
        "highway": "footway"
      },
      "geometry": {
        "type": "LineString",
        "coordinates": [
          [
            139.0989152,
            35.9862569
          ],
          [
            139.0988916,
            35.9862357
          ],
          [
            139.0988489,
            35.9861954
          ]
        ]
      },
      "id": "way/1546866613"
    },
    {
      "type": "Feature",
      "properties": {
        "@id": "way/1546866614",
        "barrier": "kerb",
        "footway": "sidewalk",
        "highway": "footway",
        "kerb": "flush"
      },
      "geometry": {
        "type": "LineString",
        "coordinates": [
          [
            139.0989354,
            35.986275
          ],
          [
            139.0989152,
            35.9862569
          ]
        ]
      },
      "id": "way/1546866614"
    },
    {
      "type": "Feature",
      "properties": {
        "@id": "way/1546866615",
        "barrier": "kerb",
        "footway": "sidewalk",
        "highway": "footway"
      },
      "geometry": {
        "type": "LineString",
        "coordinates": [
          [
            139.099022,
            35.9863549
          ],
          [
            139.0990003,
            35.9863331
          ],
          [
            139.0989354,
            35.986275
          ]
        ]
      },
      "id": "way/1546866615"
    },
    {
      "type": "Feature",
      "properties": {
        "@id": "way/1546866616",
        "barrier": "kerb",
        "footway": "sidewalk",
        "highway": "footway",
        "kerb": "flush"
      },
      "geometry": {
        "type": "LineString",
        "coordinates": [
          [
            139.0990487,
            35.9863818
          ],
          [
            139.099022,
            35.9863549
          ]
        ]
      },
      "id": "way/1546866616"
    },
    {
      "type": "Feature",
      "properties": {
        "@id": "way/1546866617",
        "barrier": "kerb",
        "footway": "sidewalk",
        "highway": "footway"
      },
      "geometry": {
        "type": "LineString",
        "coordinates": [
          [
            139.0992578,
            35.9866303
          ],
          [
            139.0992086,
            35.9865568
          ]
        ]
      },
      "id": "way/1546866617"
    },
    {
      "type": "Feature",
      "properties": {
        "@id": "way/1546866618",
        "barrier": "kerb",
        "footway": "sidewalk",
        "highway": "footway",
        "kerb": "flush"
      },
      "geometry": {
        "type": "LineString",
        "coordinates": [
          [
            139.0992783,
            35.9866608
          ],
          [
            139.0992578,
            35.9866303
          ]
        ]
      },
      "id": "way/1546866618"
    },
    {
      "type": "Feature",
      "properties": {
        "@id": "way/1546866619",
        "barrier": "kerb",
        "footway": "sidewalk",
        "highway": "footway"
      },
      "geometry": {
        "type": "LineString",
        "coordinates": [
          [
            139.0994037,
            35.9868607
          ],
          [
            139.099396,
            35.9868492
          ],
          [
            139.099307,
            35.9867037
          ],
          [
            139.0992783,
            35.9866608
          ]
        ]
      },
      "id": "way/1546866619"
    },
    {
      "type": "Feature",
      "properties": {
        "@id": "way/1546866620",
        "barrier": "kerb",
        "footway": "sidewalk",
        "highway": "footway",
        "kerb": "flush"
      },
      "geometry": {
        "type": "LineString",
        "coordinates": [
          [
            139.099422,
            35.9868882
          ],
          [
            139.0994037,
            35.9868607
          ]
        ]
      },
      "id": "way/1546866620"
    },
    {
      "type": "Feature",
      "properties": {
        "@id": "way/1546866621",
        "barrier": "kerb",
        "footway": "sidewalk",
        "highway": "footway"
      },
      "geometry": {
        "type": "LineString",
        "coordinates": [
          [
            139.099524,
            35.9870422
          ],
          [
            139.0994998,
            35.9870051
          ],
          [
            139.099422,
            35.9868882
          ]
        ]
      },
      "id": "way/1546866621"
    },
    {
      "type": "Feature",
      "properties": {
        "@id": "way/1546866622",
        "barrier": "kerb",
        "footway": "sidewalk",
        "highway": "footway",
        "kerb": "flush"
      },
      "geometry": {
        "type": "LineString",
        "coordinates": [
          [
            139.0995528,
            35.9870913
          ],
          [
            139.099524,
            35.9870422
          ]
        ]
      },
      "id": "way/1546866622"
    },
    {
      "type": "Feature",
      "properties": {
        "@id": "way/1546866623",
        "barrier": "kerb",
        "footway": "sidewalk",
        "highway": "footway"
      },
      "geometry": {
        "type": "LineString",
        "coordinates": [
          [
            139.0996087,
            35.9871721
          ],
          [
            139.0996005,
            35.9871592
          ],
          [
            139.0995528,
            35.9870913
          ]
        ]
      },
      "id": "way/1546866623"
    },
    {
      "type": "Feature",
      "properties": {
        "@id": "way/1546866624",
        "barrier": "kerb",
        "footway": "sidewalk",
        "highway": "footway",
        "kerb": "flush"
      },
      "geometry": {
        "type": "LineString",
        "coordinates": [
          [
            139.0996294,
            35.9872049
          ],
          [
            139.0996087,
            35.9871721
          ]
        ]
      },
      "id": "way/1546866624"
    },
    {
      "type": "Feature",
      "properties": {
        "@id": "way/1546866625",
        "barrier": "kerb",
        "footway": "sidewalk",
        "highway": "footway"
      },
      "geometry": {
        "type": "LineString",
        "coordinates": [
          [
            139.0997083,
            35.9880735
          ],
          [
            139.0997134,
            35.9880363
          ]
        ]
      },
      "id": "way/1546866625"
    },
    {
      "type": "Feature",
      "properties": {
        "@id": "way/1546866626",
        "barrier": "kerb",
        "footway": "sidewalk",
        "highway": "footway",
        "kerb": "flush"
      },
      "geometry": {
        "type": "LineString",
        "coordinates": [
          [
            139.0997134,
            35.9880363
          ],
          [
            139.0997169,
            35.9880113
          ]
        ]
      },
      "id": "way/1546866626"
    },
    {
      "type": "Feature",
      "properties": {
        "@id": "way/1546866627",
        "barrier": "kerb",
        "footway": "sidewalk",
        "highway": "footway"
      },
      "geometry": {
        "type": "LineString",
        "coordinates": [
          [
            139.0997058,
            35.9880837
          ],
          [
            139.0997083,
            35.9880735
          ]
        ]
      },
      "id": "way/1546866627"
    },
    {
      "type": "Feature",
      "properties": {
        "@id": "way/1546866628",
        "barrier": "kerb",
        "footway": "sidewalk",
        "highway": "footway",
        "kerb": "flush"
      },
      "geometry": {
        "type": "LineString",
        "coordinates": [
          [
            139.0997023,
            35.988115
          ],
          [
            139.0997058,
            35.9880837
          ]
        ]
      },
      "id": "way/1546866628"
    },
    {
      "type": "Feature",
      "properties": {
        "@id": "way/1546868634",
        "barrier": "kerb",
        "footway": "sidewalk",
        "highway": "footway",
        "kerb": "flush"
      },
      "geometry": {
        "type": "LineString",
        "coordinates": [
          [
            139.098256,
            35.9856724
          ],
          [
            139.0982287,
            35.9856472
          ],
          [
            139.0982063,
            35.9856464
          ]
        ]
      },
      "id": "way/1546868634"
    },
    {
      "type": "Feature",
      "properties": {
        "@id": "way/1546868635",
        "barrier": "kerb",
        "footway": "sidewalk",
        "highway": "footway",
        "kerb": "flush"
      },
      "geometry": {
        "type": "LineString",
        "coordinates": [
          [
            139.0983379,
            35.9856504
          ],
          [
            139.0983181,
            35.9856331
          ],
          [
            139.098277,
            35.9855953
          ]
        ]
      },
      "id": "way/1546868635"
    },
    {
      "type": "Feature",
      "properties": {
        "@id": "way/1546868636",
        "barrier": "kerb",
        "footway": "sidewalk",
        "highway": "footway"
      },
      "geometry": {
        "type": "LineString",
        "coordinates": [
          [
            139.0983877,
            35.985694
          ],
          [
            139.098354,
            35.9856645
          ],
          [
            139.0983379,
            35.9856504
          ]
        ]
      },
      "id": "way/1546868636"
    },
    {
      "type": "Feature",
      "properties": {
        "@id": "way/1546868637",
        "barrier": "kerb",
        "footway": "sidewalk",
        "highway": "footway"
      },
      "geometry": {
        "type": "LineString",
        "coordinates": [
          [
            139.0986478,
            35.9859277
          ],
          [
            139.0986028,
            35.9858893
          ],
          [
            139.0985332,
            35.9858252
          ]
        ]
      },
      "id": "way/1546868637"
    },
    {
      "type": "Feature",
      "properties": {
        "@id": "way/1546868638",
        "barrier": "kerb",
        "footway": "sidewalk",
        "highway": "footway",
        "kerb": "flush"
      },
      "geometry": {
        "type": "LineString",
        "coordinates": [
          [
            139.0987048,
            35.9859763
          ],
          [
            139.0986478,
            35.9859277
          ]
        ]
      },
      "id": "way/1546868638"
    },
    {
      "type": "Feature",
      "properties": {
        "@id": "way/1546868639",
        "barrier": "kerb",
        "footway": "sidewalk",
        "highway": "footway"
      },
      "geometry": {
        "type": "LineString",
        "coordinates": [
          [
            139.0989455,
            35.9861925
          ],
          [
            139.0989015,
            35.9861525
          ]
        ]
      },
      "id": "way/1546868639"
    },
    {
      "type": "Feature",
      "properties": {
        "@id": "way/1546868640",
        "barrier": "kerb",
        "footway": "sidewalk",
        "highway": "footway",
        "kerb": "flush"
      },
      "geometry": {
        "type": "LineString",
        "coordinates": [
          [
            139.0989015,
            35.9861525
          ],
          [
            139.09887,
            35.9861238
          ]
        ]
      },
      "id": "way/1546868640"
    },
    {
      "type": "Feature",
      "properties": {
        "@id": "way/1546868641",
        "barrier": "kerb",
        "footway": "sidewalk",
        "highway": "footway"
      },
      "geometry": {
        "type": "LineString",
        "coordinates": [
          [
            139.0988278,
            35.9861755
          ],
          [
            139.0987836,
            35.9861338
          ]
        ]
      },
      "id": "way/1546868641"
    },
    {
      "type": "Feature",
      "properties": {
        "@id": "way/1546868642",
        "barrier": "kerb",
        "footway": "sidewalk",
        "highway": "footway",
        "kerb": "flush"
      },
      "geometry": {
        "type": "LineString",
        "coordinates": [
          [
            139.0988489,
            35.9861954
          ],
          [
            139.0988278,
            35.9861755
          ]
        ]
      },
      "id": "way/1546868642"
    },
    {
      "type": "Feature",
      "properties": {
        "@id": "way/1546868643",
        "barrier": "kerb",
        "footway": "sidewalk",
        "highway": "footway",
        "kerb": "flush"
      },
      "geometry": {
        "type": "LineString",
        "coordinates": [
          [
            139.0992086,
            35.9865568
          ],
          [
            139.099166,
            35.9865064
          ]
        ]
      },
      "id": "way/1546868643"
    },
    {
      "type": "Feature",
      "properties": {
        "@id": "way/1546868644",
        "barrier": "kerb",
        "footway": "sidewalk",
        "highway": "footway"
      },
      "geometry": {
        "type": "LineString",
        "coordinates": [
          [
            139.0990443,
            35.9862909
          ],
          [
            139.0990323,
            35.9862807
          ],
          [
            139.0989455,
            35.9861925
          ]
        ]
      },
      "id": "way/1546868644"
    },
    {
      "type": "Feature",
      "properties": {
        "@id": "way/1546868645",
        "barrier": "kerb",
        "footway": "sidewalk",
        "highway": "footway",
        "kerb": "flush"
      },
      "geometry": {
        "type": "LineString",
        "coordinates": [
          [
            139.0990858,
            35.9863262
          ],
          [
            139.0990443,
            35.9862909
          ]
        ]
      },
      "id": "way/1546868645"
    },
    {
      "type": "Feature",
      "properties": {
        "@id": "way/1546868646",
        "barrier": "kerb",
        "footway": "sidewalk",
        "highway": "footway"
      },
      "geometry": {
        "type": "LineString",
        "coordinates": [
          [
            139.0991788,
            35.9864187
          ],
          [
            139.0991708,
            35.98641
          ],
          [
            139.0990858,
            35.9863262
          ]
        ]
      },
      "id": "way/1546868646"
    },
    {
      "type": "Feature",
      "properties": {
        "@id": "way/1546868647",
        "barrier": "kerb",
        "footway": "sidewalk",
        "highway": "footway",
        "kerb": "flush"
      },
      "geometry": {
        "type": "LineString",
        "coordinates": [
          [
            139.0991978,
            35.9864394
          ],
          [
            139.0991788,
            35.9864187
          ]
        ]
      },
      "id": "way/1546868647"
    },
    {
      "type": "Feature",
      "properties": {
        "@id": "way/1546868648",
        "barrier": "kerb",
        "footway": "sidewalk",
        "highway": "footway"
      },
      "geometry": {
        "type": "LineString",
        "coordinates": [
          [
            139.0992801,
            35.9865369
          ],
          [
            139.0992543,
            35.9865012
          ],
          [
            139.0991978,
            35.9864394
          ]
        ]
      },
      "id": "way/1546868648"
    },
    {
      "type": "Feature",
      "properties": {
        "@id": "way/1546868649",
        "barrier": "kerb",
        "footway": "sidewalk",
        "highway": "footway",
        "kerb": "flush"
      },
      "geometry": {
        "type": "LineString",
        "coordinates": [
          [
            139.0993099,
            35.986578
          ],
          [
            139.0992801,
            35.9865369
          ]
        ]
      },
      "id": "way/1546868649"
    },
    {
      "type": "Feature",
      "properties": {
        "@id": "way/1546868650",
        "barrier": "kerb",
        "footway": "sidewalk",
        "highway": "footway"
      },
      "geometry": {
        "type": "LineString",
        "coordinates": [
          [
            139.0994051,
            35.9867079
          ],
          [
            139.0993262,
            35.9866004
          ],
          [
            139.0993099,
            35.986578
          ]
        ]
      },
      "id": "way/1546868650"
    },
    {
      "type": "Feature",
      "properties": {
        "@id": "way/1546868651",
        "barrier": "kerb",
        "footway": "sidewalk",
        "highway": "footway",
        "kerb": "flush"
      },
      "geometry": {
        "type": "LineString",
        "coordinates": [
          [
            139.0994315,
            35.9867491
          ],
          [
            139.0994107,
            35.9867155
          ],
          [
            139.0994051,
            35.9867079
          ]
        ]
      },
      "id": "way/1546868651"
    },
    {
      "type": "Feature",
      "properties": {
        "@id": "way/1546868652",
        "barrier": "kerb",
        "footway": "sidewalk",
        "highway": "footway"
      },
      "geometry": {
        "type": "LineString",
        "coordinates": [
          [
            139.099553,
            35.9869483
          ],
          [
            139.0994904,
            35.9868444
          ],
          [
            139.0994315,
            35.9867491
          ]
        ]
      },
      "id": "way/1546868652"
    },
    {
      "type": "Feature",
      "properties": {
        "@id": "way/1546868653",
        "barrier": "kerb",
        "footway": "sidewalk",
        "highway": "footway",
        "kerb": "flush"
      },
      "geometry": {
        "type": "LineString",
        "coordinates": [
          [
            139.099591,
            35.9870112
          ],
          [
            139.099553,
            35.9869483
          ]
        ]
      },
      "id": "way/1546868653"
    },
    {
      "type": "Feature",
      "properties": {
        "@id": "way/1546868654",
        "barrier": "kerb",
        "footway": "sidewalk",
        "highway": "footway"
      },
      "geometry": {
        "type": "LineString",
        "coordinates": [
          [
            139.0997032,
            35.9871688
          ],
          [
            139.0996712,
            35.9871267
          ],
          [
            139.099591,
            35.9870112
          ]
        ]
      },
      "id": "way/1546868654"
    },
    {
      "type": "Feature",
      "properties": {
        "@id": "way/1546868655",
        "barrier": "kerb",
        "footway": "sidewalk",
        "highway": "footway",
        "kerb": "flush"
      },
      "geometry": {
        "type": "LineString",
        "coordinates": [
          [
            139.0997412,
            35.9872189
          ],
          [
            139.0997032,
            35.9871688
          ]
        ]
      },
      "id": "way/1546868655"
    },
    {
      "type": "Feature",
      "properties": {
        "@id": "way/1546868656",
        "barrier": "kerb",
        "footway": "sidewalk",
        "highway": "footway"
      },
      "geometry": {
        "type": "LineString",
        "coordinates": [
          [
            139.0997999,
            35.9873124
          ],
          [
            139.0997412,
            35.9872189
          ]
        ]
      },
      "id": "way/1546868656"
    },
    {
      "type": "Feature",
      "properties": {
        "@id": "way/1546868657",
        "barrier": "kerb",
        "footway": "sidewalk",
        "highway": "footway",
        "kerb": "flush"
      },
      "geometry": {
        "type": "LineString",
        "coordinates": [
          [
            139.0998333,
            35.9873656
          ],
          [
            139.0997999,
            35.9873124
          ]
        ]
      },
      "id": "way/1546868657"
    },
    {
      "type": "Feature",
      "properties": {
        "@id": "way/1546868658",
        "barrier": "kerb",
        "footway": "sidewalk",
        "highway": "footway"
      },
      "geometry": {
        "type": "LineString",
        "coordinates": [
          [
            139.0998727,
            35.9874652
          ],
          [
            139.0998333,
            35.9873656
          ]
        ]
      },
      "id": "way/1546868658"
    },
    {
      "type": "Feature",
      "properties": {
        "@id": "way/1546868659",
        "barrier": "kerb",
        "footway": "sidewalk",
        "highway": "footway",
        "kerb": "flush"
      },
      "geometry": {
        "type": "LineString",
        "coordinates": [
          [
            139.0998856,
            35.9875486
          ],
          [
            139.0998906,
            35.9875127
          ],
          [
            139.0998727,
            35.9874652
          ]
        ]
      },
      "id": "way/1546868659"
    },
    {
      "type": "Feature",
      "properties": {
        "@id": "way/1546868660",
        "barrier": "kerb",
        "footway": "sidewalk",
        "highway": "footway"
      },
      "geometry": {
        "type": "LineString",
        "coordinates": [
          [
            139.0998821,
            35.987571
          ],
          [
            139.0998856,
            35.9875486
          ]
        ]
      },
      "id": "way/1546868660"
    },
    {
      "type": "Feature",
      "properties": {
        "@id": "way/1546868661",
        "barrier": "kerb",
        "footway": "sidewalk",
        "highway": "footway",
        "kerb": "flush"
      },
      "geometry": {
        "type": "LineString",
        "coordinates": [
          [
            139.0998745,
            35.9876198
          ],
          [
            139.0998821,
            35.987571
          ]
        ]
      },
      "id": "way/1546868661"
    },
    {
      "type": "Feature",
      "properties": {
        "@id": "way/1546868662",
        "barrier": "kerb",
        "footway": "sidewalk",
        "highway": "footway"
      },
      "geometry": {
        "type": "LineString",
        "coordinates": [
          [
            139.0998529,
            35.98775
          ],
          [
            139.0998634,
            35.9876874
          ]
        ]
      },
      "id": "way/1546868662"
    },
    {
      "type": "Feature",
      "properties": {
        "@id": "way/1546868663",
        "barrier": "kerb",
        "footway": "sidewalk",
        "highway": "footway"
      },
      "geometry": {
        "type": "LineString",
        "coordinates": [
          [
            139.0998515,
            35.987761
          ],
          [
            139.0998529,
            35.98775
          ]
        ]
      },
      "id": "way/1546868663"
    },
    {
      "type": "Feature",
      "properties": {
        "@id": "way/1546868664",
        "barrier": "kerb",
        "footway": "sidewalk",
        "highway": "footway",
        "kerb": "flush"
      },
      "geometry": {
        "type": "LineString",
        "coordinates": [
          [
            139.0998477,
            35.9877905
          ],
          [
            139.0998515,
            35.987761
          ]
        ]
      },
      "id": "way/1546868664"
    },
    {
      "type": "Feature",
      "properties": {
        "@id": "way/1546868665",
        "barrier": "kerb",
        "footway": "sidewalk",
        "highway": "footway"
      },
      "geometry": {
        "type": "LineString",
        "coordinates": [
          [
            139.0998395,
            35.9880344
          ],
          [
            139.0998555,
            35.9880635
          ],
          [
            139.0998583,
            35.9880665
          ]
        ]
      },
      "id": "way/1546868665"
    },
    {
      "type": "Feature",
      "properties": {
        "@id": "way/1546868666",
        "barrier": "kerb",
        "footway": "sidewalk",
        "highway": "footway",
        "kerb": "flush"
      },
      "geometry": {
        "type": "LineString",
        "coordinates": [
          [
            139.0998583,
            35.9880665
          ],
          [
            139.0998681,
            35.9880771
          ],
          [
            139.099901,
            35.9881001
          ]
        ]
      },
      "id": "way/1546868666"
    },
    {
      "type": "Feature",
      "properties": {
        "@id": "way/1546868667",
        "barrier": "kerb",
        "footway": "sidewalk",
        "highway": "footway",
        "kerb": "flush"
      },
      "geometry": {
        "type": "LineString",
        "coordinates": [
          [
            139.099901,
            35.9881001
          ],
          [
            139.0999213,
            35.9881062
          ]
        ]
      },
      "id": "way/1546868667"
    },
    {
      "type": "Feature",
      "properties": {
        "@id": "way/1546868668",
        "barrier": "kerb",
        "footway": "sidewalk",
        "highway": "footway",
        "kerb": "flush"
      },
      "geometry": {
        "type": "LineString",
        "coordinates": [
          [
            139.0996949,
            35.988144
          ],
          [
            139.0997004,
            35.9881324
          ],
          [
            139.0997023,
            35.988115
          ]
        ]
      },
      "id": "way/1546868668"
    },
    {
      "type": "Feature",
      "properties": {
        "@id": "way/1546868669",
        "barrier": "kerb",
        "footway": "sidewalk",
        "highway": "footway"
      },
      "geometry": {
        "type": "LineString",
        "coordinates": [
          [
            139.0996642,
            35.988189
          ],
          [
            139.0996782,
            35.9881792
          ],
          [
            139.0996949,
            35.988144
          ]
        ]
      },
      "id": "way/1546868669"
    },
    {
      "type": "Feature",
      "properties": {
        "@id": "way/1546868670",
        "barrier": "kerb",
        "footway": "sidewalk",
        "highway": "footway",
        "kerb": "flush"
      },
      "geometry": {
        "type": "LineString",
        "coordinates": [
          [
            139.0996364,
            35.9882086
          ],
          [
            139.0996503,
            35.9881988
          ],
          [
            139.0996642,
            35.988189
          ]
        ]
      },
      "id": "way/1546868670"
    },
    {
      "type": "Feature",
      "properties": {
        "@id": "way/1546868671",
        "barrier": "kerb",
        "footway": "sidewalk",
        "highway": "footway"
      },
      "geometry": {
        "type": "LineString",
        "coordinates": [
          [
            139.0997472,
            35.988317
          ],
          [
            139.0998156,
            35.9882909
          ]
        ]
      },
      "id": "way/1546868671"
    },
    {
      "type": "Feature",
      "properties": {
        "@id": "way/1546868672",
        "barrier": "kerb",
        "footway": "sidewalk",
        "highway": "footway",
        "kerb": "flush"
      },
      "geometry": {
        "type": "LineString",
        "coordinates": [
          [
            139.0996994,
            35.9883359
          ],
          [
            139.0997256,
            35.9883253
          ],
          [
            139.0997472,
            35.988317
          ]
        ]
      },
      "id": "way/1546868672"
    }
  ]
}