{
  "type": "FeatureCollection",
  "features": [
    {
      "type": "Feature",
      "geometry": {
        "type": "Point",
        "coordinates": [
          139.26568903,
          35.95810835
        ]
      },
      "properties": {
        "id": "saitama-1",
        "source_id": 1,
        "datetime": "2024-04-11T03:00:00.000Z",
        "date_source": "date_only",
        "has_time": false,
        "time_of_day": "unknown",
        "time_of_day_label": "不明",
        "season": "spring",
        "municipality": "越生町",
        "lat": 35.95810835,
        "lon": 139.26568903,
        "tags": {
          "地名": "越生町大字大満地内",
          "出没状況の概要": "林道を横切るクマの親子が目撃された。",
          "出没頭数": 1,
          "被害状況": "人身・物損被害なし",
          "報告者所属": "みどり自然課",
          "各自治体の対応状況": "-",
          "出没年度": "令和６年度"
        },
        "seq": 1
      }
    },
    {
      "type": "Feature",
      "geometry": {
        "type": "Point",
        "coordinates": [
          139.201426179705,
          36.0527228499071
        ]
      },
      "properties": {
        "id": "saitama-2",
        "source_id": 2,
        "datetime": "2024-04-18T03:00:00.000Z",
        "date_source": "field",
        "has_time": true,
        "time_of_day": "daytime",
        "time_of_day_label": "昼",
        "season": "spring",
        "municipality": "東秩父村",
        "lat": 36.0527228499071,
        "lon": 139.201426179705,
        "tags": {
          "地名": "東秩父村大字御堂 付近",
          "出没状況の概要": "移動する車両を追いかけてきた。（その後、山方向に移動。）",
          "出没頭数": 1,
          "被害状況": "人身・物損被害なし",
          "出没レベル": "危険度 中",
          "報告者所属": "みどり自然課",
          "各自治体の対応状況": "ｰ",
          "出没年度": "令和６年度"
        },
        "seq": 2
      }
    },
    {
      "type": "Feature",
      "geometry": {
        "type": "Point",
        "coordinates": [
          138.96899769,
          36.0293921100001
        ]
      },
      "properties": {
        "id": "saitama-3",
        "source_id": 3,
        "datetime": "2024-05-14T09:30:00.000Z",
        "date_source": "field",
        "has_time": true,
        "time_of_day": "evening",
        "time_of_day_label": "夕方",
        "season": "spring",
        "municipality": "小鹿野町",
        "lat": 36.0293921100001,
        "lon": 138.96899769,
        "tags": {
          "地名": "小鹿野町飯田落葉松トンネル付近",
          "出没状況の概要": "地域住民が目撃",
          "出没頭数": 1,
          "被害状況": "人身・物損被害なし",
          "出没レベル": "危険度 中",
          "報告者所属": "みどり自然課",
          "各自治体の対応状況": "ｰ",
          "出没年度": "令和６年度"
        },
        "seq": 3
      }
    },
    {
      "type": "Feature",
      "geometry": {
        "type": "Point",
        "coordinates": [
          138.888456999998,
          35.9367574599994
        ]
      },
      "properties": {
        "id": "saitama-5",
        "source_id": 5,
        "datetime": "2024-05-15T00:25:00.000Z",
        "date_source": "field",
        "has_time": true,
        "time_of_day": "morning",
        "time_of_day_label": "朝",
        "season": "spring",
        "municipality": "秩父市",
        "lat": 35.9367574599994,
        "lon": 138.888456999998,
        "tags": {
          "地名": "秩父市大滝字大血川地内",
          "出没状況の概要": "地域住民が目撃",
          "出没頭数": 1,
          "被害状況": "ー",
          "出没レベル": "other",
          "報告者所属": "みどり自然課",
          "各自治体の対応状況": "ー",
          "出没年度": "令和６年度"
        },
        "seq": 4
      }
    },
    {
      "type": "Feature",
      "geometry": {
        "type": "Point",
        "coordinates": [
          139.0324068,
          35.9879672500001
        ]
      },
      "properties": {
        "id": "saitama-6",
        "source_id": 6,
        "datetime": "2024-05-23T22:30:00.000Z",
        "date_source": "field",
        "has_time": true,
        "time_of_day": "morning",
        "time_of_day_label": "朝",
        "season": "spring",
        "municipality": "小鹿野町",
        "lat": 35.9879672500001,
        "lon": 139.0324068,
        "tags": {
          "地名": "小鹿野町長留蕨平交差点付近",
          "出没状況の概要": "地域住民が目撃",
          "出没頭数": 1,
          "被害状況": "－",
          "出没レベル": "other",
          "報告者所属": "みどり自然課",
          "各自治体の対応状況": "ー",
          "出没年度": "令和６年度"
        },
        "seq": 5
      }
    },
    {
      "type": "Feature",
      "geometry": {
        "type": "Point",
        "coordinates": [
          139.0324068,
          35.9879672500001
        ]
      },
      "properties": {
        "id": "saitama-7",
        "source_id": 7,
        "datetime": "2024-05-26T21:30:00.000Z",
        "date_source": "field",
        "has_time": true,
        "time_of_day": "morning",
        "time_of_day_label": "朝",
        "season": "spring",
        "municipality": "小鹿野町",
        "lat": 35.9879672500001,
        "lon": 139.0324068,
        "tags": {
          "地名": "小鹿野町長留蕨平交差点付近",
          "出没状況の概要": "町営バス運転手が目撃",
          "出没頭数": 2,
          "被害状況": "－",
          "出没レベル": "other",
          "報告者所属": "みどり自然課",
          "各自治体の対応状況": "ー",
          "出没年度": "令和６年度"
        },
        "seq": 6
      }
    },
    {
      "type": "Feature",
      "geometry": {
        "type": "Point",
        "coordinates": [
          139.173671375029,
          35.9899019322935
        ]
      },
      "properties": {
        "id": "saitama-8",
        "source_id": 8,
        "datetime": "2024-05-29T09:30:00.000Z",
        "date_source": "field",
        "has_time": true,
        "time_of_day": "evening",
        "time_of_day_label": "夕方",
        "season": "spring",
        "municipality": "秩父市",
        "lat": 35.9899019322935,
        "lon": 139.173671375029,
        "tags": {
          "地名": "秩父市定峰白石峠付近",
          "出没状況の概要": "林業事務所職員が目撃",
          "出没頭数": 1,
          "被害状況": "－",
          "出没レベル": "other",
          "報告者所属": "みどり自然課",
          "各自治体の対応状況": "ー",
          "出没年度": "令和６年度"
        },
        "seq": 7
      }
    },
    {
      "type": "Feature",
      "geometry": {
        "type": "Point",
        "coordinates": [
          139.098747596,
          36.1151454810001
        ]
      },
      "properties": {
        "id": "saitama-9",
        "source_id": 9,
        "datetime": "2024-05-30T05:30:00.000Z",
        "date_source": "field",
        "has_time": true,
        "time_of_day": "daytime",
        "time_of_day_label": "昼",
        "season": "spring",
        "municipality": "長瀞町",
        "lat": 36.1151454810001,
        "lon": 139.098747596,
        "tags": {
          "地名": "長瀞町諏訪沢上流三軒家",
          "出没状況の概要": "地域住民が目撃",
          "出没頭数": 1,
          "被害状況": "ー",
          "出没レベル": "other",
          "報告者所属": "みどり自然課",
          "各自治体の対応状況": "ー",
          "備考": "ー",
          "出没年度": "令和６年度"
        },
        "seq": 8
      }
    },
    {
      "type": "Feature",
      "geometry": {
        "type": "Point",
        "coordinates": [
          139.02553545,
          36.0108182600001
        ]
      },
      "properties": {
        "id": "saitama-10",
        "source_id": 10,
        "datetime": "2024-05-30T06:35:00.000Z",
        "date_source": "field",
        "has_time": true,
        "time_of_day": "daytime",
        "time_of_day_label": "昼",
        "season": "spring",
        "municipality": "小鹿野町",
        "lat": 36.0108182600001,
        "lon": 139.02553545,
        "tags": {
          "地名": "小鹿野町下小鹿野津谷木橋付近",
          "出没状況の概要": "工事警備員が目撃\n",
          "出没頭数": 1,
          "被害状況": "ー ",
          "出没レベル": "other",
          "報告者所属": "みどり自然課",
          "各自治体の対応状況": "ー",
          "備考": "ー",
          "出没年度": "令和６年度"
        },
        "seq": 9
      }
    },
    {
      "type": "Feature",
      "geometry": {
        "type": "Point",
        "coordinates": [
          139.156429065,
          36.0347312800001
        ]
      },
      "properties": {
        "id": "saitama-12",
        "source_id": 12,
        "datetime": "2024-06-10T03:00:00.000Z",
        "date_source": "date_only",
        "has_time": false,
        "time_of_day": "unknown",
        "time_of_day_label": "不明",
        "season": "summer",
        "municipality": "東秩父村",
        "lat": 36.0347312800001,
        "lon": 139.156429065,
        "tags": {
          "地名": "大霧山付近",
          "出没状況の概要": "ハイカーが目撃",
          "出没頭数": 1,
          "被害状況": "－",
          "出没レベル": "other",
          "報告者所属": "みどり自然課",
          "各自治体の対応状況": "ー",
          "備考": "ー",
          "出没年度": "令和６年度"
        },
        "seq": 10
      }
    },
    {
      "type": "Feature",
      "geometry": {
        "type": "Point",
        "coordinates": [
          139.323863695,
          35.8220960090001
        ]
      },
      "properties": {
        "id": "saitama-13",
        "source_id": 13,
        "datetime": "2024-06-13T05:20:00.000Z",
        "date_source": "field",
        "has_time": true,
        "time_of_day": "daytime",
        "time_of_day_label": "昼",
        "season": "summer",
        "municipality": "入間市",
        "lat": 35.8220960090001,
        "lon": 139.323863695,
        "tags": {
          "地名": "入間市金子",
          "出没状況の概要": "地域住民が目撃",
          "出没頭数": 1,
          "被害状況": "ー",
          "出没レベル": "other",
          "報告者所属": "みどり自然課",
          "各自治体の対応状況": "ー",
          "出没年度": "令和６年度"
        },
        "seq": 11
      }
    },
    {
      "type": "Feature",
      "geometry": {
        "type": "Point",
        "coordinates": [
          138.86851965,
          36.05560094
        ]
      },
      "properties": {
        "id": "saitama-15",
        "source_id": 15,
        "datetime": "2024-06-18T03:00:00.000Z",
        "date_source": "date_only",
        "has_time": false,
        "time_of_day": "unknown",
        "time_of_day_label": "不明",
        "season": "summer",
        "municipality": "小鹿野町",
        "lat": 36.05560094,
        "lon": 138.86851965,
        "tags": {
          "地名": "河原沢字原十区公会堂付近",
          "出没状況の概要": "地域住民が目撃",
          "出没頭数": 1,
          "被害状況": "物損被害あり（養蜂箱１）",
          "出没レベル": "other",
          "報告者所属": "みどり自然課",
          "各自治体の対応状況": "ー",
          "出没年度": "令和６年度"
        },
        "seq": 12
      }
    },
    {
      "type": "Feature",
      "geometry": {
        "type": "Point",
        "coordinates": [
          139.02592204,
          36.12191433
        ]
      },
      "properties": {
        "id": "saitama-16",
        "source_id": 16,
        "datetime": "2024-06-20T10:00:00.000Z",
        "date_source": "field",
        "has_time": true,
        "time_of_day": "night",
        "time_of_day_label": "夜間",
        "season": "summer",
        "municipality": "神川町",
        "lat": 36.12191433,
        "lon": 139.02592204,
        "tags": {
          "地名": "神川町矢納地内山中",
          "出没状況の概要": "工事関係者が目撃",
          "出没頭数": 1,
          "被害状況": "人身、物損被害なし",
          "出没レベル": "other",
          "報告者所属": "みどり自然課",
          "各自治体の対応状況": "ー",
          "出没年度": "令和６年度"
        },
        "seq": 13
      }
    },
    {
      "type": "Feature",
      "geometry": {
        "type": "Point",
        "coordinates": [
          139.186070281631,
          35.8755779899071
        ]
      },
      "properties": {
        "id": "saitama-17",
        "source_id": 17,
        "datetime": "2024-06-20T23:50:00.000Z",
        "date_source": "field",
        "has_time": true,
        "time_of_day": "morning",
        "time_of_day_label": "朝",
        "season": "summer",
        "municipality": "飯能市",
        "lat": 35.8755779899071,
        "lon": 139.186070281631,
        "tags": {
          "地名": "飯能市上名栗",
          "出没状況の概要": "地域住民が目撃",
          "出没頭数": 1,
          "被害状況": "ー\n\n",
          "出没レベル": "other",
          "報告者所属": "みどり自然課",
          "各自治体の対応状況": "ー",
          "出没年度": "令和６年度"
        },
        "seq": 14
      }
    },
    {
      "type": "Feature",
      "geometry": {
        "type": "Point",
        "coordinates": [
          139.166711320319,
          35.9033799725129
        ]
      },
      "properties": {
        "id": "saitama-18",
        "source_id": 18,
        "datetime": "2024-06-22T08:30:00.000Z",
        "date_source": "field",
        "has_time": true,
        "time_of_day": "evening",
        "time_of_day_label": "夕方",
        "season": "summer",
        "municipality": "飯能市",
        "lat": 35.9033799725129,
        "lon": 139.166711320319,
        "tags": {
          "地名": "飯能市上名栗山伏峠頂上付近",
          "出没状況の概要": "車で走行中の人が目撃",
          "出没頭数": 1,
          "被害状況": "ー",
          "出没レベル": "other",
          "報告者所属": "みどり自然課",
          "各自治体の対応状況": "ー",
          "出没年度": "令和６年度"
        },
        "seq": 15
      }
    },
    {
      "type": "Feature",
      "geometry": {
        "type": "Point",
        "coordinates": [
          139.165759769998,
          35.9017201699994
        ]
      },
      "properties": {
        "id": "saitama-19",
        "source_id": 19,
        "datetime": "2024-06-24T02:00:00.000Z",
        "date_source": "field",
        "has_time": true,
        "time_of_day": "daytime",
        "time_of_day_label": "昼",
        "season": "summer",
        "municipality": "飯能市",
        "lat": 35.9017201699994,
        "lon": 139.165759769998,
        "tags": {
          "地名": "飯能市上名栗",
          "出没状況の概要": "電気作業員が鉄塔作業路入り口付近で目撃",
          "出没頭数": 1,
          "被害状況": "ー",
          "出没レベル": "other",
          "報告者所属": "みどり自然課",
          "各自治体の対応状況": "ー",
          "出没年度": "令和６年度"
        },
        "seq": 16
      }
    },
    {
      "type": "Feature",
      "geometry": {
        "type": "Point",
        "coordinates": [
          138.86851965,
          36.05560094
        ]
      },
      "properties": {
        "id": "saitama-20",
        "source_id": 20,
        "datetime": "2024-06-25T02:00:00.000Z",
        "date_source": "field",
        "has_time": true,
        "time_of_day": "daytime",
        "time_of_day_label": "昼",
        "season": "summer",
        "municipality": "小鹿野町",
        "lat": 36.05560094,
        "lon": 138.86851965,
        "tags": {
          "地名": "小鹿野町河原沢字原十区公会堂付近",
          "出没状況の概要": "地域住民が目撃",
          "出没頭数": 1,
          "被害状況": "物損被害あり（養蜂箱１箱）",
          "出没レベル": "other",
          "報告者所属": "みどり自然課",
          "各自治体の対応状況": "ー",
          "出没年度": "令和６年度"
        },
        "seq": 17
      }
    },
    {
      "type": "Feature",
      "geometry": {
        "type": "Point",
        "coordinates": [
          139.060053358418,
          36.0744525486962
        ]
      },
      "properties": {
        "id": "saitama-21",
        "source_id": 21,
        "datetime": "2024-06-26T03:00:00.000Z",
        "date_source": "date_only",
        "has_time": false,
        "time_of_day": "unknown",
        "time_of_day_label": "不明",
        "season": "summer",
        "municipality": "皆野町",
        "lat": 36.0744525486962,
        "lon": 139.060053358418,
        "tags": {
          "地名": "皆野町風破山山頂東６００ｍ",
          "出没状況の概要": "地域住民が目撃",
          "出没頭数": 1,
          "被害状況": "ー",
          "出没レベル": "other",
          "報告者所属": "みどり自然課",
          "各自治体の対応状況": "ー\n",
          "出没年度": "令和６年度"
        },
        "seq": 18
      }
    },
    {
      "type": "Feature",
      "geometry": {
        "type": "Point",
        "coordinates": [
          139.02553545,
          36.0108182600001
        ]
      },
      "properties": {
        "id": "saitama-22",
        "source_id": 22,
        "datetime": "2024-06-26T05:00:00.000Z",
        "date_source": "field",
        "has_time": true,
        "time_of_day": "daytime",
        "time_of_day_label": "昼",
        "season": "summer",
        "municipality": "小鹿野町",
        "lat": 36.0108182600001,
        "lon": 139.02553545,
        "tags": {
          "地名": "小鹿野町下小鹿野宇古洞　津谷木橋南５００ｍ       付近",
          "出没状況の概要": "地域住民が目撃",
          "出没頭数": 1,
          "被害状況": "ー",
          "出没レベル": "other",
          "報告者所属": "みどり自然課",
          "各自治体の対応状況": "ー",
          "出没年度": "令和６年度"
        },
        "seq": 19
      }
    },
    {
      "type": "Feature",
      "geometry": {
        "type": "Point",
        "coordinates": [
          139.293919599998,
          35.8620579499995
        ]
      },
      "properties": {
        "id": "saitama-23",
        "source_id": 23,
        "datetime": "2024-06-27T06:00:00.000Z",
        "date_source": "field",
        "has_time": true,
        "time_of_day": "daytime",
        "time_of_day_label": "昼",
        "season": "summer",
        "municipality": "飯能市",
        "lat": 35.8620579499995,
        "lon": 139.293919599998,
        "tags": {
          "地名": "飯能市永田（アラ井材木付近河川敷）",
          "出没状況の概要": "釣り人が、崖の上から落ちてきたクマを目撃",
          "出没頭数": 1,
          "被害状況": "ー",
          "出没レベル": "other",
          "報告者所属": "みどり自然課",
          "各自治体の対応状況": "ー",
          "出没年度": "令和６年度"
        },
        "seq": 20
      }
    },
    {
      "type": "Feature",
      "geometry": {
        "type": "Point",
        "coordinates": [
          138.86851965,
          36.05560094
        ]
      },
      "properties": {
        "id": "saitama-24",
        "source_id": 24,
        "datetime": "2024-06-26T20:00:00.000Z",
        "date_source": "field",
        "has_time": true,
        "time_of_day": "morning",
        "time_of_day_label": "朝",
        "season": "summer",
        "municipality": "小鹿野町",
        "lat": 36.05560094,
        "lon": 138.86851965,
        "tags": {
          "地名": "小鹿野町河原沢字坂本　坂本バス停北西１５０ｍ",
          "出没状況の概要": "地域住民が目撃",
          "出没頭数": 1,
          "被害状況": "ー",
          "出没レベル": "other",
          "報告者所属": "みどり自然課",
          "各自治体の対応状況": "ー",
          "出没年度": "令和６年度"
        },
        "seq": 21
      }
    },
    {
      "type": "Feature",
      "geometry": {
        "type": "Point",
        "coordinates": [
          138.888457,
          35.93675746
        ]
      },
      "properties": {
        "id": "saitama-25",
        "source_id": 25,
        "datetime": "2024-06-27T01:45:00.000Z",
        "date_source": "field",
        "has_time": true,
        "time_of_day": "daytime",
        "time_of_day_label": "昼",
        "season": "summer",
        "municipality": "秩父市",
        "lat": 35.93675746,
        "lon": 138.888457,
        "tags": {
          "地名": "秩父市大滝強石区",
          "出没状況の概要": "地域住民が目撃",
          "出没頭数": 1,
          "被害状況": "ー",
          "出没レベル": "other",
          "報告者所属": "みどり自然課",
          "各自治体の対応状況": "ー",
          "出没年度": "令和６年度"
        },
        "seq": 22
      }
    },
    {
      "type": "Feature",
      "geometry": {
        "type": "Point",
        "coordinates": [
          138.984715844961,
          35.9571865042466
        ]
      },
      "properties": {
        "id": "saitama-26",
        "source_id": 26,
        "datetime": "2024-06-27T08:00:00.000Z",
        "date_source": "field",
        "has_time": true,
        "time_of_day": "evening",
        "time_of_day_label": "夕方",
        "season": "summer",
        "municipality": "秩父市",
        "lat": 35.9571865042466,
        "lon": 138.984715844961,
        "tags": {
          "地名": "荒川白久",
          "出没状況の概要": "猟友会からの通報",
          "出没頭数": 2,
          "被害状況": "ー",
          "出没レベル": "other",
          "報告者所属": "みどり自然課",
          "各自治体の対応状況": "ー",
          "出没年度": "令和６年度"
        },
        "seq": 23
      }
    },
    {
      "type": "Feature",
      "geometry": {
        "type": "Point",
        "coordinates": [
          139.27412988584,
          35.8632726435838
        ]
      },
      "properties": {
        "id": "saitama-28",
        "source_id": 28,
        "datetime": "2024-05-31T23:45:00.000Z",
        "date_source": "field",
        "has_time": true,
        "time_of_day": "morning",
        "time_of_day_label": "朝",
        "season": "summer",
        "municipality": "飯能市",
        "lat": 35.8632726435838,
        "lon": 139.27412988584,
        "tags": {
          "地名": "飯能市小岩井",
          "出没状況の概要": "地域住民が目撃",
          "出没頭数": 2,
          "被害状況": "ー",
          "出没レベル": "other",
          "報告者所属": "みどり自然課",
          "各自治体の対応状況": "ー",
          "出没年度": "令和６年度"
        },
        "seq": 24
      }
    },
    {
      "type": "Feature",
      "geometry": {
        "type": "Point",
        "coordinates": [
          138.92954918,
          36.03433843
        ]
      },
      "properties": {
        "id": "saitama-29",
        "source_id": 29,
        "datetime": "2024-06-16T01:00:00.000Z",
        "date_source": "field",
        "has_time": true,
        "time_of_day": "daytime",
        "time_of_day_label": "昼",
        "season": "summer",
        "municipality": "小鹿野町",
        "lat": 36.03433843,
        "lon": 138.92954918,
        "tags": {
          "地名": "小鹿野町三山大指三ケ原集会所北１００ｍ付近",
          "出没状況の概要": "地域住民が目撃",
          "出没頭数": 1,
          "被害状況": "―",
          "出没レベル": "other",
          "報告者所属": "みどり自然課",
          "各自治体の対応状況": "ー",
          "出没年度": "令和６年度"
        },
        "seq": 25
      }
    },
    {
      "type": "Feature",
      "geometry": {
        "type": "Point",
        "coordinates": [
          139.33473735,
          35.8355866800001
        ]
      },
      "properties": {
        "id": "saitama-56",
        "source_id": 56,
        "datetime": "2024-07-01T10:35:00.000Z",
        "date_source": "field",
        "has_time": true,
        "time_of_day": "night",
        "time_of_day_label": "夜間",
        "season": "summer",
        "municipality": "飯能市",
        "lat": 35.8355866800001,
        "lon": 139.33473735,
        "tags": {
          "地名": "阿須 （駿河台大学と入間市の間にある山中）",
          "出没状況の概要": "駿河台大学東側道路を入間市へ向かう途中で右側にクマらしき動物を目撃。自身がイノシシ、カモシカを見たことがあるので、クマの可能性が高い。",
          "出没頭数": 1,
          "被害状況": "-",
          "出没レベル": "other",
          "報告者所属": "埼玉県",
          "出没年度": "令和６年度"
        },
        "seq": 26
      }
    },
    {
      "type": "Feature",
      "geometry": {
        "type": "Point",
        "coordinates": [
          139.153535337725,
          35.9357504155188
        ]
      },
      "properties": {
        "id": "saitama-57",
        "source_id": 57,
        "datetime": "2024-07-02T14:00:00.000Z",
        "date_source": "field",
        "has_time": true,
        "time_of_day": "night",
        "time_of_day_label": "夜間",
        "season": "summer",
        "municipality": "飯能市",
        "lat": 35.9357504155188,
        "lon": 139.153535337725,
        "tags": {
          "地名": "飯能市 名栗元気プラザ付近",
          "出没状況の概要": "車で走行中にクマを目撃した。\n",
          "出没頭数": 1,
          "被害状況": "-",
          "出没レベル": "other",
          "報告者所属": "埼玉県",
          "出没年度": "令和６年度"
        },
        "seq": 27
      }
    },
    {
      "type": "Feature",
      "geometry": {
        "type": "Point",
        "coordinates": [
          139.275365079998,
          35.8495669299994
        ]
      },
      "properties": {
        "id": "saitama-58",
        "source_id": 58,
        "datetime": "2024-07-03T01:00:00.000Z",
        "date_source": "field",
        "has_time": true,
        "time_of_day": "daytime",
        "time_of_day_label": "昼",
        "season": "summer",
        "municipality": "飯能市",
        "lat": 35.8495669299994,
        "lon": 139.275365079998,
        "tags": {
          "地名": "飯能市苅生付近",
          "出没状況の概要": "車で走行中にクマが道路を横断して、直竹側山中へ入ったのを目撃した。\n",
          "出没頭数": 1,
          "被害状況": "-",
          "出没レベル": "other",
          "報告者所属": "埼玉県",
          "出没年度": "令和６年度"
        },
        "seq": 28
      }
    },
    {
      "type": "Feature",
      "geometry": {
        "type": "Point",
        "coordinates": [
          138.862696205668,
          35.944789124627
        ]
      },
      "properties": {
        "id": "saitama-59",
        "source_id": 59,
        "datetime": "2024-07-03T20:30:00.000Z",
        "date_source": "field",
        "has_time": true,
        "time_of_day": "morning",
        "time_of_day_label": "朝",
        "season": "summer",
        "municipality": "秩父市",
        "lat": 35.944789124627,
        "lon": 138.862696205668,
        "tags": {
          "地名": "秩父市　大滝字栃本地内　栃本関所跡付近",
          "出没状況の概要": "地域住民が目撃\n",
          "出没頭数": 1,
          "被害状況": "-",
          "出没レベル": "other",
          "報告者所属": "埼玉県",
          "出没年度": "令和６年度"
        },
        "seq": 29
      }
    },
    {
      "type": "Feature",
      "geometry": {
        "type": "Point",
        "coordinates": [
          138.97270689,
          36.06089775
        ]
      },
      "properties": {
        "id": "saitama-60",
        "source_id": 60,
        "datetime": "2024-07-03T22:00:00.000Z",
        "date_source": "field",
        "has_time": true,
        "time_of_day": "morning",
        "time_of_day_label": "朝",
        "season": "summer",
        "municipality": "秩父市",
        "lat": 36.06089775,
        "lon": 138.97270689,
        "tags": {
          "地名": "秩父市　上吉田久方橋付近",
          "出没状況の概要": "警察署から連絡\n",
          "出没頭数": 1,
          "被害状況": "-",
          "出没レベル": "other",
          "報告者所属": "埼玉県",
          "出没年度": "令和６年度"
        },
        "seq": 30
      }
    },
    {
      "type": "Feature",
      "geometry": {
        "type": "Point",
        "coordinates": [
          138.963701468844,
          35.9533973786771
        ]
      },
      "properties": {
        "id": "saitama-61",
        "source_id": 61,
        "datetime": "2024-07-04T00:25:00.000Z",
        "date_source": "field",
        "has_time": true,
        "time_of_day": "morning",
        "time_of_day_label": "朝",
        "season": "summer",
        "municipality": "秩父市",
        "lat": 35.9533973786771,
        "lon": 138.963701468844,
        "tags": {
          "地名": "秩父市　大滝字強石地内",
          "出没状況の概要": "地域住民が目撃\n",
          "出没頭数": 1,
          "被害状況": "-",
          "出没レベル": "other",
          "報告者所属": "埼玉県",
          "出没年度": "令和６年度"
        },
        "seq": 31
      }
    },
    {
      "type": "Feature",
      "geometry": {
        "type": "Point",
        "coordinates": [
          138.945059427195,
          35.9840888786448
        ]
      },
      "properties": {
        "id": "saitama-62",
        "source_id": 62,
        "datetime": "2024-07-04T09:50:00.000Z",
        "date_source": "field",
        "has_time": true,
        "time_of_day": "evening",
        "time_of_day_label": "夕方",
        "season": "summer",
        "municipality": "小鹿野町",
        "lat": 35.9840888786448,
        "lon": 138.945059427195,
        "tags": {
          "地名": "小鹿野町　両神小森字大谷　大谷橋南１００ｍ",
          "出没状況の概要": "地域住民が目撃\n",
          "出没頭数": 1,
          "被害状況": "-",
          "出没レベル": "other",
          "報告者所属": "埼玉県",
          "出没年度": "令和６年度"
        },
        "seq": 32
      }
    },
    {
      "type": "Feature",
      "geometry": {
        "type": "Point",
        "coordinates": [
          138.984330479998,
          35.9572654999995
        ]
      },
      "properties": {
        "id": "saitama-64",
        "source_id": 64,
        "datetime": "2024-07-04T21:00:00.000Z",
        "date_source": "field",
        "has_time": true,
        "time_of_day": "morning",
        "time_of_day_label": "朝",
        "season": "summer",
        "municipality": "秩父市",
        "lat": 35.9572654999995,
        "lon": 138.984330479998,
        "tags": {
          "地名": "秩父市　荒川白久（三峯駅南東５００ｍ付近）",
          "出没状況の概要": "地域住民が目撃\n",
          "出没頭数": 2,
          "被害状況": "-",
          "出没レベル": "other",
          "報告者所属": "埼玉県",
          "出没年度": "令和６年度"
        },
        "seq": 33
      }
    },
    {
      "type": "Feature",
      "geometry": {
        "type": "Point",
        "coordinates": [
          139.061391483555,
          35.9411398116225
        ]
      },
      "properties": {
        "id": "saitama-65",
        "source_id": 65,
        "datetime": "2024-07-10T19:30:00.000Z",
        "date_source": "field",
        "has_time": true,
        "time_of_day": "night",
        "time_of_day_label": "夜間",
        "season": "summer",
        "municipality": "秩父市",
        "lat": 35.9411398116225,
        "lon": 139.061391483555,
        "tags": {
          "地名": "秩父市　浦山日向公会堂南１００ｍ付近",
          "出没状況の概要": "地域住民が目撃\n",
          "出没頭数": 1,
          "被害状況": "-",
          "出没レベル": "other",
          "報告者所属": "埼玉県",
          "出没年度": "令和６年度"
        },
        "seq": 34
      }
    },
    {
      "type": "Feature",
      "geometry": {
        "type": "Point",
        "coordinates": [
          138.975646440165,
          35.9625986429996
        ]
      },
      "properties": {
        "id": "saitama-66",
        "source_id": 66,
        "datetime": "2024-07-11T06:20:00.000Z",
        "date_source": "field",
        "has_time": true,
        "time_of_day": "daytime",
        "time_of_day_label": "昼",
        "season": "summer",
        "municipality": "秩父市",
        "lat": 35.9625986429996,
        "lon": 138.975646440165,
        "tags": {
          "地名": "秩父市　荒川贄川",
          "出没状況の概要": "地域住民が目撃\n",
          "出没頭数": 1,
          "被害状況": "-",
          "出没レベル": "other",
          "報告者所属": "埼玉県",
          "出没年度": "令和６年度"
        },
        "seq": 35
      }
    },
    {
      "type": "Feature",
      "geometry": {
        "type": "Point",
        "coordinates": [
          139.198731481653,
          35.8517506699313
        ]
      },
      "properties": {
        "id": "saitama-67",
        "source_id": 67,
        "datetime": "2024-07-11T12:10:00.000Z",
        "date_source": "field",
        "has_time": true,
        "time_of_day": "night",
        "time_of_day_label": "夜間",
        "season": "summer",
        "municipality": "飯能市",
        "lat": 35.8517506699313,
        "lon": 139.198731481653,
        "tags": {
          "地名": "飯能市　下名栗 小沢交差点",
          "出没状況の概要": "下名栗小沢交差点を車で走行中、クマが道路を横断しているのを目撃した。\n",
          "出没頭数": 1,
          "被害状況": "-",
          "出没レベル": "other",
          "報告者所属": "埼玉県",
          "出没年度": "令和６年度"
        },
        "seq": 36
      }
    },
    {
      "type": "Feature",
      "geometry": {
        "type": "Point",
        "coordinates": [
          138.971229027478,
          35.9081114250739
        ]
      },
      "properties": {
        "id": "saitama-68",
        "source_id": 68,
        "datetime": "2024-07-15T18:30:00.000Z",
        "date_source": "field",
        "has_time": true,
        "time_of_day": "night",
        "time_of_day_label": "夜間",
        "season": "summer",
        "municipality": "秩父市",
        "lat": 35.9081114250739,
        "lon": 138.971229027478,
        "tags": {
          "地名": "秩父市　大滝字大血川地内　大陽寺",
          "出没状況の概要": "住職からの通報\n",
          "出没頭数": 1,
          "被害状況": "-",
          "出没レベル": "other",
          "報告者所属": "埼玉県",
          "出没年度": "令和６年度"
        },
        "seq": 37
      }
    },
    {
      "type": "Feature",
      "geometry": {
        "type": "Point",
        "coordinates": [
          138.888457,
          35.93675746
        ]
      },
      "properties": {
        "id": "saitama-69",
        "source_id": 69,
        "datetime": "2024-07-16T21:00:00.000Z",
        "date_source": "field",
        "has_time": true,
        "time_of_day": "morning",
        "time_of_day_label": "朝",
        "season": "summer",
        "municipality": "秩父市",
        "lat": 35.93675746,
        "lon": 138.888457,
        "tags": {
          "地名": "秩父市　大滝三峰三峰区集会所",
          "出没状況の概要": "地域住民が目撃\n",
          "出没頭数": 1,
          "被害状況": "-",
          "出没レベル": "other",
          "報告者所属": "埼玉県",
          "出没年度": "令和６年度"
        },
        "seq": 38
      }
    },
    {
      "type": "Feature",
      "geometry": {
        "type": "Point",
        "coordinates": [
          139.299067640348,
          35.8534126336929
        ]
      },
      "properties": {
        "id": "saitama-70",
        "source_id": 70,
        "datetime": "2024-07-16T23:30:00.000Z",
        "date_source": "field",
        "has_time": true,
        "time_of_day": "morning",
        "time_of_day_label": "朝",
        "season": "summer",
        "municipality": "飯能市",
        "lat": 35.8534126336929,
        "lon": 139.299067640348,
        "tags": {
          "地名": "飯能市　大河原付近 （県道青梅飯能線）",
          "出没状況の概要": "茜台大橋からクリーンセンター方面へ車で走行中に、県道沿いの民家付近から1.5mくらいの黒くて痩せたクマが右から左にゆっくりと渡って行った。同日 8:38警察署へ通報した。\n",
          "出没頭数": 1,
          "被害状況": "-",
          "出没レベル": "other",
          "報告者所属": "埼玉県",
          "出没年度": "令和６年度"
        },
        "seq": 39
      }
    },
    {
      "type": "Feature",
      "geometry": {
        "type": "Point",
        "coordinates": [
          138.9260265133,
          35.9298330014245
        ]
      },
      "properties": {
        "id": "saitama-71",
        "source_id": 71,
        "datetime": "2024-07-18T05:00:00.000Z",
        "date_source": "field",
        "has_time": true,
        "time_of_day": "daytime",
        "time_of_day_label": "昼",
        "season": "summer",
        "municipality": "秩父市",
        "lat": 35.9298330014245,
        "lon": 138.9260265133,
        "tags": {
          "地名": "秩父市　大滝三峰浄水場付近",
          "出没状況の概要": "地域住民が目撃\n",
          "出没頭数": 1,
          "被害状況": "-",
          "出没レベル": "other",
          "報告者所属": "埼玉県",
          "出没年度": "令和６年度"
        },
        "seq": 40
      }
    },
    {
      "type": "Feature",
      "geometry": {
        "type": "Point",
        "coordinates": [
          139.163214320217,
          36.0108871812566
        ]
      },
      "properties": {
        "id": "saitama-72",
        "source_id": 72,
        "datetime": "2024-07-20T03:30:00.000Z",
        "date_source": "field",
        "has_time": true,
        "time_of_day": "daytime",
        "time_of_day_label": "昼",
        "season": "summer",
        "municipality": "秩父市",
        "lat": 36.0108871812566,
        "lon": 139.163214320217,
        "tags": {
          "地名": "秩父市　定峰峠頂上秩父側３００ｍ付近",
          "出没状況の概要": "地域住民が目撃\n",
          "出没頭数": 1,
          "被害状況": "-",
          "出没レベル": "other",
          "報告者所属": "埼玉県",
          "出没年度": "令和６年度"
        },
        "seq": 41
      }
    },
    {
      "type": "Feature",
      "geometry": {
        "type": "Point",
        "coordinates": [
          139.157783501446,
          35.8582897152729
        ]
      },
      "properties": {
        "id": "saitama-73",
        "source_id": 73,
        "datetime": "2024-07-21T01:00:00.000Z",
        "date_source": "field",
        "has_time": true,
        "time_of_day": "daytime",
        "time_of_day_label": "昼",
        "season": "summer",
        "municipality": "飯能市",
        "lat": 35.8582897152729,
        "lon": 139.157783501446,
        "tags": {
          "地名": "飯能市下名栗　棒ノ嶺東側",
          "出没状況の概要": "棒ノ嶺を下山中に、クマが登山道を横切るところを目撃した。\n",
          "出没頭数": 1,
          "被害状況": "-",
          "出没レベル": "other",
          "報告者所属": "埼玉県",
          "出没年度": "令和６年度"
        },
        "seq": 42
      }
    },
    {
      "type": "Feature",
      "geometry": {
        "type": "Point",
        "coordinates": [
          139.31079224651,
          35.8524425541289
        ]
      },
      "properties": {
        "id": "saitama-74",
        "source_id": 74,
        "datetime": "2024-07-23T10:00:00.000Z",
        "date_source": "field",
        "has_time": true,
        "time_of_day": "night",
        "time_of_day_label": "夜間",
        "season": "summer",
        "municipality": "飯能市",
        "lat": 35.8524425541289,
        "lon": 139.31079224651,
        "tags": {
          "地名": "飯能市大河原４丁目付近",
          "出没状況の概要": "車で走行中、クマが車道を横切る所を目撃した。\n",
          "出没頭数": 1,
          "被害状況": "-",
          "出没レベル": "other",
          "報告者所属": "埼玉県",
          "出没年度": "令和６年度"
        },
        "seq": 43
      }
    },
    {
      "type": "Feature",
      "geometry": {
        "type": "Point",
        "coordinates": [
          138.898512999943,
          36.0797668090456
        ]
      },
      "properties": {
        "id": "saitama-75",
        "source_id": 75,
        "datetime": "2024-07-26T01:00:00.000Z",
        "date_source": "field",
        "has_time": true,
        "time_of_day": "daytime",
        "time_of_day_label": "昼",
        "season": "summer",
        "municipality": "小鹿野町",
        "lat": 36.0797668090456,
        "lon": 138.898512999943,
        "tags": {
          "地名": "小鹿野町藤倉付近",
          "出没状況の概要": "地域住民が目撃\n",
          "出没頭数": 1,
          "被害状況": "-",
          "出没レベル": "other",
          "報告者所属": "埼玉県",
          "出没年度": "令和６年度"
        },
        "seq": 44
      }
    },
    {
      "type": "Feature",
      "geometry": {
        "type": "Point",
        "coordinates": [
          138.931805500265,
          35.9535486222551
        ]
      },
      "properties": {
        "id": "saitama-76",
        "source_id": 76,
        "datetime": "2024-07-26T02:00:00.000Z",
        "date_source": "field",
        "has_time": true,
        "time_of_day": "daytime",
        "time_of_day_label": "昼",
        "season": "summer",
        "municipality": "秩父市",
        "lat": 35.9535486222551,
        "lon": 138.931805500265,
        "tags": {
          "地名": "秩父市大滝三十場付近",
          "出没状況の概要": "地域住民が目撃\n",
          "出没頭数": 1,
          "被害状況": "-",
          "出没レベル": "other",
          "報告者所属": "埼玉県",
          "出没年度": "令和６年度"
        },
        "seq": 45
      }
    },
    {
      "type": "Feature",
      "geometry": {
        "type": "Point",
        "coordinates": [
          138.982913735778,
          35.9574309624527
        ]
      },
      "properties": {
        "id": "saitama-77",
        "source_id": 77,
        "datetime": "2024-07-26T09:30:00.000Z",
        "date_source": "field",
        "has_time": true,
        "time_of_day": "evening",
        "time_of_day_label": "夕方",
        "season": "summer",
        "municipality": "秩父市",
        "lat": 35.9574309624527,
        "lon": 138.982913735778,
        "tags": {
          "地名": "秩父市荒川白久",
          "出没状況の概要": "地域住民が目撃\n",
          "出没頭数": 1,
          "被害状況": "-",
          "出没レベル": "other",
          "報告者所属": "埼玉県",
          "出没年度": "令和６年度"
        },
        "seq": 46
      }
    },
    {
      "type": "Feature",
      "geometry": {
        "type": "Point",
        "coordinates": [
          138.894378754676,
          36.0209052191752
        ]
      },
      "properties": {
        "id": "saitama-78",
        "source_id": 78,
        "datetime": "2024-07-26T03:00:00.000Z",
        "date_source": "date_only",
        "has_time": false,
        "time_of_day": "unknown",
        "time_of_day_label": "不明",
        "season": "summer",
        "municipality": "小鹿野町",
        "lat": 36.0209052191752,
        "lon": 138.894378754676,
        "tags": {
          "地名": "小鹿野町両神簿出原　出原バス停北１００ｍ付近",
          "出没状況の概要": "地域住民が目撃\n",
          "出没頭数": 1,
          "被害状況": "-",
          "出没レベル": "other",
          "報告者所属": "埼玉県",
          "出没年度": "令和６年度"
        },
        "seq": 47
      }
    },
    {
      "type": "Feature",
      "geometry": {
        "type": "Point",
        "coordinates": [
          139.055193865127,
          36.0046532259864
        ]
      },
      "properties": {
        "id": "saitama-79",
        "source_id": 79,
        "datetime": "2024-09-02T03:00:00.000Z",
        "date_source": "date_only",
        "has_time": false,
        "time_of_day": "unknown",
        "time_of_day_label": "不明",
        "season": "autumn",
        "municipality": "秩父市",
        "lat": 36.0046532259864,
        "lon": 139.055193865127,
        "tags": {
          "地名": "秩父市秩父ミューズパーク音楽堂北７００ｍ付近",
          "出没状況の概要": "養蜂箱設置者",
          "出没頭数": 0,
          "被害状況": "-",
          "出没レベル": "other",
          "報告者所属": "埼玉県",
          "出没年度": "令和６年度"
        },
        "seq": 48
      }
    },
    {
      "type": "Feature",
      "geometry": {
        "type": "Point",
        "coordinates": [
          138.965150955619,
          36.0164092492091
        ]
      },
      "properties": {
        "id": "saitama-80",
        "source_id": 80,
        "datetime": "2024-07-27T03:00:00.000Z",
        "date_source": "date_only",
        "has_time": false,
        "time_of_day": "unknown",
        "time_of_day_label": "不明",
        "season": "summer",
        "municipality": "小鹿野町",
        "lat": 36.0164092492091,
        "lon": 138.965150955619,
        "tags": {
          "地名": "小鹿野町両神簿柏沢　柏沢公会堂南西３５０ｍ付近",
          "出没状況の概要": "地域住民が目撃\n",
          "出没頭数": 1,
          "被害状況": "-",
          "出没レベル": "other",
          "報告者所属": "埼玉県",
          "出没年度": "令和６年度"
        },
        "seq": 49
      }
    },
    {
      "type": "Feature",
      "geometry": {
        "type": "Point",
        "coordinates": [
          139.2422902208,
          35.9272326836018
        ]
      },
      "properties": {
        "id": "saitama-81",
        "source_id": 81,
        "datetime": "2024-09-05T23:20:00.000Z",
        "date_source": "field",
        "has_time": true,
        "time_of_day": "morning",
        "time_of_day_label": "朝",
        "season": "autumn",
        "municipality": "飯能市",
        "lat": 35.9272326836018,
        "lon": 139.2422902208,
        "tags": {
          "地名": "飯能市長沢",
          "出没状況の概要": "クマらしき動物がウリを食べているようで犬が吠えていた。",
          "出没頭数": 1,
          "被害状況": "-",
          "出没レベル": "other",
          "報告者所属": "埼玉県",
          "出没年度": "令和６年度"
        },
        "seq": 50
      }
    },
    {
      "type": "Feature",
      "geometry": {
        "type": "Point",
        "coordinates": [
          138.862922808113,
          35.9485440524015
        ]
      },
      "properties": {
        "id": "saitama-82",
        "source_id": 82,
        "datetime": "2024-07-30T00:00:00.000Z",
        "date_source": "field",
        "has_time": true,
        "time_of_day": "morning",
        "time_of_day_label": "朝",
        "season": "summer",
        "municipality": "秩父市",
        "lat": 35.9485440524015,
        "lon": 138.862922808113,
        "tags": {
          "地名": "秩父市大滝栃本広場付近",
          "出没状況の概要": "地域住民が目撃\n",
          "出没頭数": 1,
          "被害状況": "-",
          "出没レベル": "other",
          "報告者所属": "埼玉県",
          "出没年度": "令和６年度"
        },
        "seq": 51
      }
    },
    {
      "type": "Feature",
      "geometry": {
        "type": "Point",
        "coordinates": [
          138.93189373,
          35.9860809300001
        ]
      },
      "properties": {
        "id": "saitama-83",
        "source_id": 83,
        "datetime": "2024-09-10T01:40:00.000Z",
        "date_source": "field",
        "has_time": true,
        "time_of_day": "daytime",
        "time_of_day_label": "昼",
        "season": "autumn",
        "municipality": "小鹿野町",
        "lat": 35.9860809300001,
        "lon": 138.93189373,
        "tags": {
          "地名": "小鹿野町両神小森譲沢",
          "出没状況の概要": "地域住民が目撃",
          "出没頭数": 1,
          "被害状況": "-",
          "出没レベル": "other",
          "報告者所属": "埼玉県",
          "出没年度": "令和６年度"
        },
        "seq": 52
      }
    },
    {
      "type": "Feature",
      "geometry": {
        "type": "Point",
        "coordinates": [
          138.921412559632,
          36.0360284248045
        ]
      },
      "properties": {
        "id": "saitama-84",
        "source_id": 84,
        "datetime": "2024-07-30T15:00:00.000Z",
        "date_source": "field",
        "has_time": true,
        "time_of_day": "night",
        "time_of_day_label": "夜間",
        "season": "summer",
        "municipality": "小鹿野町",
        "lat": 36.0360284248045,
        "lon": 138.921412559632,
        "tags": {
          "地名": "小鹿野町三山楚里",
          "出没状況の概要": "地域住民が目撃\n",
          "出没頭数": 1,
          "被害状況": "-",
          "出没レベル": "other",
          "報告者所属": "埼玉県",
          "出没年度": "令和６年度"
        },
        "seq": 53
      }
    },
    {
      "type": "Feature",
      "geometry": {
        "type": "Point",
        "coordinates": [
          138.81108016,
          36.00374815
        ]
      },
      "properties": {
        "id": "saitama-85",
        "source_id": 85,
        "datetime": "2024-07-31T22:50:00.000Z",
        "date_source": "field",
        "has_time": true,
        "time_of_day": "morning",
        "time_of_day_label": "朝",
        "season": "summer",
        "municipality": "秩父市",
        "lat": 36.00374815,
        "lon": 138.81108016,
        "tags": {
          "地名": "秩父市中津川字東平地内",
          "出没状況の概要": "通行人が目撃\n",
          "出没頭数": 2,
          "被害状況": "-",
          "出没レベル": "other",
          "報告者所属": "埼玉県",
          "出没年度": "令和６年度"
        },
        "seq": 54
      }
    },
    {
      "type": "Feature",
      "geometry": {
        "type": "Point",
        "coordinates": [
          139.18148104,
          35.8740807500001
        ]
      },
      "properties": {
        "id": "saitama-86",
        "source_id": 86,
        "datetime": "2024-09-11T01:30:00.000Z",
        "date_source": "field",
        "has_time": true,
        "time_of_day": "daytime",
        "time_of_day_label": "昼",
        "season": "autumn",
        "municipality": "飯能市",
        "lat": 35.8740807500001,
        "lon": 139.18148104,
        "tags": {
          "地名": "飯能市下名栗　滝入線 滝入橋上流200ｍ",
          "出没状況の概要": "当地を視察中、約1mのクマが林道を横切るのを見撃した。\n",
          "出没頭数": 1,
          "被害状況": "-",
          "出没レベル": "other",
          "報告者所属": "埼玉県",
          "出没年度": "令和６年度"
        },
        "seq": 55
      }
    },
    {
      "type": "Feature",
      "geometry": {
        "type": "Point",
        "coordinates": [
          139.198412634057,
          35.850130573776
        ]
      },
      "properties": {
        "id": "saitama-87",
        "source_id": 87,
        "datetime": "2024-08-01T10:00:00.000Z",
        "date_source": "field",
        "has_time": true,
        "time_of_day": "night",
        "time_of_day_label": "夜間",
        "season": "summer",
        "municipality": "飯能市",
        "lat": 35.850130573776,
        "lon": 139.198412634057,
        "tags": {
          "地名": "飯能市下名栗付近",
          "出没状況の概要": "車で走行中、クマが車道を横切るところを目撃した。",
          "出没頭数": 1,
          "被害状況": "-\n",
          "出没レベル": "other",
          "報告者所属": "埼玉県",
          "出没年度": "令和６年度"
        },
        "seq": 56
      }
    },
    {
      "type": "Feature",
      "geometry": {
        "type": "Point",
        "coordinates": [
          139.008748789998,
          36.0171284599994
        ]
      },
      "properties": {
        "id": "saitama-88",
        "source_id": 88,
        "datetime": "2024-09-13T03:00:00.000Z",
        "date_source": "date_only",
        "has_time": false,
        "time_of_day": "unknown",
        "time_of_day_label": "不明",
        "season": "autumn",
        "municipality": "小鹿野町",
        "lat": 36.0171284599994,
        "lon": 139.008748789998,
        "tags": {
          "地名": "小鹿野町伊沢字風殿",
          "出没状況の概要": "地域住民が目撃\n",
          "出没頭数": 1,
          "被害状況": "-",
          "出没レベル": "other",
          "報告者所属": "埼玉県",
          "出没年度": "令和６年度"
        },
        "seq": 57
      }
    },
    {
      "type": "Feature",
      "geometry": {
        "type": "Point",
        "coordinates": [
          139.300561882227,
          35.8357178074468
        ]
      },
      "properties": {
        "id": "saitama-89",
        "source_id": 89,
        "datetime": "2024-08-02T02:00:00.000Z",
        "date_source": "field",
        "has_time": true,
        "time_of_day": "daytime",
        "time_of_day_label": "昼",
        "season": "summer",
        "municipality": "飯能市",
        "lat": 35.8357178074468,
        "lon": 139.300561882227,
        "tags": {
          "地名": "飯能市岩渕 岩井堂観音付近",
          "出没状況の概要": "車で走行中、山側からクマのような動物が県道を横断して、民家に入って行くのを目撃した。\n",
          "出没頭数": 1,
          "被害状況": "-",
          "出没レベル": "other",
          "報告者所属": "埼玉県",
          "出没年度": "令和６年度"
        },
        "seq": 58
      }
    },
    {
      "type": "Feature",
      "geometry": {
        "type": "Point",
        "coordinates": [
          139.18148104,
          35.8740807500001
        ]
      },
      "properties": {
        "id": "saitama-90",
        "source_id": 90,
        "datetime": "2024-09-17T06:00:00.000Z",
        "date_source": "field",
        "has_time": true,
        "time_of_day": "daytime",
        "time_of_day_label": "昼",
        "season": "autumn",
        "municipality": "飯能市",
        "lat": 35.8740807500001,
        "lon": 139.18148104,
        "tags": {
          "地名": "飯能市下名栗 大名栗線沿い神社",
          "出没状況の概要": "大名栗線大松閣奥の神社裏側が壊されていた。クマの爪痕あり。被害地手前は橋梁工事中のため、今は通行不可。作業員には注意するよう伝えた。工事終了後通行状況によっては看板等が必要。\n",
          "出没頭数": 1,
          "被害状況": "-",
          "出没レベル": "other",
          "報告者所属": "埼玉県",
          "出没年度": "令和６年度"
        },
        "seq": 59
      }
    },
    {
      "type": "Feature",
      "geometry": {
        "type": "Point",
        "coordinates": [
          139.00353729,
          36.0616778200001
        ]
      },
      "properties": {
        "id": "saitama-91",
        "source_id": 91,
        "datetime": "2024-08-02T06:40:00.000Z",
        "date_source": "field",
        "has_time": true,
        "time_of_day": "daytime",
        "time_of_day_label": "昼",
        "season": "summer",
        "municipality": "秩父市",
        "lat": 36.0616778200001,
        "lon": 139.00353729,
        "tags": {
          "地名": "秩父市吉田石間地内　石間浄水場付近",
          "出没状況の概要": "通行人が目撃\n",
          "出没頭数": 2,
          "被害状況": "-",
          "出没レベル": "other",
          "報告者所属": "埼玉県",
          "出没年度": "令和６年度"
        },
        "seq": 60
      }
    },
    {
      "type": "Feature",
      "geometry": {
        "type": "Point",
        "coordinates": [
          138.92740389,
          35.9242818400001
        ]
      },
      "properties": {
        "id": "saitama-93",
        "source_id": 93,
        "datetime": "2024-08-02T07:30:00.000Z",
        "date_source": "field",
        "has_time": true,
        "time_of_day": "evening",
        "time_of_day_label": "夕方",
        "season": "summer",
        "municipality": "秩父市",
        "lat": 35.9242818400001,
        "lon": 138.92740389,
        "tags": {
          "地名": "秩父市三峰字上倉地内",
          "出没状況の概要": "地域住民が目撃\n",
          "出没頭数": 1,
          "被害状況": "-",
          "出没レベル": "other",
          "報告者所属": "埼玉県",
          "出没年度": "令和６年度"
        },
        "seq": 61
      }
    },
    {
      "type": "Feature",
      "geometry": {
        "type": "Point",
        "coordinates": [
          138.888457,
          35.93675746
        ]
      },
      "properties": {
        "id": "saitama-94",
        "source_id": 94,
        "datetime": "2024-08-03T07:05:00.000Z",
        "date_source": "field",
        "has_time": true,
        "time_of_day": "evening",
        "time_of_day_label": "夕方",
        "season": "summer",
        "municipality": "秩父市",
        "lat": 35.93675746,
        "lon": 138.888457,
        "tags": {
          "地名": "秩父市大滝地内",
          "出没状況の概要": "登山者が目撃\n",
          "出没頭数": 1,
          "被害状況": "-",
          "出没レベル": "other",
          "報告者所属": "埼玉県",
          "出没年度": "令和６年度"
        },
        "seq": 62
      }
    },
    {
      "type": "Feature",
      "geometry": {
        "type": "Point",
        "coordinates": [
          139.18229255787,
          35.8854356039359
        ]
      },
      "properties": {
        "id": "saitama-95",
        "source_id": 95,
        "datetime": "2024-08-03T03:00:00.000Z",
        "date_source": "date_only",
        "has_time": false,
        "time_of_day": "unknown",
        "time_of_day_label": "不明",
        "season": "summer",
        "municipality": "飯能市",
        "lat": 35.8854356039359,
        "lon": 139.18229255787,
        "tags": {
          "地名": "飯能市上名栗 （小殿橋付近）",
          "出没状況の概要": "自動車で走行中、クマが県道を横切った。ドライブレコ―ダーにも記録されており、クマに間違いないと思う。",
          "出没頭数": 1,
          "被害状況": "-",
          "出没レベル": "other",
          "報告者所属": "埼玉県",
          "出没年度": "令和６年度"
        },
        "seq": 63
      }
    },
    {
      "type": "Feature",
      "geometry": {
        "type": "Point",
        "coordinates": [
          139.164825988718,
          36.1294055099061
        ]
      },
      "properties": {
        "id": "saitama-96",
        "source_id": 96,
        "datetime": "2024-10-04T03:55:00.000Z",
        "date_source": "field",
        "has_time": true,
        "time_of_day": "daytime",
        "time_of_day_label": "昼",
        "season": "autumn",
        "municipality": "寄居町",
        "lat": 36.1294055099061,
        "lon": 139.164825988718,
        "tags": {
          "地名": "寄居町末野",
          "出没状況の概要": "通報者がクマを目撃。町職員と猟友会により現場を確認したが、足跡は確認されず。\n",
          "出没頭数": 1,
          "被害状況": "-",
          "出没レベル": "other",
          "報告者所属": "埼玉県",
          "出没年度": "令和６年度"
        },
        "seq": 64
      }
    },
    {
      "type": "Feature",
      "geometry": {
        "type": "Point",
        "coordinates": [
          139.173986063433,
          35.9898184820969
        ]
      },
      "properties": {
        "id": "saitama-97",
        "source_id": 97,
        "datetime": "2024-08-04T21:47:00.000Z",
        "date_source": "field",
        "has_time": true,
        "time_of_day": "morning",
        "time_of_day_label": "朝",
        "season": "summer",
        "municipality": "秩父市",
        "lat": 35.9898184820969,
        "lon": 139.173986063433,
        "tags": {
          "地名": "秩父市定峰地内　白石峠付近",
          "出没状況の概要": "寄居林業事務所（定点カメラ）\n",
          "出没頭数": 1,
          "被害状況": "-",
          "出没レベル": "other",
          "報告者所属": "埼玉県",
          "出没年度": "令和６年度"
        },
        "seq": 65
      }
    },
    {
      "type": "Feature",
      "geometry": {
        "type": "Point",
        "coordinates": [
          139.208623468505,
          36.1062625498068
        ]
      },
      "properties": {
        "id": "saitama-98",
        "source_id": 98,
        "datetime": "2024-10-05T03:00:00.000Z",
        "date_source": "date_only",
        "has_time": false,
        "time_of_day": "unknown",
        "time_of_day_label": "不明",
        "season": "autumn",
        "municipality": "寄居町",
        "lat": 36.1062625498068,
        "lon": 139.208623468505,
        "tags": {
          "地名": "寄居町鉢形",
          "出没状況の概要": "地域住民がクマのような動物が木に登っていたのを目撃。町職員が現場の木にアライグマらしき爪痕を確認。後に猟友会も写真で確認をしたところ、アライグマの可能性が高いとのこと。残っていた足跡はどの動物か不明。\n",
          "出没頭数": 1,
          "被害状況": "-",
          "出没レベル": "other",
          "報告者所属": "埼玉県",
          "出没年度": "令和６年度"
        },
        "seq": 66
      }
    },
    {
      "type": "Feature",
      "geometry": {
        "type": "Point",
        "coordinates": [
          139.173771536807,
          35.9900500089317
        ]
      },
      "properties": {
        "id": "saitama-99",
        "source_id": 99,
        "datetime": "2024-08-05T04:48:00.000Z",
        "date_source": "field",
        "has_time": true,
        "time_of_day": "daytime",
        "time_of_day_label": "昼",
        "season": "summer",
        "municipality": "秩父市",
        "lat": 35.9900500089317,
        "lon": 139.173771536807,
        "tags": {
          "地名": "秩父市定峰地内　白石峠付近",
          "出没状況の概要": "寄居林業事務所（定点カメラ）\n",
          "出没頭数": 1,
          "被害状況": "-",
          "出没レベル": "other",
          "報告者所属": "埼玉県",
          "出没年度": "令和６年度"
        },
        "seq": 67
      }
    },
    {
      "type": "Feature",
      "geometry": {
        "type": "Point",
        "coordinates": [
          138.93189373,
          35.9860809300001
        ]
      },
      "properties": {
        "id": "saitama-100",
        "source_id": 100,
        "datetime": "2024-10-06T05:00:00.000Z",
        "date_source": "field",
        "has_time": true,
        "time_of_day": "daytime",
        "time_of_day_label": "昼",
        "season": "autumn",
        "municipality": "小鹿野町",
        "lat": 35.9860809300001,
        "lon": 138.93189373,
        "tags": {
          "地名": "小鹿野町両神小森地内",
          "出没状況の概要": "地域住民が目撃\n",
          "出没頭数": 1,
          "被害状況": "-",
          "出没レベル": "other",
          "報告者所属": "埼玉県",
          "出没年度": "令和６年度"
        },
        "seq": 68
      }
    },
    {
      "type": "Feature",
      "geometry": {
        "type": "Point",
        "coordinates": [
          138.993207369,
          35.958950879
        ]
      },
      "properties": {
        "id": "saitama-101",
        "source_id": 101,
        "datetime": "2024-08-09T07:00:00.000Z",
        "date_source": "field",
        "has_time": true,
        "time_of_day": "evening",
        "time_of_day_label": "夕方",
        "season": "summer",
        "municipality": "秩父市",
        "lat": 35.958950879,
        "lon": 138.993207369,
        "tags": {
          "地名": "秩父市荒川白久　秩父鉄道白久駅付近",
          "出没状況の概要": "地域住民が目撃\n",
          "出没頭数": 1,
          "被害状況": "-",
          "出没レベル": "other",
          "報告者所属": "埼玉県",
          "出没年度": "令和６年度"
        },
        "seq": 69
      }
    },
    {
      "type": "Feature",
      "geometry": {
        "type": "Point",
        "coordinates": [
          139.186697918541,
          35.8719882168966
        ]
      },
      "properties": {
        "id": "saitama-102",
        "source_id": 102,
        "datetime": "2024-08-09T10:30:00.000Z",
        "date_source": "field",
        "has_time": true,
        "time_of_day": "night",
        "time_of_day_label": "夜間",
        "season": "summer",
        "municipality": "飯能市",
        "lat": 35.8719882168966,
        "lon": 139.186697918541,
        "tags": {
          "地名": "飯能市下名栗 （川又交差点）",
          "出没状況の概要": "クマが県道を横断するのを目撃した。\n",
          "出没頭数": 1,
          "被害状況": "-",
          "出没レベル": "other",
          "報告者所属": "埼玉県",
          "出没年度": "令和６年度"
        },
        "seq": 70
      }
    },
    {
      "type": "Feature",
      "geometry": {
        "type": "Point",
        "coordinates": [
          139.174000143066,
          35.989963222345
        ]
      },
      "properties": {
        "id": "saitama-103",
        "source_id": 103,
        "datetime": "2024-08-09T18:32:00.000Z",
        "date_source": "field",
        "has_time": true,
        "time_of_day": "night",
        "time_of_day_label": "夜間",
        "season": "summer",
        "municipality": "秩父市",
        "lat": 35.989963222345,
        "lon": 139.174000143066,
        "tags": {
          "地名": "秩父市定峰地内　白石峠付近",
          "出没状況の概要": "寄居林業事務所（定点カメラ）\n",
          "出没頭数": 1,
          "被害状況": "-",
          "出没レベル": "other",
          "報告者所属": "埼玉県",
          "出没年度": "令和６年度"
        },
        "seq": 71
      }
    },
    {
      "type": "Feature",
      "geometry": {
        "type": "Point",
        "coordinates": [
          139.282749918884,
          35.867615391438
        ]
      },
      "properties": {
        "id": "saitama-104",
        "source_id": 104,
        "datetime": "2024-10-06T23:10:00.000Z",
        "date_source": "field",
        "has_time": true,
        "time_of_day": "morning",
        "time_of_day_label": "朝",
        "season": "autumn",
        "municipality": "飯能市",
        "lat": 35.867615391438,
        "lon": 139.282749918884,
        "tags": {
          "地名": "飯能市永田　県道",
          "出没状況の概要": "自動車で現場を通過時、「森のはちみつや」付近から北側に道路を横断するクマを目撃。\n",
          "出没頭数": 1,
          "被害状況": "-",
          "出没レベル": "other",
          "報告者所属": "埼玉県",
          "出没年度": "令和６年度"
        },
        "seq": 72
      }
    },
    {
      "type": "Feature",
      "geometry": {
        "type": "Point",
        "coordinates": [
          138.977788004,
          35.9602164670001
        ]
      },
      "properties": {
        "id": "saitama-105",
        "source_id": 105,
        "datetime": "2024-08-11T08:20:00.000Z",
        "date_source": "field",
        "has_time": true,
        "time_of_day": "evening",
        "time_of_day_label": "夕方",
        "season": "summer",
        "municipality": "秩父市",
        "lat": 35.9602164670001,
        "lon": 138.977788004,
        "tags": {
          "地名": "秩父市荒川白久地内　三峰口駅南東６００ｍ",
          "出没状況の概要": "地域住民が目撃\n",
          "出没頭数": 1,
          "被害状況": "-",
          "出没レベル": "other",
          "報告者所属": "埼玉県",
          "出没年度": "令和６年度"
        },
        "seq": 73
      }
    },
    {
      "type": "Feature",
      "geometry": {
        "type": "Point",
        "coordinates": [
          139.2491585199,
          36.0994510800103
        ]
      },
      "properties": {
        "id": "saitama-106",
        "source_id": 106,
        "datetime": "2024-10-07T20:00:00.000Z",
        "date_source": "field",
        "has_time": true,
        "time_of_day": "morning",
        "time_of_day_label": "朝",
        "season": "autumn",
        "municipality": "寄居町",
        "lat": 36.0994510800103,
        "lon": 139.2491585199,
        "tags": {
          "地名": "寄居町牟礼",
          "出没状況の概要": "目撃した通報者に聞き取りを行った。町職員と猟友会により現場を確認したが、特に痕跡は確認されず。\n",
          "出没頭数": 2,
          "被害状況": "-",
          "出没レベル": "other",
          "報告者所属": "埼玉県",
          "出没年度": "令和６年度"
        },
        "seq": 74
      }
    },
    {
      "type": "Feature",
      "geometry": {
        "type": "Point",
        "coordinates": [
          139.27081271,
          35.8641025000001
        ]
      },
      "properties": {
        "id": "saitama-107",
        "source_id": 107,
        "datetime": "2024-10-09T05:40:00.000Z",
        "date_source": "field",
        "has_time": true,
        "time_of_day": "daytime",
        "time_of_day_label": "昼",
        "season": "autumn",
        "municipality": "飯能市",
        "lat": 35.8641025000001,
        "lon": 139.27081271,
        "tags": {
          "地名": "飯能市小岩井 自由の森学園付近",
          "出没状況の概要": "学校への来客が子熊を目撃。入間川を並行する道から学校方面に入った辺り。\n",
          "出没頭数": 1,
          "被害状況": "-",
          "出没レベル": "other",
          "報告者所属": "埼玉県",
          "出没年度": "令和６年度"
        },
        "seq": 75
      }
    },
    {
      "type": "Feature",
      "geometry": {
        "type": "Point",
        "coordinates": [
          138.899660231031,
          35.9885570341662
        ]
      },
      "properties": {
        "id": "saitama-108",
        "source_id": 108,
        "datetime": "2024-08-12T06:00:00.000Z",
        "date_source": "field",
        "has_time": true,
        "time_of_day": "daytime",
        "time_of_day_label": "昼",
        "season": "summer",
        "municipality": "小鹿野町",
        "lat": 35.9885570341662,
        "lon": 138.899660231031,
        "tags": {
          "地名": "小鹿野町両神小森",
          "出没状況の概要": "自宅裏の花を摘みに行ったところ、クマに襲われ顔を引っかかれ怪我を負った。\n",
          "出没頭数": 1,
          "被害状況": "人身被害あり（女性７０歳負傷）",
          "出没レベル": "other",
          "報告者所属": "埼玉県",
          "出没年度": "令和６年度"
        },
        "seq": 76
      }
    },
    {
      "type": "Feature",
      "geometry": {
        "type": "Point",
        "coordinates": [
          139.312846399521,
          35.8562290788884
        ]
      },
      "properties": {
        "id": "saitama-109",
        "source_id": 109,
        "datetime": "2024-10-12T16:20:00.000Z",
        "date_source": "field",
        "has_time": true,
        "time_of_day": "night",
        "time_of_day_label": "夜間",
        "season": "autumn",
        "municipality": "飯能市",
        "lat": 35.8562290788884,
        "lon": 139.312846399521,
        "tags": {
          "地名": "飯能市山手町5丁目",
          "出没状況の概要": "県道を名栗方面に向かっているクマを目撃。\n",
          "出没頭数": 1,
          "被害状況": "-",
          "出没レベル": "other",
          "報告者所属": "埼玉県",
          "出没年度": "令和６年度"
        },
        "seq": 77
      }
    },
    {
      "type": "Feature",
      "geometry": {
        "type": "Point",
        "coordinates": [
          138.888457,
          35.93675746
        ]
      },
      "properties": {
        "id": "saitama-110",
        "source_id": 110,
        "datetime": "2024-08-14T01:00:00.000Z",
        "date_source": "field",
        "has_time": true,
        "time_of_day": "daytime",
        "time_of_day_label": "昼",
        "season": "summer",
        "municipality": "秩父市",
        "lat": 35.93675746,
        "lon": 138.888457,
        "tags": {
          "地名": "秩父市大滝地内",
          "出没状況の概要": "登山者が目撃\n",
          "出没頭数": 1,
          "被害状況": "-",
          "出没レベル": "other",
          "報告者所属": "埼玉県",
          "出没年度": "令和６年度"
        },
        "seq": 78
      }
    },
    {
      "type": "Feature",
      "geometry": {
        "type": "Point",
        "coordinates": [
          139.032406799998,
          35.9879672499994
        ]
      },
      "properties": {
        "id": "saitama-111",
        "source_id": 111,
        "datetime": "2024-10-26T01:00:00.000Z",
        "date_source": "field",
        "has_time": true,
        "time_of_day": "daytime",
        "time_of_day_label": "昼",
        "season": "autumn",
        "municipality": "小鹿野町",
        "lat": 35.9879672499994,
        "lon": 139.032406799998,
        "tags": {
          "地名": "小鹿野町長留字屋敷",
          "出没状況の概要": "地域住民が目撃\n",
          "出没頭数": 1,
          "被害状況": "-",
          "出没レベル": "other",
          "報告者所属": "埼玉県",
          "出没年度": "令和６年度"
        },
        "seq": 79
      }
    },
    {
      "type": "Feature",
      "geometry": {
        "type": "Point",
        "coordinates": [
          139.044754914495,
          35.9687163676723
        ]
      },
      "properties": {
        "id": "saitama-112",
        "source_id": 112,
        "datetime": "2024-08-17T03:00:00.000Z",
        "date_source": "date_only",
        "has_time": false,
        "time_of_day": "unknown",
        "time_of_day_label": "不明",
        "season": "summer",
        "municipality": "秩父市",
        "lat": 35.9687163676723,
        "lon": 139.044754914495,
        "tags": {
          "地名": "秩父市久那地内　杵築神社東１００ｍ付近",
          "出没状況の概要": "養蜂箱設置者\n",
          "出没頭数": 0,
          "被害状況": "-",
          "出没レベル": "other",
          "報告者所属": "埼玉県",
          "出没年度": "令和６年度"
        },
        "seq": 80
      }
    },
    {
      "type": "Feature",
      "geometry": {
        "type": "Point",
        "coordinates": [
          139.316956884839,
          35.8371331337075
        ]
      },
      "properties": {
        "id": "saitama-113",
        "source_id": 113,
        "datetime": "2024-11-08T10:00:00.000Z",
        "date_source": "field",
        "has_time": true,
        "time_of_day": "night",
        "time_of_day_label": "夜間",
        "season": "autumn",
        "municipality": "飯能市",
        "lat": 35.8371331337075,
        "lon": 139.316956884839,
        "tags": {
          "地名": "飯能市前ケ貫（清川橋付近）",
          "出没状況の概要": "通報者がｸﾏを目撃し市役所に通報したもの。当直から室長に連絡があった。\n",
          "出没頭数": 1,
          "被害状況": "-",
          "出没レベル": "other",
          "報告者所属": "埼玉県",
          "出没年度": "令和６年度"
        },
        "seq": 81
      }
    },
    {
      "type": "Feature",
      "geometry": {
        "type": "Point",
        "coordinates": [
          139.043315825538,
          35.9554668310822
        ]
      },
      "properties": {
        "id": "saitama-114",
        "source_id": 114,
        "datetime": "2024-08-18T05:15:00.000Z",
        "date_source": "field",
        "has_time": true,
        "time_of_day": "daytime",
        "time_of_day_label": "昼",
        "season": "summer",
        "municipality": "秩父市",
        "lat": 35.9554668310822,
        "lon": 139.043315825538,
        "tags": {
          "地名": "秩父市荒川上野田地内　若御子神社付近",
          "出没状況の概要": "農業技術研究所付近\n",
          "出没頭数": 1,
          "被害状況": "-",
          "出没レベル": "other",
          "報告者所属": "埼玉県",
          "出没年度": "令和６年度"
        },
        "seq": 82
      }
    },
    {
      "type": "Feature",
      "geometry": {
        "type": "Point",
        "coordinates": [
          139.104027458978,
          35.982237498267
        ]
      },
      "properties": {
        "id": "saitama-115",
        "source_id": 115,
        "datetime": "2024-08-23T08:00:00.000Z",
        "date_source": "field",
        "has_time": true,
        "time_of_day": "evening",
        "time_of_day_label": "夕方",
        "season": "summer",
        "municipality": "横瀬町",
        "lat": 35.982237498267,
        "lon": 139.104027458978,
        "tags": {
          "地名": "横瀬町横瀬",
          "出没状況の概要": "横瀬２２７０付近\n",
          "出没頭数": 1,
          "被害状況": "-",
          "出没レベル": "other",
          "報告者所属": "埼玉県",
          "出没年度": "令和６年度"
        },
        "seq": 83
      }
    },
    {
      "type": "Feature",
      "geometry": {
        "type": "Point",
        "coordinates": [
          139.1000389,
          35.98732138
        ]
      },
      "properties": {
        "id": "saitama-116",
        "source_id": 116,
        "datetime": "2024-08-24T03:00:00.000Z",
        "date_source": "date_only",
        "has_time": false,
        "time_of_day": "unknown",
        "time_of_day_label": "不明",
        "season": "summer",
        "municipality": "横瀬町",
        "lat": 35.98732138,
        "lon": 139.1000389,
        "tags": {
          "地名": "横瀬町小鳥沢付近",
          "出没状況の概要": "地域住民が目撃\n",
          "出没頭数": 1,
          "被害状況": "-",
          "出没レベル": "other",
          "報告者所属": "埼玉県",
          "出没年度": "令和６年度"
        },
        "seq": 84
      }
    },
    {
      "type": "Feature",
      "geometry": {
        "type": "Point",
        "coordinates": [
          139.103944561956,
          35.9736060674488
        ]
      },
      "properties": {
        "id": "saitama-117",
        "source_id": 117,
        "datetime": "2024-08-25T22:00:00.000Z",
        "date_source": "field",
        "has_time": true,
        "time_of_day": "morning",
        "time_of_day_label": "朝",
        "season": "summer",
        "municipality": "横瀬町",
        "lat": 35.9736060674488,
        "lon": 139.103944561956,
        "tags": {
          "地名": "横瀬町横瀬",
          "出没状況の概要": "地域住民が目撃\n",
          "出没頭数": 1,
          "被害状況": "-",
          "出没レベル": "other",
          "報告者所属": "埼玉県",
          "出没年度": "令和６年度"
        },
        "seq": 85
      }
    },
    {
      "type": "Feature",
      "geometry": {
        "type": "Point",
        "coordinates": [
          138.953341961346,
          35.9888891690277
        ]
      },
      "properties": {
        "id": "saitama-118",
        "source_id": 118,
        "datetime": "2024-11-09T07:30:00.000Z",
        "date_source": "field",
        "has_time": true,
        "time_of_day": "evening",
        "time_of_day_label": "夕方",
        "season": "autumn",
        "municipality": "小鹿野町",
        "lat": 35.9888891690277,
        "lon": 138.953341961346,
        "tags": {
          "地名": "小鹿野町両神小森大堤バス停付近",
          "出没状況の概要": "地域住民が目撃\n",
          "出没頭数": 1,
          "被害状況": "-",
          "出没レベル": "other",
          "報告者所属": "埼玉県",
          "出没年度": "令和６年度"
        },
        "seq": 86
      }
    },
    {
      "type": "Feature",
      "geometry": {
        "type": "Point",
        "coordinates": [
          138.93189373,
          35.9860809300001
        ]
      },
      "properties": {
        "id": "saitama-119",
        "source_id": 119,
        "datetime": "2024-11-13T03:00:00.000Z",
        "date_source": "date_only",
        "has_time": false,
        "time_of_day": "unknown",
        "time_of_day_label": "不明",
        "season": "autumn",
        "municipality": "小鹿野町",
        "lat": 35.9860809300001,
        "lon": 138.93189373,
        "tags": {
          "地名": "小鹿野町両神小森川塩バス停付近",
          "出没状況の概要": "地域住民が目撃\n",
          "出没頭数": 1,
          "被害状況": "-",
          "出没レベル": "other",
          "報告者所属": "埼玉県",
          "出没年度": "令和６年度"
        },
        "seq": 87
      }
    },
    {
      "type": "Feature",
      "geometry": {
        "type": "Point",
        "coordinates": [
          139.109358832859,
          36.0365563779525
        ]
      },
      "properties": {
        "id": "saitama-120",
        "source_id": 120,
        "datetime": "2024-08-27T03:00:00.000Z",
        "date_source": "date_only",
        "has_time": false,
        "time_of_day": "unknown",
        "time_of_day_label": "不明",
        "season": "summer",
        "municipality": "秩父市",
        "lat": 36.0365563779525,
        "lon": 139.109358832859,
        "tags": {
          "地名": "秩父市黒谷地何　美の山入口交差点北４００ｍ付近",
          "出没状況の概要": "地域住民が目撃\n",
          "出没頭数": 0,
          "被害状況": "-",
          "出没レベル": "other",
          "報告者所属": "埼玉県",
          "出没年度": "令和６年度"
        },
        "seq": 88
      }
    },
    {
      "type": "Feature",
      "geometry": {
        "type": "Point",
        "coordinates": [
          139.288087850103,
          35.8647378002589
        ]
      },
      "properties": {
        "id": "saitama-121",
        "source_id": 121,
        "datetime": "2024-11-24T21:30:00.000Z",
        "date_source": "field",
        "has_time": true,
        "time_of_day": "morning",
        "time_of_day_label": "朝",
        "season": "autumn",
        "municipality": "飯能市",
        "lat": 35.8647378002589,
        "lon": 139.288087850103,
        "tags": {
          "地名": "飯能市永田　北側山中",
          "出没状況の概要": "自宅裏山へ入った際に体長60cm程のｸﾏを目撃した。\n",
          "出没頭数": 1,
          "被害状況": "-",
          "出没レベル": "other",
          "報告者所属": "埼玉県",
          "出没年度": "令和６年度"
        },
        "seq": 89
      }
    },
    {
      "type": "Feature",
      "geometry": {
        "type": "Point",
        "coordinates": [
          138.856485466869,
          36.0064837038541
        ]
      },
      "properties": {
        "id": "saitama-122",
        "source_id": 122,
        "datetime": "2024-08-27T03:00:00.000Z",
        "date_source": "date_only",
        "has_time": false,
        "time_of_day": "unknown",
        "time_of_day_label": "不明",
        "season": "summer",
        "municipality": "小鹿野町",
        "lat": 36.0064837038541,
        "lon": 138.856485466869,
        "tags": {
          "地名": "小鹿野町両神小森",
          "出没状況の概要": "地域住民が痕跡を発見\n",
          "出没頭数": 1,
          "被害状況": "-",
          "出没レベル": "other",
          "報告者所属": "埼玉県",
          "出没年度": "令和６年度"
        },
        "seq": 90
      }
    },
    {
      "type": "Feature",
      "geometry": {
        "type": "Point",
        "coordinates": [
          138.922977905428,
          36.0350878768538
        ]
      },
      "properties": {
        "id": "saitama-123",
        "source_id": 123,
        "datetime": "2024-11-24T22:50:00.000Z",
        "date_source": "field",
        "has_time": true,
        "time_of_day": "morning",
        "time_of_day_label": "朝",
        "season": "autumn",
        "municipality": "小鹿野町",
        "lat": 36.0350878768538,
        "lon": 138.922977905428,
        "tags": {
          "地名": "小鹿野町三山黒竹バス停付近",
          "出没状況の概要": "地域住民が目撃\n",
          "出没頭数": 1,
          "被害状況": "-",
          "出没レベル": "other",
          "報告者所属": "埼玉県",
          "出没年度": "令和６年度"
        },
        "seq": 91
      }
    },
    {
      "type": "Feature",
      "geometry": {
        "type": "Point",
        "coordinates": [
          138.986427681046,
          35.9602948492202
        ]
      },
      "properties": {
        "id": "saitama-124",
        "source_id": 124,
        "datetime": "2024-08-27T22:00:00.000Z",
        "date_source": "field",
        "has_time": true,
        "time_of_day": "morning",
        "time_of_day_label": "朝",
        "season": "summer",
        "municipality": "秩父市",
        "lat": 35.9602948492202,
        "lon": 138.986427681046,
        "tags": {
          "地名": "秩父市荒川白久",
          "出没状況の概要": "秩父広域市町村圏組合職員が目撃\n",
          "出没頭数": 1,
          "被害状況": "-",
          "出没レベル": "other",
          "報告者所属": "埼玉県",
          "出没年度": "令和６年度"
        },
        "seq": 92
      }
    },
    {
      "type": "Feature",
      "geometry": {
        "type": "Point",
        "coordinates": [
          138.856485466869,
          36.0064837038541
        ]
      },
      "properties": {
        "id": "saitama-125",
        "source_id": 125,
        "datetime": "2024-08-28T03:00:00.000Z",
        "date_source": "date_only",
        "has_time": false,
        "time_of_day": "unknown",
        "time_of_day_label": "不明",
        "season": "summer",
        "municipality": "小鹿野町",
        "lat": 36.0064837038541,
        "lon": 138.856485466869,
        "tags": {
          "地名": "小鹿野町両神小森",
          "出没状況の概要": "地域住民が痕跡を発見\n",
          "出没頭数": 1,
          "被害状況": "-",
          "出没レベル": "other",
          "報告者所属": "埼玉県",
          "出没年度": "令和６年度"
        },
        "seq": 93
      }
    },
    {
      "type": "Feature",
      "geometry": {
        "type": "Point",
        "coordinates": [
          139.302691302734,
          35.8593763229258
        ]
      },
      "properties": {
        "id": "saitama-126",
        "source_id": 126,
        "datetime": "2024-11-29T04:05:00.000Z",
        "date_source": "field",
        "has_time": true,
        "time_of_day": "daytime",
        "time_of_day_label": "昼",
        "season": "autumn",
        "municipality": "飯能市",
        "lat": 35.8593763229258,
        "lon": 139.302691302734,
        "tags": {
          "地名": "飯能市永田 山道",
          "出没状況の概要": "飯能ｱﾙﾌﾟｽをﾄﾚｯｷﾝｸﾞ中に10m位先を体長1m程のｸﾏが横切った。市役所に通報した。\n",
          "出没頭数": 1,
          "被害状況": "-",
          "出没レベル": "other",
          "報告者所属": "埼玉県",
          "出没年度": "令和６年度"
        },
        "seq": 94
      }
    },
    {
      "type": "Feature",
      "geometry": {
        "type": "Point",
        "coordinates": [
          139.314276268384,
          35.8447015731797
        ]
      },
      "properties": {
        "id": "saitama-128",
        "source_id": 128,
        "datetime": "2024-11-29T09:40:00.000Z",
        "date_source": "field",
        "has_time": true,
        "time_of_day": "evening",
        "time_of_day_label": "夕方",
        "season": "autumn",
        "municipality": "飯能市",
        "lat": 35.8447015731797,
        "lon": 139.314276268384,
        "tags": {
          "地名": "飯能市美杉台2丁目付近",
          "出没状況の概要": "飯能駅から美杉台方面に自動車で移動中、ひかり橋北側付近から小学校の方にクマが移動するのを目撃。薄茶色で足が太かった。ｶﾓｼｶは見たことが無いがｸﾏだった。\n",
          "出没頭数": 1,
          "被害状況": "-",
          "出没レベル": "other",
          "報告者所属": "埼玉県",
          "出没年度": "令和６年度"
        },
        "seq": 95
      }
    },
    {
      "type": "Feature",
      "geometry": {
        "type": "Point",
        "coordinates": [
          139.024330144291,
          35.9549023937218
        ]
      },
      "properties": {
        "id": "saitama-129",
        "source_id": 129,
        "datetime": "2024-11-30T22:10:00.000Z",
        "date_source": "field",
        "has_time": true,
        "time_of_day": "morning",
        "time_of_day_label": "朝",
        "season": "winter",
        "municipality": "秩父市",
        "lat": 35.9549023937218,
        "lon": 139.024330144291,
        "tags": {
          "地名": "秩父市荒川日野 付近",
          "出没状況の概要": "地域住民が目撃\n",
          "出没頭数": 2,
          "被害状況": "-",
          "出没レベル": "other",
          "報告者所属": "埼玉県",
          "出没年度": "令和６年度"
        },
        "seq": 96
      }
    },
    {
      "type": "Feature",
      "geometry": {
        "type": "Point",
        "coordinates": [
          138.88675721809,
          35.9928810505864
        ]
      },
      "properties": {
        "id": "saitama-130",
        "source_id": 130,
        "datetime": "2024-12-06T07:00:00.000Z",
        "date_source": "field",
        "has_time": true,
        "time_of_day": "evening",
        "time_of_day_label": "夕方",
        "season": "winter",
        "municipality": "小鹿野町",
        "lat": 35.9928810505864,
        "lon": 138.88675721809,
        "tags": {
          "地名": "小鹿野町両神小森　白井差口バス停付近",
          "出没状況の概要": "地域住民が目撃\n",
          "出没頭数": 1,
          "被害状況": "-",
          "出没レベル": "other",
          "報告者所属": "埼玉県",
          "出没年度": "令和６年度"
        },
        "seq": 97
      }
    },
    {
      "type": "Feature",
      "geometry": {
        "type": "Point",
        "coordinates": [
          139.310801921836,
          35.8419608600394
        ]
      },
      "properties": {
        "id": "saitama-131",
        "source_id": 131,
        "datetime": "2024-12-09T02:00:00.000Z",
        "date_source": "field",
        "has_time": true,
        "time_of_day": "daytime",
        "time_of_day_label": "昼",
        "season": "winter",
        "municipality": "飯能市",
        "lat": 35.8419608600394,
        "lon": 139.310801921836,
        "tags": {
          "地名": "飯能市美杉台2丁目（ｱﾙﾌﾟｽ交差点付近）",
          "出没状況の概要": "車で走行中、大きさ2m弱のクマのような動物を目撃した。\n",
          "出没頭数": 1,
          "被害状況": "-",
          "出没レベル": "other",
          "報告者所属": "埼玉県",
          "出没年度": "令和６年度"
        },
        "seq": 98
      }
    },
    {
      "type": "Feature",
      "geometry": {
        "type": "Point",
        "coordinates": [
          139.317863693458,
          35.8404345643683
        ]
      },
      "properties": {
        "id": "saitama-132",
        "source_id": 132,
        "datetime": "2024-12-17T11:00:00.000Z",
        "date_source": "field",
        "has_time": true,
        "time_of_day": "night",
        "time_of_day_label": "夜間",
        "season": "winter",
        "municipality": "飯能市",
        "lat": 35.8404345643683,
        "lon": 139.317863693458,
        "tags": {
          "地名": "飯能市矢颪　南飯能病院付近",
          "出没状況の概要": "クマのような動物を目撃した。\n",
          "出没頭数": 1,
          "被害状況": "-",
          "出没レベル": "other",
          "報告者所属": "埼玉県",
          "出没年度": "令和６年度"
        },
        "seq": 99
      }
    },
    {
      "type": "Feature",
      "geometry": {
        "type": "Point",
        "coordinates": [
          139.014952471021,
          35.9903988316611
        ]
      },
      "properties": {
        "id": "saitama-133",
        "source_id": 133,
        "datetime": "2025-01-05T02:00:00.000Z",
        "date_source": "field",
        "has_time": true,
        "time_of_day": "daytime",
        "time_of_day_label": "昼",
        "season": "winter",
        "municipality": "小鹿野町",
        "lat": 35.9903988316611,
        "lon": 139.014952471021,
        "tags": {
          "地名": "小鹿野町般若布沢長若天体観測所付近",
          "出没状況の概要": "山歩きをしていた方が目撃\n",
          "出没頭数": 1,
          "被害状況": "-",
          "出没レベル": "other",
          "報告者所属": "埼玉県",
          "出没年度": "令和６年度"
        },
        "seq": 100
      }
    },
    {
      "type": "Feature",
      "geometry": {
        "type": "Point",
        "coordinates": [
          139.13255717,
          35.9797030500001
        ]
      },
      "properties": {
        "id": "saitama-137",
        "source_id": 137,
        "datetime": "2024-09-19T03:00:00.000Z",
        "date_source": "date_only",
        "has_time": false,
        "time_of_day": "unknown",
        "time_of_day_label": "不明",
        "season": "autumn",
        "municipality": "横瀬町",
        "lat": 35.9797030500001,
        "lon": 139.13255717,
        "tags": {
          "地名": "芦ヶ久保 付近",
          "出没状況の概要": "地域住民が目撃",
          "出没頭数": 1,
          "被害状況": "人身・物損被害なし",
          "出没レベル": "other",
          "報告者所属": "みどり自然課",
          "出没年度": "令和６年度"
        },
        "seq": 101
      }
    },
    {
      "type": "Feature",
      "geometry": {
        "type": "Point",
        "coordinates": [
          139.07250238,
          36.06654108
        ]
      },
      "properties": {
        "id": "saitama-140",
        "source_id": 140,
        "datetime": "2025-02-03T08:00:00.000Z",
        "date_source": "field",
        "has_time": true,
        "time_of_day": "evening",
        "time_of_day_label": "夕方",
        "season": "winter",
        "municipality": "皆野町",
        "lat": 36.06654108,
        "lon": 139.07250238,
        "tags": {
          "地名": "皆野町野巻地内　高橋沢登山道入口付近",
          "出没状況の概要": "地域住民が目撃",
          "出没頭数": 1,
          "被害状況": "人身・物損被害なし",
          "出没レベル": "other",
          "報告者所属": "埼玉県みどり自然課",
          "出没年度": "令和６年度"
        },
        "seq": 102
      }
    },
    {
      "type": "Feature",
      "geometry": {
        "type": "Point",
        "coordinates": [
          139.23743719225,
          35.8668975388995
        ]
      },
      "properties": {
        "id": "saitama-141",
        "source_id": 141,
        "datetime": "2025-04-07T05:50:00.000Z",
        "date_source": "field",
        "has_time": true,
        "time_of_day": "daytime",
        "time_of_day_label": "昼",
        "season": "spring",
        "municipality": "飯能市",
        "lat": 35.8668975388995,
        "lon": 139.23743719225,
        "tags": {
          "地名": "飯能市大字上赤工地内",
          "出没状況の概要": "地元住民が目撃",
          "出没頭数": 1,
          "被害状況": "人身・物損被害なし",
          "出没レベル": "危険度 中",
          "報告者所属": "飯能市農林部農業振興課鳥獣被害対策室",
          "備考": "目撃者は実際にクマを見たことはなく、「丸々とした1mくらいの黒い獣」と表現している。",
          "出没年度": "令和７年度"
        },
        "seq": 103
      }
    },
    {
      "type": "Feature",
      "geometry": {
        "type": "Point",
        "coordinates": [
          139.063675403559,
          36.0626472110907
        ]
      },
      "properties": {
        "id": "saitama-142",
        "source_id": 142,
        "datetime": "2025-04-05T09:00:00.000Z",
        "date_source": "field",
        "has_time": true,
        "time_of_day": "evening",
        "time_of_day_label": "夕方",
        "season": "spring",
        "municipality": "皆野町",
        "lat": 36.0626472110907,
        "lon": 139.063675403559,
        "tags": {
          "地名": "秩父郡皆野町大字野巻",
          "出没状況の概要": "秩父警察所からの情報提供",
          "出没頭数": 1,
          "被害状況": "人身・物損被害なし",
          "出没レベル": "危険度 中",
          "報告者所属": "皆野町産業観光課",
          "出没年度": "令和７年度"
        },
        "seq": 104
      }
    },
    {
      "type": "Feature",
      "geometry": {
        "type": "Point",
        "coordinates": [
          139.062426978886,
          35.9752170805587
        ]
      },
      "properties": {
        "id": "saitama-144",
        "source_id": 144,
        "datetime": "2025-02-09T07:58:00.000Z",
        "date_source": "field",
        "has_time": true,
        "time_of_day": "evening",
        "time_of_day_label": "夕方",
        "season": "winter",
        "municipality": "秩父市",
        "lat": 35.9752170805587,
        "lon": 139.062426978886,
        "tags": {
          "地名": "秩父市久那",
          "出没状況の概要": "地域住民が目撃",
          "出没頭数": 1,
          "被害状況": "人身・物損被害なし",
          "出没レベル": "other",
          "報告者所属": "市",
          "出没年度": "令和６年度"
        },
        "seq": 105
      }
    },
    {
      "type": "Feature",
      "geometry": {
        "type": "Point",
        "coordinates": [
          138.993207369,
          35.958950879
        ]
      },
      "properties": {
        "id": "saitama-145",
        "source_id": 145,
        "datetime": "2025-02-17T10:00:00.000Z",
        "date_source": "field",
        "has_time": true,
        "time_of_day": "night",
        "time_of_day_label": "夜間",
        "season": "winter",
        "municipality": "秩父市",
        "lat": 35.958950879,
        "lon": 138.993207369,
        "tags": {
          "地名": "秩父市白久駅付近",
          "出没状況の概要": "地域住民が目撃",
          "出没頭数": 1,
          "被害状況": "人身・物損被害なし",
          "出没レベル": "other",
          "報告者所属": "市",
          "出没年度": "令和６年度"
        },
        "seq": 106
      }
    },
    {
      "type": "Feature",
      "geometry": {
        "type": "Point",
        "coordinates": [
          139.04403679911,
          35.9817808576552
        ]
      },
      "properties": {
        "id": "saitama-146",
        "source_id": 146,
        "datetime": "2025-04-10T02:00:00.000Z",
        "date_source": "field",
        "has_time": true,
        "time_of_day": "daytime",
        "time_of_day_label": "昼",
        "season": "spring",
        "municipality": "秩父市",
        "lat": 35.9817808576552,
        "lon": 139.04403679911,
        "tags": {
          "地名": "秩父市久那地内　秩父ミューズパーク南口交差点南側付近",
          "出没状況の概要": "車の運転手が目撃",
          "出没頭数": 1,
          "被害状況": "人身・物損被害なし",
          "出没レベル": "危険度 中",
          "報告者所属": "秩父市環境部生活衛生課",
          "出没年度": "令和７年度"
        },
        "seq": 107
      }
    },
    {
      "type": "Feature",
      "geometry": {
        "type": "Point",
        "coordinates": [
          139.261461496315,
          35.8684908167777
        ]
      },
      "properties": {
        "id": "saitama-147",
        "source_id": 147,
        "datetime": "2025-04-11T00:35:00.000Z",
        "date_source": "field",
        "has_time": true,
        "time_of_day": "morning",
        "time_of_day_label": "朝",
        "season": "spring",
        "municipality": "飯能市",
        "lat": 35.8684908167777,
        "lon": 139.261461496315,
        "tags": {
          "地名": "飯能市大字小岩井地内",
          "出没状況の概要": "地元住民が目撃",
          "出没頭数": 2,
          "被害状況": "人身・物損被害なし",
          "出没レベル": "危険度 中",
          "報告者所属": "飯能市農林部農業振興課鳥獣被害対策室",
          "備考": "現地調査の結果、付近に偶蹄目の足跡があり、2頭で行動していることからカモシカの可能性あり",
          "出没年度": "令和７年度"
        },
        "seq": 108
      }
    },
    {
      "type": "Feature",
      "geometry": {
        "type": "Point",
        "coordinates": [
          139.064067106744,
          36.0626660586074
        ]
      },
      "properties": {
        "id": "saitama-148",
        "source_id": 148,
        "datetime": "2025-03-01T23:00:00.000Z",
        "date_source": "field",
        "has_time": true,
        "time_of_day": "morning",
        "time_of_day_label": "朝",
        "season": "spring",
        "municipality": "皆野町",
        "lat": 36.0626660586074,
        "lon": 139.064067106744,
        "tags": {
          "地名": "皆野町水抜登山道入口付近",
          "出没状況の概要": "地域住民が目撃",
          "出没頭数": 1,
          "被害状況": "人身・物損被害なし",
          "出没レベル": "other",
          "報告者所属": "埼玉県",
          "出没年度": "令和６年度"
        },
        "seq": 109
      }
    },
    {
      "type": "Feature",
      "geometry": {
        "type": "Point",
        "coordinates": [
          139.04623653,
          36.0507442300001
        ]
      },
      "properties": {
        "id": "saitama-149",
        "source_id": 149,
        "datetime": "2025-03-02T11:00:00.000Z",
        "date_source": "field",
        "has_time": true,
        "time_of_day": "night",
        "time_of_day_label": "夜間",
        "season": "spring",
        "municipality": "秩父市",
        "lat": 36.0507442300001,
        "lon": 139.04623653,
        "tags": {
          "地名": "秩父市吉田久長　頼母沢入口付近",
          "出没状況の概要": "地域住民が目撃",
          "出没頭数": 1,
          "被害状況": "人身・物損被害なし",
          "出没レベル": "other",
          "報告者所属": "埼玉県",
          "出没年度": "令和６年度"
        },
        "seq": 110
      }
    },
    {
      "type": "Feature",
      "geometry": {
        "type": "Point",
        "coordinates": [
          139.07250238,
          36.06654108
        ]
      },
      "properties": {
        "id": "saitama-150",
        "source_id": 150,
        "datetime": "2025-03-12T05:00:00.000Z",
        "date_source": "field",
        "has_time": true,
        "time_of_day": "daytime",
        "time_of_day_label": "昼",
        "season": "spring",
        "municipality": "皆野町",
        "lat": 36.06654108,
        "lon": 139.07250238,
        "tags": {
          "地名": "皆野町野巻地内",
          "出没状況の概要": "地域住民が目撃",
          "出没頭数": 1,
          "被害状況": "人身・物損被害なし",
          "出没レベル": "other",
          "報告者所属": "埼玉県",
          "出没年度": "令和６年度"
        },
        "seq": 111
      }
    },
    {
      "type": "Feature",
      "geometry": {
        "type": "Point",
        "coordinates": [
          139.107214531,
          36.0476202690001
        ]
      },
      "properties": {
        "id": "saitama-151",
        "source_id": 151,
        "datetime": "2025-03-12T02:00:00.000Z",
        "date_source": "field",
        "has_time": true,
        "time_of_day": "daytime",
        "time_of_day_label": "昼",
        "season": "spring",
        "municipality": "秩父市",
        "lat": 36.0476202690001,
        "lon": 139.107214531,
        "tags": {
          "地名": "和銅採掘露天掘跡北700メートル付近",
          "出没状況の概要": "登山客が目撃",
          "出没頭数": 1,
          "被害状況": "人身・物損被害なし",
          "出没レベル": "other",
          "報告者所属": "埼玉県",
          "出没年度": "令和６年度"
        },
        "seq": 112
      }
    },
    {
      "type": "Feature",
      "geometry": {
        "type": "Point",
        "coordinates": [
          139.184755682906,
          35.8758936353556
        ]
      },
      "properties": {
        "id": "saitama-152",
        "source_id": 152,
        "datetime": "2025-04-15T05:20:00.000Z",
        "date_source": "field",
        "has_time": true,
        "time_of_day": "daytime",
        "time_of_day_label": "昼",
        "season": "spring",
        "municipality": "飯能市",
        "lat": 35.8758936353556,
        "lon": 139.184755682906,
        "tags": {
          "地名": "飯能市大字上名栗",
          "出没状況の概要": "地元住民が目撃",
          "出没頭数": 1,
          "被害状況": "人身・物損被害なし",
          "出没レベル": "危険度 中",
          "報告者所属": "飯能市農林部農業振興課鳥獣被害対策室",
          "出没年度": "令和７年度"
        },
        "seq": 113
      }
    },
    {
      "type": "Feature",
      "geometry": {
        "type": "Point",
        "coordinates": [
          138.936225519561,
          36.0208489336561
        ]
      },
      "properties": {
        "id": "saitama-153",
        "source_id": 153,
        "datetime": "2025-04-17T08:00:00.000Z",
        "date_source": "field",
        "has_time": true,
        "time_of_day": "evening",
        "time_of_day_label": "夕方",
        "season": "spring",
        "municipality": "小鹿野町",
        "lat": 36.0208489336561,
        "lon": 138.936225519561,
        "tags": {
          "地名": "小鹿野町両神薄",
          "出没状況の概要": "地元住民が目撃",
          "出没頭数": 1,
          "被害状況": "人身・物損被害なし",
          "出没レベル": "危険度 中",
          "報告者所属": "小鹿野町産業振興課",
          "備考": "現地確認については通報が夕方だったため未実施\n４月１８日実施予定\n有害鳥獣捕獲許可は発出予定（事務手続き中）",
          "出没年度": "令和７年度"
        },
        "seq": 114
      }
    },
    {
      "type": "Feature",
      "geometry": {
        "type": "Point",
        "coordinates": [
          139.338950514753,
          35.8259035782169
        ]
      },
      "properties": {
        "id": "saitama-154",
        "source_id": 154,
        "datetime": "2025-04-25T15:00:00.000Z",
        "date_source": "field",
        "has_time": true,
        "time_of_day": "night",
        "time_of_day_label": "夜間",
        "season": "spring",
        "municipality": "飯能市",
        "lat": 35.8259035782169,
        "lon": 139.338950514753,
        "tags": {
          "地名": "飯能市大字阿須地内(入間市との境付近)",
          "出没状況の概要": "自動車で通過した方が目撃",
          "出没頭数": 1,
          "被害状況": "人身・物損被害なし",
          "出没レベル": "危険度 小",
          "報告者所属": "飯能市農林部農業振興課鳥獣被害対策室",
          "備考": "カモシカとの誤認の可能性大",
          "出没年度": "令和７年度"
        },
        "seq": 115
      }
    },
    {
      "type": "Feature",
      "geometry": {
        "type": "Point",
        "coordinates": [
          139.23400640484,
          35.9040162991511
        ]
      },
      "properties": {
        "id": "saitama-155",
        "source_id": 155,
        "datetime": "2025-04-27T07:00:00.000Z",
        "date_source": "field",
        "has_time": true,
        "time_of_day": "evening",
        "time_of_day_label": "夕方",
        "season": "spring",
        "municipality": "飯能市",
        "lat": 35.9040162991511,
        "lon": 139.23400640484,
        "tags": {
          "地名": "飯能市大字坂石町分地内(林道吾野飛村線付近)",
          "出没状況の概要": "自動車で走行していた方が目撃",
          "出没頭数": 1,
          "被害状況": "人身・物損被害なし",
          "出没レベル": "危険度 小",
          "報告者所属": "飯能市農林部農業振興課鳥獣被害対策室",
          "備考": "目撃者は猟友会員であるため、ツキノワグマの可能性が高い",
          "出没年度": "令和７年度"
        },
        "seq": 116
      }
    },
    {
      "type": "Feature",
      "geometry": {
        "type": "Point",
        "coordinates": [
          139.147416720672,
          36.0896447589088
        ]
      },
      "properties": {
        "id": "saitama-156",
        "source_id": 156,
        "datetime": "2025-04-17T03:00:00.000Z",
        "date_source": "date_only",
        "has_time": false,
        "time_of_day": "unknown",
        "time_of_day_label": "不明",
        "season": "spring",
        "municipality": "寄居町",
        "lat": 36.0896447589088,
        "lon": 139.147416720672,
        "tags": {
          "地名": "寄居町風布",
          "出没状況の概要": "登山客が目撃",
          "出没頭数": 1,
          "被害状況": "人身・物損被害なし",
          "出没レベル": "危険度 小",
          "報告者所属": "寄居町 生活環境エコタウン課",
          "出没年度": "令和７年度"
        },
        "seq": 117
      }
    },
    {
      "type": "Feature",
      "geometry": {
        "type": "Point",
        "coordinates": [
          139.184707403147,
          35.8759936099696
        ]
      },
      "properties": {
        "id": "saitama-157",
        "source_id": 157,
        "datetime": "2025-05-09T00:00:00.000Z",
        "date_source": "field",
        "has_time": true,
        "time_of_day": "morning",
        "time_of_day_label": "朝",
        "season": "spring",
        "municipality": "飯能市",
        "lat": 35.8759936099696,
        "lon": 139.184707403147,
        "tags": {
          "地名": "飯能市大字上名栗",
          "出没状況の概要": "地元住民が目撃",
          "出没頭数": 1,
          "被害状況": "人身・物損被害なし",
          "出没レベル": "危険度 中",
          "報告者所属": "飯能市農林部農業振興課鳥獣被害対策室",
          "出没年度": "令和７年度"
        },
        "seq": 118
      }
    },
    {
      "type": "Feature",
      "geometry": {
        "type": "Point",
        "coordinates": [
          139.275532364808,
          35.8650173828437
        ]
      },
      "properties": {
        "id": "saitama-158",
        "source_id": 158,
        "datetime": "2025-05-12T23:00:00.000Z",
        "date_source": "field",
        "has_time": true,
        "time_of_day": "morning",
        "time_of_day_label": "朝",
        "season": "spring",
        "municipality": "飯能市",
        "lat": 35.8650173828437,
        "lon": 139.275532364808,
        "tags": {
          "地名": "飯能市大字小岩井",
          "出没状況の概要": "地元住民が目撃",
          "出没頭数": 1,
          "被害状況": "人身・物損被害なし",
          "出没レベル": "危険度 中",
          "報告者所属": "飯能市農林部農業振興課鳥獣被害対策室",
          "出没年度": "令和７年度"
        },
        "seq": 119
      }
    },
    {
      "type": "Feature",
      "geometry": {
        "type": "Point",
        "coordinates": [
          139.127242061835,
          36.0120925267006
        ]
      },
      "properties": {
        "id": "saitama-159",
        "source_id": 159,
        "datetime": "2025-04-06T03:00:00.000Z",
        "date_source": "date_only",
        "has_time": false,
        "time_of_day": "unknown",
        "time_of_day_label": "不明",
        "season": "spring",
        "municipality": "秩父市",
        "lat": 36.0120925267006,
        "lon": 139.127242061835,
        "tags": {
          "地名": "秩父市山田地内　札所2番南西500ｍ付近",
          "出没状況の概要": "夜間、小屋の中に保管していた鶏の餌を食べられた。（目撃はしていない。）",
          "出没頭数": 1,
          "被害状況": "物損被害あり（鶏の餌を食べられた。）",
          "出没レベル": "危険度 中",
          "報告者所属": "環境部生活衛生課",
          "出没年度": "令和７年度"
        },
        "seq": 120
      }
    },
    {
      "type": "Feature",
      "geometry": {
        "type": "Point",
        "coordinates": [
          139.12439850118,
          36.0110776541012
        ]
      },
      "properties": {
        "id": "saitama-160",
        "source_id": 160,
        "datetime": "2025-05-15T20:40:00.000Z",
        "date_source": "field",
        "has_time": true,
        "time_of_day": "morning",
        "time_of_day_label": "朝",
        "season": "spring",
        "municipality": "秩父市",
        "lat": 36.0110776541012,
        "lon": 139.12439850118,
        "tags": {
          "地名": "秩父市山田地内登山道",
          "出没状況の概要": "登山者（ランナー）が目撃",
          "出没頭数": 1,
          "被害状況": "人身・物損被害なし",
          "出没レベル": "危険度 小",
          "報告者所属": "環境部生活衛生課",
          "出没年度": "令和７年度"
        },
        "seq": 121
      }
    },
    {
      "type": "Feature",
      "geometry": {
        "type": "Point",
        "coordinates": [
          138.99370619049,
          35.9540745339307
        ]
      },
      "properties": {
        "id": "saitama-161",
        "source_id": 161,
        "datetime": "2025-05-13T07:40:00.000Z",
        "date_source": "field",
        "has_time": true,
        "time_of_day": "evening",
        "time_of_day_label": "夕方",
        "season": "spring",
        "municipality": "秩父市",
        "lat": 35.9540745339307,
        "lon": 138.99370619049,
        "tags": {
          "地名": "秩父市荒川白久地内（白久駅より南に約550ｍ）",
          "出没状況の概要": "地元住民が目撃",
          "出没頭数": 1,
          "被害状況": "人身・物損被害なし",
          "出没レベル": "危険度 中",
          "報告者所属": "秩父市　荒川総合支所　地域振興課",
          "出没年度": "令和７年度"
        },
        "seq": 122
      }
    },
    {
      "type": "Feature",
      "geometry": {
        "type": "Point",
        "coordinates": [
          138.993739669224,
          35.9538433424056
        ]
      },
      "properties": {
        "id": "saitama-162",
        "source_id": 162,
        "datetime": "2025-05-13T21:15:00.000Z",
        "date_source": "field",
        "has_time": true,
        "time_of_day": "morning",
        "time_of_day_label": "朝",
        "season": "spring",
        "municipality": "秩父市",
        "lat": 35.9538433424056,
        "lon": 138.993739669224,
        "tags": {
          "地名": "秩父市荒川白久地内（白久駅より南に約５００ｍ付近）",
          "出没状況の概要": "地元住民が目撃",
          "出没頭数": 1,
          "被害状況": "人身・物損被害なし",
          "出没レベル": "危険度 大",
          "報告者所属": "秩父市　荒川総合支所　地域振興課",
          "出没年度": "令和７年度"
        },
        "seq": 123
      }
    },
    {
      "type": "Feature",
      "geometry": {
        "type": "Point",
        "coordinates": [
          138.99337979918,
          35.9527921492651
        ]
      },
      "properties": {
        "id": "saitama-163",
        "source_id": 163,
        "datetime": "2025-05-15T05:50:00.000Z",
        "date_source": "field",
        "has_time": true,
        "time_of_day": "daytime",
        "time_of_day_label": "昼",
        "season": "spring",
        "municipality": "秩父市",
        "lat": 35.9527921492651,
        "lon": 138.99337979918,
        "tags": {
          "地名": "秩父市荒川白久地内（白久駅より南に約８００ｍ付近）",
          "出没状況の概要": "地元住民が目撃",
          "出没頭数": 1,
          "被害状況": "人身・物損被害なし",
          "出没レベル": "危険度 大",
          "報告者所属": "秩父市　荒川総合支所　地域振興課",
          "出没年度": "令和７年度"
        },
        "seq": 124
      }
    },
    {
      "type": "Feature",
      "geometry": {
        "type": "Point",
        "coordinates": [
          138.993877097496,
          35.9548092805261
        ]
      },
      "properties": {
        "id": "saitama-164",
        "source_id": 164,
        "datetime": "2025-05-18T07:45:00.000Z",
        "date_source": "field",
        "has_time": true,
        "time_of_day": "evening",
        "time_of_day_label": "夕方",
        "season": "spring",
        "municipality": "秩父市",
        "lat": 35.9548092805261,
        "lon": 138.993877097496,
        "tags": {
          "地名": "秩父市荒川白久地内（白久駅より南に約４００ｍ付近）",
          "出没状況の概要": "地元住民が目撃",
          "出没頭数": 1,
          "被害状況": "人身・物損被害なし",
          "出没レベル": "危険度 中",
          "報告者所属": "秩父市 荒川総合支所 地域振興課",
          "出没年度": "令和７年度"
        },
        "seq": 125
      }
    },
    {
      "type": "Feature",
      "geometry": {
        "type": "Point",
        "coordinates": [
          139.000499136281,
          35.9593400776187
        ]
      },
      "properties": {
        "id": "saitama-165",
        "source_id": 165,
        "datetime": "2025-05-19T13:30:00.000Z",
        "date_source": "field",
        "has_time": true,
        "time_of_day": "night",
        "time_of_day_label": "夜間",
        "season": "spring",
        "municipality": "秩父市",
        "lat": 35.9593400776187,
        "lon": 139.000499136281,
        "tags": {
          "地名": "秩父市荒川白久地内（白久駅より東に約７００ｍ付近）",
          "出没状況の概要": "地元住民が目撃",
          "出没頭数": 1,
          "被害状況": "人身・物損被害なし",
          "出没レベル": "危険度 中",
          "報告者所属": "秩父市 荒川総合支所 地域振興課",
          "出没年度": "令和７年度"
        },
        "seq": 126
      }
    },
    {
      "type": "Feature",
      "geometry": {
        "type": "Point",
        "coordinates": [
          139.000652022195,
          35.9593031694042
        ]
      },
      "properties": {
        "id": "saitama-166",
        "source_id": 166,
        "datetime": "2025-05-19T16:00:00.000Z",
        "date_source": "field",
        "has_time": true,
        "time_of_day": "night",
        "time_of_day_label": "夜間",
        "season": "spring",
        "municipality": "秩父市",
        "lat": 35.9593031694042,
        "lon": 139.000652022195,
        "tags": {
          "地名": "秩父荒川白久地内（白久駅より東に約７００ｍ付近）",
          "出没状況の概要": "地元住民が目撃",
          "出没頭数": 1,
          "被害状況": "人身・物損被害なし",
          "出没レベル": "危険度 中",
          "報告者所属": "秩父市 荒川総合支所 地域振興課",
          "出没年度": "令和７年度"
        },
        "seq": 127
      }
    },
    {
      "type": "Feature",
      "geometry": {
        "type": "Point",
        "coordinates": [
          139.078717231714,
          36.1139827513429
        ]
      },
      "properties": {
        "id": "saitama-167",
        "source_id": 167,
        "datetime": "2025-05-31T08:30:00.000Z",
        "date_source": "field",
        "has_time": true,
        "time_of_day": "evening",
        "time_of_day_label": "夕方",
        "season": "spring",
        "municipality": "皆野町",
        "lat": 36.1139827513429,
        "lon": 139.078717231714,
        "tags": {
          "地名": "皆野町大字金沢住吉神社付近",
          "出没状況の概要": "秩父警察署へ車を運転していた者から情報提供",
          "出没頭数": 1,
          "被害状況": "車と接触",
          "出没レベル": "危険度 中",
          "報告者所属": "皆野町産業観光課",
          "出没年度": "令和７年度"
        },
        "seq": 128
      }
    },
    {
      "type": "Feature",
      "geometry": {
        "type": "Point",
        "coordinates": [
          139.058611704083,
          35.947293802217
        ]
      },
      "properties": {
        "id": "saitama-169",
        "source_id": 169,
        "datetime": "2025-06-02T03:00:00.000Z",
        "date_source": "date_only",
        "has_time": false,
        "time_of_day": "unknown",
        "time_of_day_label": "不明",
        "season": "summer",
        "municipality": "秩父市",
        "lat": 35.947293802217,
        "lon": 139.058611704083,
        "tags": {
          "地名": "秩父市浦山地内　浦山ダム資料館南東750m付近",
          "出没状況の概要": "夜間、養蜂箱を破壊した。（目撃なし）",
          "出没頭数": 1,
          "被害状況": "物損被害あり（養蜂箱を破壊）\n\n",
          "出没レベル": "危険度 中",
          "報告者所属": "環境部生活衛生課",
          "出没年度": "令和７年度"
        },
        "seq": 129
      }
    },
    {
      "type": "Feature",
      "geometry": {
        "type": "Point",
        "coordinates": [
          139.024797681235,
          35.9917384317462
        ]
      },
      "properties": {
        "id": "saitama-170",
        "source_id": 170,
        "datetime": "2025-05-27T21:00:00.000Z",
        "date_source": "field",
        "has_time": true,
        "time_of_day": "morning",
        "time_of_day_label": "朝",
        "season": "spring",
        "municipality": "小鹿野町",
        "lat": 35.9917384317462,
        "lon": 139.024797681235,
        "tags": {
          "地名": "秩父郡小鹿野町長留旗居",
          "出没状況の概要": "地元住民が朝の散歩中に南東方向へ移動中に左の林の木から降りてくるクマを目撃",
          "出没頭数": 1,
          "被害状況": "人身・物損被害なし",
          "出没レベル": "危険度 中",
          "報告者所属": "小鹿野町産業振興課",
          "出没年度": "令和７年度"
        },
        "seq": 130
      }
    },
    {
      "type": "Feature",
      "geometry": {
        "type": "Point",
        "coordinates": [
          138.994918884241,
          35.9593055657798
        ]
      },
      "properties": {
        "id": "saitama-171",
        "source_id": 171,
        "datetime": "2025-05-31T07:00:00.000Z",
        "date_source": "field",
        "has_time": true,
        "time_of_day": "evening",
        "time_of_day_label": "夕方",
        "season": "spring",
        "municipality": "秩父市",
        "lat": 35.9593055657798,
        "lon": 138.994918884241,
        "tags": {
          "地名": "秩父市荒川白久地内（白久駅より東に約１５０ｍ付近）",
          "出没状況の概要": "地元住民が目撃",
          "出没頭数": 1,
          "被害状況": "人身・物損被害なし",
          "出没レベル": "危険度 中",
          "報告者所属": "荒川総合支所　地域振興課",
          "出没年度": "令和７年度"
        },
        "seq": 131
      }
    },
    {
      "type": "Feature",
      "geometry": {
        "type": "Point",
        "coordinates": [
          139.211905002557,
          35.8952211631942
        ]
      },
      "properties": {
        "id": "saitama-172",
        "source_id": 172,
        "datetime": "2025-06-04T04:50:00.000Z",
        "date_source": "field",
        "has_time": true,
        "time_of_day": "daytime",
        "time_of_day_label": "昼",
        "season": "summer",
        "municipality": "飯能市",
        "lat": 35.8952211631942,
        "lon": 139.211905002557,
        "tags": {
          "地名": "飯能市大字南",
          "出没状況の概要": "地元住民が目撃",
          "出没頭数": 1,
          "被害状況": "人身・物損被害なし",
          "出没レベル": "危険度 小",
          "報告者所属": "飯能市農林部農業振興課鳥獣被害対策室",
          "出没年度": "令和７年度"
        },
        "seq": 132
      }
    },
    {
      "type": "Feature",
      "geometry": {
        "type": "Point",
        "coordinates": [
          139.170287847483,
          35.9006009128176
        ]
      },
      "properties": {
        "id": "saitama-173",
        "source_id": 173,
        "datetime": "2025-06-06T05:37:00.000Z",
        "date_source": "field",
        "has_time": true,
        "time_of_day": "daytime",
        "time_of_day_label": "昼",
        "season": "summer",
        "municipality": "飯能市",
        "lat": 35.9006009128176,
        "lon": 139.170287847483,
        "tags": {
          "地名": "飯能市大字上名栗",
          "出没状況の概要": "地元住民が目撃",
          "出没頭数": 1,
          "被害状況": "人身・物損被害なし",
          "出没レベル": "危険度 中",
          "報告者所属": "飯能市農林部農業振興課鳥獣被害対策室",
          "出没年度": "令和７年度"
        },
        "seq": 133
      }
    },
    {
      "type": "Feature",
      "geometry": {
        "type": "Point",
        "coordinates": [
          138.868209399205,
          36.026314831392
        ]
      },
      "properties": {
        "id": "saitama-174",
        "source_id": 174,
        "datetime": "2025-06-07T22:28:00.000Z",
        "date_source": "field",
        "has_time": true,
        "time_of_day": "morning",
        "time_of_day_label": "朝",
        "season": "summer",
        "municipality": "小鹿野町",
        "lat": 36.026314831392,
        "lon": 138.868209399205,
        "tags": {
          "地名": "秩父郡小鹿野町両神薄",
          "出没状況の概要": "登山客の方が両神山登山道にて子熊を目撃",
          "出没頭数": 1,
          "被害状況": "人身・物損被害なし",
          "出没レベル": "危険度 小",
          "報告者所属": "小鹿野町産業振興課",
          "出没年度": "令和７年度"
        },
        "seq": 134
      }
    },
    {
      "type": "Feature",
      "geometry": {
        "type": "Point",
        "coordinates": [
          139.085910209301,
          35.9791437031564
        ]
      },
      "properties": {
        "id": "saitama-175",
        "source_id": 175,
        "datetime": "2025-06-07T02:00:00.000Z",
        "date_source": "field",
        "has_time": true,
        "time_of_day": "daytime",
        "time_of_day_label": "昼",
        "season": "summer",
        "municipality": "秩父市",
        "lat": 35.9791437031564,
        "lon": 139.085910209301,
        "tags": {
          "地名": "秩父市大宮地内　羊山公園馬場南西150ｍ付近",
          "出没状況の概要": "出没の痕跡を確認",
          "出没頭数": 1,
          "被害状況": "人身・物損被害なし",
          "出没レベル": "危険度 中",
          "報告者所属": "環境部生活衛生課",
          "出没年度": "令和７年度"
        },
        "seq": 135
      }
    },
    {
      "type": "Feature",
      "geometry": {
        "type": "Point",
        "coordinates": [
          139.030900482249,
          36.0010196599733
        ]
      },
      "properties": {
        "id": "saitama-176",
        "source_id": 176,
        "datetime": "2025-06-10T06:15:00.000Z",
        "date_source": "field",
        "has_time": true,
        "time_of_day": "daytime",
        "time_of_day_label": "昼",
        "season": "summer",
        "municipality": "小鹿野町",
        "lat": 36.0010196599733,
        "lon": 139.030900482249,
        "tags": {
          "地名": "秩父郡小鹿野町般若",
          "出没状況の概要": "地元住民が農作業をしているところを農業用ハウスの横を通過していくクマを目撃",
          "出没頭数": 1,
          "被害状況": "人身・物損被害なし",
          "出没レベル": "危険度 中",
          "報告者所属": "小鹿野町産業振興課",
          "出没年度": "令和７年度"
        },
        "seq": 136
      }
    },
    {
      "type": "Feature",
      "geometry": {
        "type": "Point",
        "coordinates": [
          139.062404811526,
          36.0472086604252
        ]
      },
      "properties": {
        "id": "saitama-177",
        "source_id": 177,
        "datetime": "2025-06-09T22:20:00.000Z",
        "date_source": "field",
        "has_time": true,
        "time_of_day": "morning",
        "time_of_day_label": "朝",
        "season": "summer",
        "municipality": "秩父市",
        "lat": 36.0472086604252,
        "lon": 139.062404811526,
        "tags": {
          "地名": "秩父市伊古田地内　大田小学校入口交差点南350m付近",
          "出没状況の概要": "車の運転手が目撃",
          "出没頭数": 1,
          "被害状況": "人身・物損被害なし",
          "出没レベル": "危険度 中",
          "報告者所属": "環境部生活衛生課",
          "出没年度": "令和７年度"
        },
        "seq": 137
      }
    },
    {
      "type": "Feature",
      "geometry": {
        "type": "Point",
        "coordinates": [
          139.055915877366,
          36.0522113127023
        ]
      },
      "properties": {
        "id": "saitama-178",
        "source_id": 178,
        "datetime": "2025-06-09T23:30:00.000Z",
        "date_source": "field",
        "has_time": true,
        "time_of_day": "morning",
        "time_of_day_label": "朝",
        "season": "summer",
        "municipality": "秩父市",
        "lat": 36.0522113127023,
        "lon": 139.055915877366,
        "tags": {
          "地名": "秩父市太田地内　光西寺付近",
          "出没状況の概要": "目撃者あり",
          "出没頭数": 1,
          "被害状況": "人身・物損被害なし",
          "出没レベル": "危険度 中",
          "報告者所属": "環境部生活衛生課",
          "出没年度": "令和７年度"
        },
        "seq": 138
      }
    },
    {
      "type": "Feature",
      "geometry": {
        "type": "Point",
        "coordinates": [
          139.142635071551,
          36.0234712491964
        ]
      },
      "properties": {
        "id": "saitama-179",
        "source_id": 179,
        "datetime": "2025-06-07T09:00:00.000Z",
        "date_source": "field",
        "has_time": true,
        "time_of_day": "evening",
        "time_of_day_label": "夕方",
        "season": "summer",
        "municipality": "秩父市",
        "lat": 36.0234712491964,
        "lon": 139.142635071551,
        "tags": {
          "地名": "秩父市定峰地内　定岳寺東300m付近",
          "出没状況の概要": "バイクの運転手が目撃",
          "出没頭数": 1,
          "被害状況": "人身・物損被害なし",
          "出没レベル": "危険度 中",
          "報告者所属": "環境部生活衛生課",
          "出没年度": "令和７年度"
        },
        "seq": 139
      }
    },
    {
      "type": "Feature",
      "geometry": {
        "type": "Point",
        "coordinates": [
          139.100004377462,
          36.0541758076426
        ]
      },
      "properties": {
        "id": "saitama-180",
        "source_id": 180,
        "datetime": "2025-06-12T04:30:00.000Z",
        "date_source": "field",
        "has_time": true,
        "time_of_day": "daytime",
        "time_of_day_label": "昼",
        "season": "summer",
        "municipality": "秩父市",
        "lat": 36.0541758076426,
        "lon": 139.100004377462,
        "tags": {
          "地名": "秩父市黒谷地内　東昌院南西50m付近",
          "出没状況の概要": "地元住民が目撃",
          "出没頭数": 1,
          "被害状況": "人身・物損被害なし",
          "出没レベル": "危険度 中",
          "報告者所属": "環境部生活衛生課",
          "出没年度": "令和７年度"
        },
        "seq": 140
      }
    },
    {
      "type": "Feature",
      "geometry": {
        "type": "Point",
        "coordinates": [
          139.063793420755,
          36.116652218367
        ]
      },
      "properties": {
        "id": "saitama-181",
        "source_id": 181,
        "datetime": "2025-06-20T05:40:00.000Z",
        "date_source": "field",
        "has_time": true,
        "time_of_day": "daytime",
        "time_of_day_label": "昼",
        "season": "summer",
        "municipality": "皆野町",
        "lat": 36.116652218367,
        "lon": 139.063793420755,
        "tags": {
          "地名": "皆野町大字金沢　砕石場付近",
          "出没状況の概要": "採石事業者従業員が目撃",
          "出没頭数": 1,
          "被害状況": "人身・物損被害なし",
          "出没レベル": "危険度 小",
          "報告者所属": "皆野町役場産業観光課",
          "出没年度": "令和７年度"
        },
        "seq": 141
      }
    },
    {
      "type": "Feature",
      "geometry": {
        "type": "Point",
        "coordinates": [
          139.075392971012,
          36.1281988611545
        ]
      },
      "properties": {
        "id": "saitama-182",
        "source_id": 182,
        "datetime": "2025-06-21T07:00:00.000Z",
        "date_source": "field",
        "has_time": true,
        "time_of_day": "evening",
        "time_of_day_label": "夕方",
        "season": "summer",
        "municipality": "本庄市",
        "lat": 36.1281988611545,
        "lon": 139.075392971012,
        "tags": {
          "地名": "児玉町太駄",
          "出没状況の概要": "地元住民が目撃",
          "出没頭数": 1,
          "被害状況": "人身・物損被害なし",
          "出没レベル": "危険度 中",
          "報告者所属": "本庄市経済環境部支所環境産業課",
          "備考": "6月22日（日）の目撃情報があった際、現地確認等を実施中に聞き取った情報である。",
          "出没年度": "令和７年度"
        },
        "seq": 142
      }
    },
    {
      "type": "Feature",
      "geometry": {
        "type": "Point",
        "coordinates": [
          139.078505049697,
          36.1326308389604
        ]
      },
      "properties": {
        "id": "saitama-183",
        "source_id": 183,
        "datetime": "2025-06-21T21:30:00.000Z",
        "date_source": "field",
        "has_time": true,
        "time_of_day": "morning",
        "time_of_day_label": "朝",
        "season": "summer",
        "municipality": "本庄市",
        "lat": 36.1326308389604,
        "lon": 139.078505049697,
        "tags": {
          "地名": "本庄市児玉町太駄",
          "出没状況の概要": "地元住民が目撃",
          "出没頭数": 1,
          "被害状況": "人身・物損被害なし",
          "出没レベル": "危険度 中",
          "報告者所属": "本庄市経済環境部支所環境産業課",
          "出没年度": "令和７年度"
        },
        "seq": 143
      }
    },
    {
      "type": "Feature",
      "geometry": {
        "type": "Point",
        "coordinates": [
          139.09161268691,
          35.9836029330249
        ]
      },
      "properties": {
        "id": "saitama-184",
        "source_id": 184,
        "datetime": "2025-06-17T18:00:00.000Z",
        "date_source": "field",
        "has_time": true,
        "time_of_day": "night",
        "time_of_day_label": "夜間",
        "season": "summer",
        "municipality": "横瀬町",
        "lat": 35.9836029330249,
        "lon": 139.09161268691,
        "tags": {
          "地名": "横瀬町横瀬",
          "出没状況の概要": "地元猟友会員が痕跡を発見\n・フン、食べ痕（桑の実）",
          "出没頭数": 1,
          "被害状況": "人身・物損被害なし",
          "出没レベル": "危険度 中",
          "報告者所属": "横瀬町振興課",
          "出没年度": "令和７年度"
        },
        "seq": 144
      }
    },
    {
      "type": "Feature",
      "geometry": {
        "type": "Point",
        "coordinates": [
          139.207592010462,
          35.8557700901331
        ]
      },
      "properties": {
        "id": "saitama-185",
        "source_id": 185,
        "datetime": "2025-06-24T22:30:00.000Z",
        "date_source": "field",
        "has_time": true,
        "time_of_day": "morning",
        "time_of_day_label": "朝",
        "season": "summer",
        "municipality": "飯能市",
        "lat": 35.8557700901331,
        "lon": 139.207592010462,
        "tags": {
          "地名": "飯能市大字赤沢地内",
          "出没状況の概要": "地元住民が目撃",
          "出没頭数": 1,
          "被害状況": "人身・物損被害なし",
          "出没レベル": "危険度 中",
          "報告者所属": "飯能市農林部農業振興課鳥獣被害対策室",
          "備考": "目撃者の談では「クマのようなもの」とのことでした。",
          "出没年度": "令和７年度"
        },
        "seq": 145
      }
    },
    {
      "type": "Feature",
      "geometry": {
        "type": "Point",
        "coordinates": [
          139.052524016718,
          35.955054178142
        ]
      },
      "properties": {
        "id": "saitama-187",
        "source_id": 187,
        "datetime": "2025-06-29T00:30:00.000Z",
        "date_source": "field",
        "has_time": true,
        "time_of_day": "morning",
        "time_of_day_label": "朝",
        "season": "summer",
        "municipality": "秩父市",
        "lat": 35.955054178142,
        "lon": 139.052524016718,
        "tags": {
          "地名": "秩父市荒川上田野地内　浦山ダム堤体付近",
          "出没状況の概要": "近隣住民が目撃",
          "出没頭数": 1,
          "被害状況": "人身・物損被害なし",
          "出没レベル": "危険度 中",
          "報告者所属": "荒川総合支所地域振興課",
          "出没年度": "令和７年度"
        },
        "seq": 146
      }
    },
    {
      "type": "Feature",
      "geometry": {
        "type": "Point",
        "coordinates": [
          139.193360209429,
          35.8534352716266
        ]
      },
      "properties": {
        "id": "saitama-188",
        "source_id": 188,
        "datetime": "2025-06-26T11:00:00.000Z",
        "date_source": "field",
        "has_time": true,
        "time_of_day": "night",
        "time_of_day_label": "夜間",
        "season": "summer",
        "municipality": "飯能市",
        "lat": 35.8534352716266,
        "lon": 139.193360209429,
        "tags": {
          "地名": "飯能市大字下名栗地内",
          "出没状況の概要": "有害鳥獣捕獲従事者が、シカ、イノシシの捕獲目的で設置したトレイルカメラにツキノワグマが写っていたもの。",
          "出没頭数": 1,
          "被害状況": "人身・物損被害なし",
          "出没レベル": "危険度 中",
          "報告者所属": "飯能市農林部農業振興課鳥獣被害対策室",
          "備考": "目撃から市に報告されるまでの間に時間が経っていたため、防災無線放送等は行わなかった。",
          "出没年度": "令和７年度"
        },
        "seq": 147
      }
    },
    {
      "type": "Feature",
      "geometry": {
        "type": "Point",
        "coordinates": [
          139.281685352289,
          35.8731942731208
        ]
      },
      "properties": {
        "id": "saitama-189",
        "source_id": 189,
        "datetime": "2025-06-29T04:00:00.000Z",
        "date_source": "field",
        "has_time": true,
        "time_of_day": "daytime",
        "time_of_day_label": "昼",
        "season": "summer",
        "municipality": "飯能市",
        "lat": 35.8731942731208,
        "lon": 139.281685352289,
        "tags": {
          "地名": "飯能市大字久須美地内(永田山付近)",
          "出没状況の概要": "ハイカーが目撃",
          "出没頭数": 1,
          "被害状況": "人身・物損被害なし",
          "出没レベル": "危険度 中",
          "報告者所属": "飯能市農林部農業振興課鳥獣被害対策室",
          "備考": "目撃から市に報告されるまでの間に時間が経っていたため、防災無線放送等は行わなかった。",
          "出没年度": "令和７年度"
        },
        "seq": 148
      }
    },
    {
      "type": "Feature",
      "geometry": {
        "type": "Point",
        "coordinates": [
          139.195301908143,
          36.1052005967985
        ]
      },
      "properties": {
        "id": "saitama-190",
        "source_id": 190,
        "datetime": "2025-07-01T22:00:00.000Z",
        "date_source": "field",
        "has_time": true,
        "time_of_day": "morning",
        "time_of_day_label": "朝",
        "season": "summer",
        "municipality": "寄居町",
        "lat": 36.1052005967985,
        "lon": 139.195301908143,
        "tags": {
          "地名": "寄居町大字鉢形",
          "出没状況の概要": "地元住民が目撃\n立木に爪痕あり",
          "出没頭数": 1,
          "被害状況": "人身・物損被害なし",
          "出没レベル": "危険度 中",
          "報告者所属": "寄居町役場生活環境エコタウン課",
          "出没年度": "令和７年度"
        },
        "seq": 149
      }
    },
    {
      "type": "Feature",
      "geometry": {
        "type": "Point",
        "coordinates": [
          139.241011980567,
          36.1042912657786
        ]
      },
      "properties": {
        "id": "saitama-191",
        "source_id": 191,
        "datetime": "2025-07-02T06:00:00.000Z",
        "date_source": "field",
        "has_time": true,
        "time_of_day": "daytime",
        "time_of_day_label": "昼",
        "season": "summer",
        "municipality": "寄居町",
        "lat": 36.1042912657786,
        "lon": 139.241011980567,
        "tags": {
          "地名": "寄居町大字富田",
          "出没状況の概要": "住民が熊らしき動物を目撃",
          "出没頭数": 1,
          "被害状況": "なし",
          "出没レベル": "other",
          "報告者所属": "寄居町役場生活環境エコタウン課",
          "出没年度": "令和７年度"
        },
        "seq": 150
      }
    },
    {
      "type": "Feature",
      "geometry": {
        "type": "Point",
        "coordinates": [
          139.193387000741,
          35.8533700561101
        ]
      },
      "properties": {
        "id": "saitama-192",
        "source_id": 192,
        "datetime": "2025-07-03T11:52:00.000Z",
        "date_source": "field",
        "has_time": true,
        "time_of_day": "night",
        "time_of_day_label": "夜間",
        "season": "summer",
        "municipality": "飯能市",
        "lat": 35.8533700561101,
        "lon": 139.193387000741,
        "tags": {
          "地名": "飯能市大字下名栗地内",
          "出没状況の概要": "有害鳥獣捕獲従事者が、シカ、イノシシの捕獲目的で設置したトレイルカメラにツキノワグマが写っていたもの。",
          "出没頭数": 1,
          "被害状況": "人身・物損被害なし",
          "出没レベル": "危険度 中",
          "報告者所属": "飯能市農林部農業振興課鳥獣被害対策室",
          "備考": "目撃から市に報告されるまでの間に時間が経っていたため、防災無線放送等は行わなかった。",
          "出没年度": "令和７年度"
        },
        "seq": 151
      }
    },
    {
      "type": "Feature",
      "geometry": {
        "type": "Point",
        "coordinates": [
          139.113754004089,
          35.9422658321259
        ]
      },
      "properties": {
        "id": "saitama-193",
        "source_id": 193,
        "datetime": "2025-07-05T04:30:00.000Z",
        "date_source": "field",
        "has_time": true,
        "time_of_day": "daytime",
        "time_of_day_label": "昼",
        "season": "summer",
        "municipality": "横瀬町",
        "lat": 35.9422658321259,
        "lon": 139.113754004089,
        "tags": {
          "地名": "武甲山３丁目",
          "出没状況の概要": "地元住民が子熊を目撃",
          "出没頭数": 1,
          "被害状況": "人身・物損被害なし",
          "出没レベル": "危険度 中",
          "報告者所属": "横瀬町役場振興課",
          "出没年度": "令和７年度"
        },
        "seq": 152
      }
    },
    {
      "type": "Feature",
      "geometry": {
        "type": "Point",
        "coordinates": [
          139.107040836989,
          36.0879973908592
        ]
      },
      "properties": {
        "id": "saitama-194",
        "source_id": 194,
        "datetime": "2025-07-07T06:00:00.000Z",
        "date_source": "field",
        "has_time": true,
        "time_of_day": "daytime",
        "time_of_day_label": "昼",
        "season": "summer",
        "municipality": "長瀞町",
        "lat": 36.0879973908592,
        "lon": 139.107040836989,
        "tags": {
          "地名": "長瀞町大字長瀞　権田山山頂から西に約200mの地点",
          "出没状況の概要": "登山客が目撃",
          "出没頭数": 1,
          "被害状況": "人身・物損被害なし",
          "出没レベル": "危険度 小",
          "報告者所属": "長瀞町　町民課",
          "出没年度": "令和７年度"
        },
        "seq": 153
      }
    },
    {
      "type": "Feature",
      "geometry": {
        "type": "Point",
        "coordinates": [
          139.183044796455,
          36.0548149129576
        ]
      },
      "properties": {
        "id": "saitama-195",
        "source_id": 195,
        "datetime": "2025-07-04T23:00:00.000Z",
        "date_source": "field",
        "has_time": true,
        "time_of_day": "morning",
        "time_of_day_label": "朝",
        "season": "summer",
        "municipality": "東秩父村",
        "lat": 36.0548149129576,
        "lon": 139.183044796455,
        "tags": {
          "地名": "東秩父村坂本和知場",
          "出没状況の概要": "地域住民による目撃",
          "出没頭数": 1,
          "被害状況": "人身・物損被害なし",
          "出没レベル": "危険度 中",
          "報告者所属": "東秩父村役場産業観光課",
          "出没年度": "令和７年度"
        },
        "seq": 154
      }
    },
    {
      "type": "Feature",
      "geometry": {
        "type": "Point",
        "coordinates": [
          139.052560329401,
          35.9583645314771
        ]
      },
      "properties": {
        "id": "saitama-196",
        "source_id": 196,
        "datetime": "2025-07-06T23:25:00.000Z",
        "date_source": "field",
        "has_time": true,
        "time_of_day": "morning",
        "time_of_day_label": "朝",
        "season": "summer",
        "municipality": "秩父市",
        "lat": 35.9583645314771,
        "lon": 139.052560329401,
        "tags": {
          "地名": "秩父市荒川上田野地内　諸上橋付近",
          "出没状況の概要": "地元住民が目撃",
          "出没頭数": 1,
          "被害状況": "人身・物損被害なし",
          "出没レベル": "危険度 中",
          "報告者所属": "秩父市　荒川総合支所　地域振興課",
          "出没年度": "令和７年度"
        },
        "seq": 155
      }
    },
    {
      "type": "Feature",
      "geometry": {
        "type": "Point",
        "coordinates": [
          138.939088355597,
          35.9797775364286
        ]
      },
      "properties": {
        "id": "saitama-197",
        "source_id": 197,
        "datetime": "2025-07-13T03:00:00.000Z",
        "date_source": "date_only",
        "has_time": false,
        "time_of_day": "unknown",
        "time_of_day_label": "不明",
        "season": "summer",
        "municipality": "小鹿野町",
        "lat": 35.9797775364286,
        "lon": 138.939088355597,
        "tags": {
          "地名": "小鹿野町両神小森鳩の沢",
          "出没状況の概要": "猟友会の方がシカの有害鳥獣捕獲を実施中に目撃",
          "出没頭数": 1,
          "被害状況": "人身・物損被害なし",
          "出没レベル": "危険度 小",
          "報告者所属": "小鹿野町産業振興課",
          "出没年度": "令和７年度"
        },
        "seq": 156
      }
    },
    {
      "type": "Feature",
      "geometry": {
        "type": "Point",
        "coordinates": [
          139.088925,
          35.978846
        ]
      },
      "properties": {
        "id": "saitama-198",
        "source_id": 198,
        "datetime": "2025-07-14T01:00:00.000Z",
        "date_source": "field",
        "has_time": true,
        "time_of_day": "daytime",
        "time_of_day_label": "昼",
        "season": "summer",
        "municipality": "横瀬町",
        "lat": 35.978846,
        "lon": 139.088925,
        "tags": {
          "地名": "横瀬町大字横瀬宇根地内",
          "出没状況の概要": "地元住民が目撃",
          "出没頭数": 1,
          "被害状況": "人身・物損被害なし",
          "出没レベル": "危険度 中",
          "報告者所属": "振興課",
          "備考": "現場確認時にクマの足跡がなく、イノシシの足跡多数のため、\nイノシシとの誤認の可能性もあり",
          "出没年度": "令和７年度"
        },
        "seq": 157
      }
    },
    {
      "type": "Feature",
      "geometry": {
        "type": "Point",
        "coordinates": [
          139.060674888182,
          35.960216505111
        ]
      },
      "properties": {
        "id": "saitama-200",
        "source_id": 200,
        "datetime": "2025-07-17T01:40:00.000Z",
        "date_source": "field",
        "has_time": true,
        "time_of_day": "daytime",
        "time_of_day_label": "昼",
        "season": "summer",
        "municipality": "秩父市",
        "lat": 35.960216505111,
        "lon": 139.060674888182,
        "tags": {
          "地名": "秩父市上影森地内　札所28番橋立堂西50m付近",
          "出没状況の概要": "登山者が目撃",
          "出没頭数": 1,
          "被害状況": "人身・物損被害なし",
          "出没レベル": "危険度 中",
          "報告者所属": "環境部生活衛生課",
          "備考": "近隣施設から情報提供",
          "出没年度": "令和７年度"
        },
        "seq": 158
      }
    },
    {
      "type": "Feature",
      "geometry": {
        "type": "Point",
        "coordinates": [
          139.097555189944,
          35.977163780961
        ]
      },
      "properties": {
        "id": "saitama-201",
        "source_id": 201,
        "datetime": "2025-07-17T21:30:00.000Z",
        "date_source": "field",
        "has_time": true,
        "time_of_day": "morning",
        "time_of_day_label": "朝",
        "season": "summer",
        "municipality": "横瀬町",
        "lat": 35.977163780961,
        "lon": 139.097555189944,
        "tags": {
          "地名": "横瀬町宇根地区木の間地内",
          "出没状況の概要": "痕跡の発見",
          "出没頭数": 1,
          "被害状況": "人身・物損被害なし",
          "出没レベル": "危険度 中",
          "報告者所属": "振興課",
          "出没年度": "令和７年度"
        },
        "seq": 159
      }
    },
    {
      "type": "Feature",
      "geometry": {
        "type": "Point",
        "coordinates": [
          139.048853975465,
          35.997768103042
        ]
      },
      "properties": {
        "id": "saitama-202",
        "source_id": 202,
        "datetime": "2025-07-23T10:10:00.000Z",
        "date_source": "field",
        "has_time": true,
        "time_of_day": "night",
        "time_of_day_label": "夜間",
        "season": "summer",
        "municipality": "秩父市",
        "lat": 35.997768103042,
        "lon": 139.048853975465,
        "tags": {
          "地名": "秩父市田村地内　秩父ミューズパーク音楽堂西550m",
          "出没状況の概要": "車の運転手が目撃",
          "出没頭数": 1,
          "被害状況": "人身・物損被害なし",
          "出没レベル": "危険度 中",
          "報告者所属": "環境部生活衛生課",
          "出没年度": "令和７年度"
        },
        "seq": 160
      }
    },
    {
      "type": "Feature",
      "geometry": {
        "type": "Point",
        "coordinates": [
          138.995193242988,
          36.0145108552563
        ]
      },
      "properties": {
        "id": "saitama-203",
        "source_id": 203,
        "datetime": "2025-07-24T12:50:00.000Z",
        "date_source": "field",
        "has_time": true,
        "time_of_day": "night",
        "time_of_day_label": "夜間",
        "season": "summer",
        "municipality": "小鹿野町",
        "lat": 36.0145108552563,
        "lon": 138.995193242988,
        "tags": {
          "地名": "伊豆沢",
          "出没状況の概要": "地元住民が帰宅中に道路わきに座っているクマを目撃して警察に通報。\n翌日警察より役場に情報提供。",
          "出没頭数": 1,
          "被害状況": "人身・物損被害なし",
          "出没レベル": "危険度 中",
          "報告者所属": "小鹿野町産業振興課",
          "出没年度": "令和７年度"
        },
        "seq": 161
      }
    },
    {
      "type": "Feature",
      "geometry": {
        "type": "Point",
        "coordinates": [
          138.85610997673,
          36.0069821457051
        ]
      },
      "properties": {
        "id": "saitama-204",
        "source_id": 204,
        "datetime": "2025-07-25T03:00:00.000Z",
        "date_source": "date_only",
        "has_time": false,
        "time_of_day": "unknown",
        "time_of_day_label": "不明",
        "season": "summer",
        "municipality": "小鹿野町",
        "lat": 36.0069821457051,
        "lon": 138.85610997673,
        "tags": {
          "地名": "秩父郡小鹿野町両神薄",
          "出没状況の概要": "地域住民宅付近にある倉庫の中に侵入し冷蔵庫の破壊した",
          "出没頭数": 1,
          "被害状況": "物損被害あり（倉庫の扉、冷蔵庫を破壊）",
          "出没レベル": "危険度 中",
          "報告者所属": "小鹿野町産業振興課",
          "出没年度": "令和７年度"
        },
        "seq": 162
      }
    },
    {
      "type": "Feature",
      "geometry": {
        "type": "Point",
        "coordinates": [
          139.183645248376,
          35.9383357871189
        ]
      },
      "properties": {
        "id": "saitama-205",
        "source_id": 205,
        "datetime": "2025-08-01T11:10:00.000Z",
        "date_source": "field",
        "has_time": true,
        "time_of_day": "night",
        "time_of_day_label": "夜間",
        "season": "summer",
        "municipality": "飯能市",
        "lat": 35.9383357871189,
        "lon": 139.183645248376,
        "tags": {
          "地名": "飯能市大字坂元地内",
          "出没状況の概要": "通行者が目撃",
          "出没頭数": 1,
          "被害状況": "人身・物損被害なし",
          "出没レベル": "危険度 中",
          "報告者所属": "飯能市農林部農業振興課鳥獣被害対策室",
          "出没年度": "令和７年度"
        },
        "seq": 163
      }
    },
    {
      "type": "Feature",
      "geometry": {
        "type": "Point",
        "coordinates": [
          139.19896602627,
          35.9458059038245
        ]
      },
      "properties": {
        "id": "saitama-206",
        "source_id": 206,
        "datetime": "2025-08-01T23:00:00.000Z",
        "date_source": "field",
        "has_time": true,
        "time_of_day": "morning",
        "time_of_day_label": "朝",
        "season": "summer",
        "municipality": "飯能市",
        "lat": 35.9458059038245,
        "lon": 139.19896602627,
        "tags": {
          "地名": "飯能市大字北川地内",
          "出没状況の概要": "地元住民が目撃",
          "出没頭数": 1,
          "被害状況": "人身・物損被害なし",
          "出没レベル": "危険度 中",
          "報告者所属": "飯能市農林部農業振興課鳥獣被害対策室",
          "出没年度": "令和７年度"
        },
        "seq": 164
      }
    },
    {
      "type": "Feature",
      "geometry": {
        "type": "Point",
        "coordinates": [
          138.80740553365,
          36.0007258282249
        ]
      },
      "properties": {
        "id": "saitama-207",
        "source_id": 207,
        "datetime": "2025-07-31T18:00:00.000Z",
        "date_source": "field",
        "has_time": true,
        "time_of_day": "night",
        "time_of_day_label": "夜間",
        "season": "summer",
        "municipality": "秩父市",
        "lat": 36.0007258282249,
        "lon": 138.80740553365,
        "tags": {
          "地名": "秩父市中津川",
          "出没状況の概要": "地元住民が目撃",
          "出没頭数": 1,
          "被害状況": "人身・物損被害なし",
          "出没レベル": "危険度 大",
          "報告者所属": "秩父市役所 大滝総合支所 地域振興課",
          "出没年度": "令和７年度"
        },
        "seq": 165
      }
    },
    {
      "type": "Feature",
      "geometry": {
        "type": "Point",
        "coordinates": [
          138.863769948227,
          35.9448381879691
        ]
      },
      "properties": {
        "id": "saitama-208",
        "source_id": 208,
        "datetime": "2025-08-05T03:00:00.000Z",
        "date_source": "date_only",
        "has_time": false,
        "time_of_day": "unknown",
        "time_of_day_label": "不明",
        "season": "summer",
        "municipality": "秩父市",
        "lat": 35.9448381879691,
        "lon": 138.863769948227,
        "tags": {
          "地名": "秩父市大滝",
          "出没状況の概要": "地元住民が目撃",
          "出没頭数": 1,
          "被害状況": "人身・物損被害なし",
          "出没レベル": "危険度 大",
          "報告者所属": "秩父市役所 大滝総合支所 地域振興課",
          "出没年度": "令和７年度"
        },
        "seq": 166
      }
    },
    {
      "type": "Feature",
      "geometry": {
        "type": "Point",
        "coordinates": [
          139.136610031091,
          35.9209954464289
        ]
      },
      "properties": {
        "id": "saitama-209",
        "source_id": 209,
        "datetime": "2025-08-08T20:30:00.000Z",
        "date_source": "field",
        "has_time": true,
        "time_of_day": "morning",
        "time_of_day_label": "朝",
        "season": "summer",
        "municipality": "飯能市",
        "lat": 35.9209954464289,
        "lon": 139.136610031091,
        "tags": {
          "地名": "飯能市大字上名栗地内",
          "出没状況の概要": "地元住民が目撃",
          "出没頭数": 1,
          "被害状況": "人身・物損被害なし",
          "出没レベル": "危険度 中",
          "報告者所属": "飯能市農林部農業振興課鳥獣被害対策室",
          "出没年度": "令和７年度"
        },
        "seq": 167
      }
    },
    {
      "type": "Feature",
      "geometry": {
        "type": "Point",
        "coordinates": [
          138.800351323941,
          36.0134623044442
        ]
      },
      "properties": {
        "id": "saitama-210",
        "source_id": 210,
        "datetime": "2025-08-11T01:33:00.000Z",
        "date_source": "field",
        "has_time": true,
        "time_of_day": "daytime",
        "time_of_day_label": "昼",
        "season": "summer",
        "municipality": "秩父市",
        "lat": 36.0134623044442,
        "lon": 138.800351323941,
        "tags": {
          "地名": "秩父市中津川（森林管理道上野大滝線）",
          "出没状況の概要": "釣り人が目撃",
          "出没頭数": 1,
          "被害状況": "人身・物損被害なし",
          "出没レベル": "危険度 小",
          "報告者所属": "秩父市役所 大滝総合支所 地域振興課",
          "出没年度": "令和７年度"
        },
        "seq": 168
      }
    },
    {
      "type": "Feature",
      "geometry": {
        "type": "Point",
        "coordinates": [
          138.885910656397,
          35.9453024165428
        ]
      },
      "properties": {
        "id": "saitama-211",
        "source_id": 211,
        "datetime": "2025-08-15T19:00:00.000Z",
        "date_source": "field",
        "has_time": true,
        "time_of_day": "night",
        "time_of_day_label": "夜間",
        "season": "summer",
        "municipality": "秩父市",
        "lat": 35.9453024165428,
        "lon": 138.885910656397,
        "tags": {
          "地名": "秩父市大滝字上中尾",
          "出没状況の概要": "地元住民が目撃",
          "出没頭数": 1,
          "被害状況": "人身・物損被害なし",
          "出没レベル": "危険度 大",
          "報告者所属": "秩父市役所 大滝総合支所 地域振興課",
          "出没年度": "令和７年度"
        },
        "seq": 169
      }
    },
    {
      "type": "Feature",
      "geometry": {
        "type": "Point",
        "coordinates": [
          139.128112,
          35.977839
        ]
      },
      "properties": {
        "id": "saitama-212",
        "source_id": 212,
        "datetime": "2025-08-16T01:30:00.000Z",
        "date_source": "field",
        "has_time": true,
        "time_of_day": "daytime",
        "time_of_day_label": "昼",
        "season": "summer",
        "municipality": "横瀬町",
        "lat": 35.977839,
        "lon": 139.128112,
        "tags": {
          "地名": "横瀬町芦ヶ久保森下地内",
          "出没状況の概要": "クマの足跡の発見",
          "出没頭数": 1,
          "被害状況": "人身・物損被害なし",
          "出没レベル": "危険度 中",
          "報告者所属": "振興課",
          "出没年度": "令和７年度"
        },
        "seq": 170
      }
    },
    {
      "type": "Feature",
      "geometry": {
        "type": "Point",
        "coordinates": [
          138.941798088441,
          35.9179435817274
        ]
      },
      "properties": {
        "id": "saitama-213",
        "source_id": 213,
        "datetime": "2025-08-19T02:00:00.000Z",
        "date_source": "field",
        "has_time": true,
        "time_of_day": "daytime",
        "time_of_day_label": "昼",
        "season": "summer",
        "municipality": "秩父市",
        "lat": 35.9179435817274,
        "lon": 138.941798088441,
        "tags": {
          "地名": "秩父市三峰地内（雲取登山道妙法ヶ岳分岐鳥居付近）",
          "出没状況の概要": "登山者が目撃",
          "出没頭数": 3,
          "被害状況": "人身・物損被害なし",
          "出没レベル": "危険度 小",
          "報告者所属": "秩父市役所 大滝総合支所 地域振興課",
          "出没年度": "令和７年度"
        },
        "seq": 171
      }
    },
    {
      "type": "Feature",
      "geometry": {
        "type": "Point",
        "coordinates": [
          139.055034455587,
          36.0049233998712
        ]
      },
      "properties": {
        "id": "saitama-214",
        "source_id": 214,
        "datetime": "2025-08-20T03:00:00.000Z",
        "date_source": "date_only",
        "has_time": false,
        "time_of_day": "unknown",
        "time_of_day_label": "不明",
        "season": "summer",
        "municipality": "秩父市",
        "lat": 36.0049233998712,
        "lon": 139.055034455587,
        "tags": {
          "地名": "秩父市田村地内　秩父ミューズパーク音楽堂北700メートル付近",
          "出没状況の概要": "養蜂箱設置者が、養蜂箱が破壊されているのを発見した。（発見時刻 R7.8.20　8:00頃）",
          "出没頭数": 1,
          "被害状況": "物損被害あり（養蜂箱を破壊）",
          "出没レベル": "危険度 中",
          "報告者所属": "環境部生活衛生課",
          "出没年度": "令和７年度"
        },
        "seq": 172
      }
    },
    {
      "type": "Feature",
      "geometry": {
        "type": "Point",
        "coordinates": [
          139.103235118832,
          36.0827372321023
        ]
      },
      "properties": {
        "id": "saitama-215",
        "source_id": 215,
        "datetime": "2025-08-23T09:50:00.000Z",
        "date_source": "field",
        "has_time": true,
        "time_of_day": "evening",
        "time_of_day_label": "夕方",
        "season": "summer",
        "municipality": "皆野町",
        "lat": 36.0827372321023,
        "lon": 139.103235118832,
        "tags": {
          "地名": "皆野町大字金崎　金崎ヘリポート付近",
          "出没状況の概要": "秩父警察署へ住民から通報。\n小熊らしきものを家の庭先にて目撃。\nその後、山に逃げて行った。",
          "出没頭数": 1,
          "被害状況": "人身・物損被害なし",
          "出没レベル": "危険度 中",
          "報告者所属": "皆野町産業観光課",
          "出没年度": "令和７年度"
        },
        "seq": 173
      }
    },
    {
      "type": "Feature",
      "geometry": {
        "type": "Point",
        "coordinates": [
          139.023394745301,
          35.9561679093172
        ]
      },
      "properties": {
        "id": "saitama-216",
        "source_id": 216,
        "datetime": "2025-08-25T00:00:00.000Z",
        "date_source": "field",
        "has_time": true,
        "time_of_day": "morning",
        "time_of_day_label": "朝",
        "season": "summer",
        "municipality": "秩父市",
        "lat": 35.9561679093172,
        "lon": 139.023394745301,
        "tags": {
          "地名": "秩父市荒川日野地内（荒川農村環境改善センターより北に約２００ｍ付近）",
          "出没状況の概要": "地元住民が目撃",
          "出没頭数": 1,
          "被害状況": "人身・物損被害なし",
          "出没レベル": "危険度 中",
          "報告者所属": "秩父市荒川総合支所地域振興課",
          "出没年度": "令和７年度"
        },
        "seq": 174
      }
    },
    {
      "type": "Feature",
      "geometry": {
        "type": "Point",
        "coordinates": [
          139.160241,
          35.970126
        ]
      },
      "properties": {
        "id": "saitama-217",
        "source_id": 217,
        "datetime": "2025-08-23T04:00:00.000Z",
        "date_source": "field",
        "has_time": true,
        "time_of_day": "daytime",
        "time_of_day_label": "昼",
        "season": "summer",
        "municipality": "横瀬町",
        "lat": 35.970126,
        "lon": 139.160241,
        "tags": {
          "地名": "横瀬町二子林道内",
          "出没状況の概要": "猟友会員による痕跡発見",
          "出没頭数": 1,
          "被害状況": "人身・物損被害なし",
          "出没レベル": "危険度 中",
          "報告者所属": "振興課",
          "出没年度": "令和７年度"
        },
        "seq": 175
      }
    },
    {
      "type": "Feature",
      "geometry": {
        "type": "Point",
        "coordinates": [
          138.978107571565,
          35.9673610481079
        ]
      },
      "properties": {
        "id": "saitama-218",
        "source_id": 218,
        "datetime": "2025-09-02T14:00:00.000Z",
        "date_source": "field",
        "has_time": true,
        "time_of_day": "night",
        "time_of_day_label": "夜間",
        "season": "autumn",
        "municipality": "秩父市",
        "lat": 35.9673610481079,
        "lon": 138.978107571565,
        "tags": {
          "地名": "秩父市荒川贄川地内（荒川西小学校付近）",
          "出没状況の概要": "通行人（車）が目撃",
          "出没頭数": 1,
          "被害状況": "人身・物損被害なし",
          "出没レベル": "危険度 中",
          "報告者所属": "秩父市荒川総合支所地域振興課",
          "出没年度": "令和７年度"
        },
        "seq": 176
      }
    },
    {
      "type": "Feature",
      "geometry": {
        "type": "Point",
        "coordinates": [
          139.023577135514,
          35.956371997918
        ]
      },
      "properties": {
        "id": "saitama-219",
        "source_id": 219,
        "datetime": "2025-09-02T22:00:00.000Z",
        "date_source": "field",
        "has_time": true,
        "time_of_day": "morning",
        "time_of_day_label": "朝",
        "season": "autumn",
        "municipality": "秩父市",
        "lat": 35.956371997918,
        "lon": 139.023577135514,
        "tags": {
          "地名": "秩父市荒川日野地内（荒川農村環境改善センターより北に約２００ｍ付近）",
          "出没状況の概要": "地元住民が目撃",
          "出没頭数": 1,
          "被害状況": "人身・物損被害なし",
          "出没レベル": "危険度 中",
          "報告者所属": "秩父市荒川総合支所地域振興課",
          "出没年度": "令和７年度"
        },
        "seq": 177
      }
    },
    {
      "type": "Feature",
      "geometry": {
        "type": "Point",
        "coordinates": [
          138.907125174744,
          35.9578746153584
        ]
      },
      "properties": {
        "id": "saitama-220",
        "source_id": 220,
        "datetime": "2025-09-06T11:00:00.000Z",
        "date_source": "field",
        "has_time": true,
        "time_of_day": "night",
        "time_of_day_label": "夜間",
        "season": "autumn",
        "municipality": "秩父市",
        "lat": 35.9578746153584,
        "lon": 138.907125174744,
        "tags": {
          "地名": "秩父市大滝（ループ橋付近）",
          "出没状況の概要": "通行人が目撃",
          "出没頭数": 1,
          "被害状況": "人身・物損被害なし",
          "出没レベル": "危険度 中",
          "報告者所属": "秩父市役所 大滝総合支所 地域振興課",
          "出没年度": "令和７年度"
        },
        "seq": 178
      }
    },
    {
      "type": "Feature",
      "geometry": {
        "type": "Point",
        "coordinates": [
          139.192887496003,
          36.1044805790496
        ]
      },
      "properties": {
        "id": "saitama-221",
        "source_id": 221,
        "datetime": "2025-09-07T15:30:00.000Z",
        "date_source": "field",
        "has_time": true,
        "time_of_day": "night",
        "time_of_day_label": "夜間",
        "season": "autumn",
        "municipality": "寄居町",
        "lat": 36.1044805790496,
        "lon": 139.192887496003,
        "tags": {
          "地名": "寄居町大字立原",
          "出没状況の概要": "地元住民が熊らしき動物を目撃。\n現場を確認したところ、熊の痕跡は確認されなかったが、鹿の足跡があった。",
          "出没頭数": 1,
          "被害状況": "人身・物損被害なし",
          "出没レベル": "危険度 中",
          "報告者所属": "寄居町役場生活環境エコタウン課",
          "出没年度": "令和７年度"
        },
        "seq": 179
      }
    },
    {
      "type": "Feature",
      "geometry": {
        "type": "Point",
        "coordinates": [
          138.906435725257,
          36.0384994057921
        ]
      },
      "properties": {
        "id": "saitama-222",
        "source_id": 222,
        "datetime": "2025-09-15T08:00:00.000Z",
        "date_source": "field",
        "has_time": true,
        "time_of_day": "evening",
        "time_of_day_label": "夕方",
        "season": "autumn",
        "municipality": "小鹿野町",
        "lat": 36.0384994057921,
        "lon": 138.906435725257,
        "tags": {
          "地名": "秩父郡小鹿野町三山石上",
          "出没状況の概要": "地元住民が目撃\n地元猟友会・警察により足跡を確認",
          "出没頭数": 1,
          "被害状況": "人身・物損被害なし",
          "出没レベル": "危険度 中",
          "報告者所属": "小鹿野町産業振興課",
          "出没年度": "令和７年度"
        },
        "seq": 180
      }
    },
    {
      "type": "Feature",
      "geometry": {
        "type": "Point",
        "coordinates": [
          139.061512010337,
          35.976567098278
        ]
      },
      "properties": {
        "id": "saitama-223",
        "source_id": 223,
        "datetime": "2025-09-19T11:10:00.000Z",
        "date_source": "field",
        "has_time": true,
        "time_of_day": "night",
        "time_of_day_label": "夜間",
        "season": "autumn",
        "municipality": "秩父市",
        "lat": 35.976567098278,
        "lon": 139.061512010337,
        "tags": {
          "地名": "秩父市久那地内　県営秩父久那住宅南東",
          "出没状況の概要": "地元住民が目撃",
          "出没頭数": 2,
          "被害状況": "人身・物損被害なし",
          "出没レベル": "危険度 中",
          "報告者所属": "環境部生活衛生課",
          "出没年度": "令和７年度"
        },
        "seq": 181
      }
    },
    {
      "type": "Feature",
      "geometry": {
        "type": "Point",
        "coordinates": [
          138.919625238947,
          35.9357880774869
        ]
      },
      "properties": {
        "id": "saitama-224",
        "source_id": 224,
        "datetime": "2025-09-20T21:25:00.000Z",
        "date_source": "field",
        "has_time": true,
        "time_of_day": "morning",
        "time_of_day_label": "朝",
        "season": "autumn",
        "municipality": "秩父市",
        "lat": 35.9357880774869,
        "lon": 138.919625238947,
        "tags": {
          "地名": "秩父市三峰（ヘリポート付近）",
          "出没状況の概要": "通行人が目撃",
          "出没頭数": 1,
          "被害状況": "人身・物損被害なし",
          "出没レベル": "危険度 小",
          "報告者所属": "秩父市役所 大滝総合支所 地域振興課",
          "出没年度": "令和７年度"
        },
        "seq": 182
      }
    },
    {
      "type": "Feature",
      "geometry": {
        "type": "Point",
        "coordinates": [
          139.233684539758,
          35.8631436650329
        ]
      },
      "properties": {
        "id": "saitama-225",
        "source_id": 225,
        "datetime": "2025-09-23T22:00:00.000Z",
        "date_source": "field",
        "has_time": true,
        "time_of_day": "morning",
        "time_of_day_label": "朝",
        "season": "autumn",
        "municipality": "飯能市",
        "lat": 35.8631436650329,
        "lon": 139.233684539758,
        "tags": {
          "地名": "飯能市大字原市場地内",
          "出没状況の概要": "地元住民が目撃",
          "出没頭数": 1,
          "被害状況": "人身・物損被害なし",
          "出没レベル": "危険度 中",
          "報告者所属": "飯能市農林部農業振興課鳥獣被害対策室",
          "備考": "目撃者は警察署に通報し、市役所は警察署から情報提供を受けた。目撃者は匿名のため市役所からは連絡が取れず、そのため詳細な聴き取りが行えていないため、熊ではない可能性もある。",
          "出没年度": "令和７年度"
        },
        "seq": 183
      }
    },
    {
      "type": "Feature",
      "geometry": {
        "type": "Point",
        "coordinates": [
          139.060373669066,
          35.9760701429771
        ]
      },
      "properties": {
        "id": "saitama-226",
        "source_id": 226,
        "datetime": "2025-09-27T12:05:00.000Z",
        "date_source": "field",
        "has_time": true,
        "time_of_day": "night",
        "time_of_day_label": "夜間",
        "season": "autumn",
        "municipality": "秩父市",
        "lat": 35.9760701429771,
        "lon": 139.060373669066,
        "tags": {
          "地名": "秩父市久那地内　県営秩父久那住宅南150ｍ付近",
          "出没状況の概要": "地元住民が目撃",
          "出没頭数": 1,
          "被害状況": "人身・物損被害なし",
          "出没レベル": "危険度 中",
          "報告者所属": "環境部生活衛生課",
          "出没年度": "令和７年度"
        },
        "seq": 184
      }
    },
    {
      "type": "Feature",
      "geometry": {
        "type": "Point",
        "coordinates": [
          139.16917524105,
          36.0128808516944
        ]
      },
      "properties": {
        "id": "saitama-227",
        "source_id": 227,
        "datetime": "2025-10-01T01:15:00.000Z",
        "date_source": "field",
        "has_time": true,
        "time_of_day": "daytime",
        "time_of_day_label": "昼",
        "season": "autumn",
        "municipality": "東秩父村",
        "lat": 36.0128808516944,
        "lon": 139.16917524105,
        "tags": {
          "地名": "東秩父村白石北畑(定峰峠山頂付近)",
          "出没状況の概要": "道路通行人からの報告",
          "出没頭数": 1,
          "被害状況": "被害なし",
          "出没レベル": "危険度 小",
          "報告者所属": "東秩父村役場産業観光課",
          "出没年度": "令和７年度"
        },
        "seq": 185
      }
    },
    {
      "type": "Feature",
      "geometry": {
        "type": "Point",
        "coordinates": [
          139.125294837824,
          35.9899842654006
        ]
      },
      "properties": {
        "id": "saitama-228",
        "source_id": 228,
        "datetime": "2025-10-02T23:50:00.000Z",
        "date_source": "field",
        "has_time": true,
        "time_of_day": "morning",
        "time_of_day_label": "朝",
        "season": "autumn",
        "municipality": "横瀬町",
        "lat": 35.9899842654006,
        "lon": 139.125294837824,
        "tags": {
          "地名": "横瀬町横瀬丸山林道付近",
          "出没状況の概要": "登山客が目撃",
          "出没頭数": 1,
          "被害状況": "人身・物損被害なし",
          "出没レベル": "危険度 小",
          "報告者所属": "横瀬町振興課",
          "出没年度": "令和７年度"
        },
        "seq": 186
      }
    },
    {
      "type": "Feature",
      "geometry": {
        "type": "Point",
        "coordinates": [
          138.94337832924,
          35.9162426951912
        ]
      },
      "properties": {
        "id": "saitama-229",
        "source_id": 229,
        "datetime": "2025-10-03T05:50:00.000Z",
        "date_source": "field",
        "has_time": true,
        "time_of_day": "daytime",
        "time_of_day_label": "昼",
        "season": "autumn",
        "municipality": "秩父市",
        "lat": 35.9162426951912,
        "lon": 138.94337832924,
        "tags": {
          "地名": "秩父市三峰地内（雲取登山道妙法ヶ岳分岐鳥居付近）",
          "出没状況の概要": "登山者が目撃",
          "出没頭数": 1,
          "被害状況": "人身・物損被害なし",
          "出没レベル": "危険度 小",
          "報告者所属": "秩父市役所 大滝総合支所 地域振興課",
          "出没年度": "令和７年度"
        },
        "seq": 187
      }
    },
    {
      "type": "Feature",
      "geometry": {
        "type": "Point",
        "coordinates": [
          139.087380766832,
          36.0718811503541
        ]
      },
      "properties": {
        "id": "saitama-230",
        "source_id": 230,
        "datetime": "2025-10-05T11:30:00.000Z",
        "date_source": "field",
        "has_time": true,
        "time_of_day": "night",
        "time_of_day_label": "夜間",
        "season": "autumn",
        "municipality": "皆野町",
        "lat": 36.0718811503541,
        "lon": 139.087380766832,
        "tags": {
          "地名": "皆野町大字大渕　大渕古墳付近",
          "出没状況の概要": "秩父警察から連絡\n地域住民が車の運転中に目撃",
          "出没頭数": 1,
          "被害状況": "人身・物損被害なし",
          "出没レベル": "危険度 中",
          "報告者所属": "皆野町産業観光課",
          "出没年度": "令和７年度"
        },
        "seq": 188
      }
    },
    {
      "type": "Feature",
      "geometry": {
        "type": "Point",
        "coordinates": [
          139.155199304572,
          35.9930823952112
        ]
      },
      "properties": {
        "id": "saitama-231",
        "source_id": 231,
        "datetime": "2025-10-03T02:00:00.000Z",
        "date_source": "field",
        "has_time": true,
        "time_of_day": "daytime",
        "time_of_day_label": "昼",
        "season": "autumn",
        "municipality": "横瀬町",
        "lat": 35.9930823952112,
        "lon": 139.155199304572,
        "tags": {
          "地名": "県民の森園内",
          "出没状況の概要": "埼玉県職員及び地元住民が目撃",
          "出没頭数": 1,
          "被害状況": "人身・物損被害なし",
          "出没レベル": "危険度 中",
          "報告者所属": "横瀬町振興課",
          "出没年度": "令和７年度"
        },
        "seq": 189
      }
    },
    {
      "type": "Feature",
      "geometry": {
        "type": "Point",
        "coordinates": [
          139.063796619756,
          35.9725422397518
        ]
      },
      "properties": {
        "id": "saitama-232",
        "source_id": 232,
        "datetime": "2025-10-04T06:05:00.000Z",
        "date_source": "field",
        "has_time": true,
        "time_of_day": "daytime",
        "time_of_day_label": "昼",
        "season": "autumn",
        "municipality": "秩父市",
        "lat": 35.9725422397518,
        "lon": 139.063796619756,
        "tags": {
          "地名": "秩父市上影森地内　柳大橋南東200m付近",
          "出没状況の概要": "通行者が目撃",
          "出没頭数": 1,
          "被害状況": "人身・物損被害なし",
          "出没レベル": "危険度 中",
          "報告者所属": "環境部生活衛生課",
          "出没年度": "令和７年度"
        },
        "seq": 190
      }
    },
    {
      "type": "Feature",
      "geometry": {
        "type": "Point",
        "coordinates": [
          139.311527609788,
          35.8432908391857
        ]
      },
      "properties": {
        "id": "saitama-233",
        "source_id": 233,
        "datetime": "2025-10-04T02:20:00.000Z",
        "date_source": "field",
        "has_time": true,
        "time_of_day": "daytime",
        "time_of_day_label": "昼",
        "season": "autumn",
        "municipality": "飯能市",
        "lat": 35.8432908391857,
        "lon": 139.311527609788,
        "tags": {
          "地名": "飯能市美杉台三丁目地内",
          "出没状況の概要": "地元住民が目撃",
          "出没頭数": 1,
          "被害状況": "人身・物損被害なし",
          "出没レベル": "危険度 中",
          "報告者所属": "飯能市農林部農業振興課鳥獣被害対策室",
          "出没年度": "令和７年度"
        },
        "seq": 191
      }
    },
    {
      "type": "Feature",
      "geometry": {
        "type": "Point",
        "coordinates": [
          139.270597100221,
          35.8663911246014
        ]
      },
      "properties": {
        "id": "saitama-234",
        "source_id": 234,
        "datetime": "2025-10-03T09:00:00.000Z",
        "date_source": "field",
        "has_time": true,
        "time_of_day": "evening",
        "time_of_day_label": "夕方",
        "season": "autumn",
        "municipality": "飯能市",
        "lat": 35.8663911246014,
        "lon": 139.270597100221,
        "tags": {
          "地名": "飯能市大字小瀬戸地内",
          "出没状況の概要": "地元住民が目撃",
          "出没頭数": 1,
          "被害状況": "人身・物損被害なし",
          "出没レベル": "危険度 中",
          "報告者所属": "飯能市農林部農業振興課鳥獣被害対策室",
          "備考": "目撃から市に報告されるまでの間に時間が経っていたため、防災無線放送等は行わなかった。",
          "出没年度": "令和７年度"
        },
        "seq": 192
      }
    },
    {
      "type": "Feature",
      "geometry": {
        "type": "Point",
        "coordinates": [
          139.310052394831,
          35.848761080131
        ]
      },
      "properties": {
        "id": "saitama-235",
        "source_id": 235,
        "datetime": "2025-10-05T21:40:00.000Z",
        "date_source": "field",
        "has_time": true,
        "time_of_day": "morning",
        "time_of_day_label": "朝",
        "season": "autumn",
        "municipality": "飯能市",
        "lat": 35.848761080131,
        "lon": 139.310052394831,
        "tags": {
          "地名": "飯能市美杉台一丁目地内",
          "出没状況の概要": "地元住民が目撃",
          "出没頭数": 1,
          "被害状況": "人身・物損被害なし",
          "出没レベル": "危険度 中",
          "報告者所属": "飯能市農林部農業振興課鳥獣被害対策室",
          "出没年度": "令和７年度"
        },
        "seq": 193
      }
    },
    {
      "type": "Feature",
      "geometry": {
        "type": "Point",
        "coordinates": [
          139.05857465607,
          35.9473401933847
        ]
      },
      "properties": {
        "id": "saitama-236",
        "source_id": 236,
        "datetime": "2025-10-04T14:17:00.000Z",
        "date_source": "field",
        "has_time": true,
        "time_of_day": "night",
        "time_of_day_label": "夜間",
        "season": "autumn",
        "municipality": "秩父市",
        "lat": 35.9473401933847,
        "lon": 139.05857465607,
        "tags": {
          "地名": "秩父市浦山地内　浦山ダム資料館南東750m付近",
          "出没状況の概要": "地元住民が目撃",
          "出没頭数": 1,
          "被害状況": "物損被害あり（養蜂箱を破壊） ※後日発見",
          "出没レベル": "危険度 中",
          "報告者所属": "環境部生活衛生課",
          "出没年度": "令和７年度"
        },
        "seq": 194
      }
    },
    {
      "type": "Feature",
      "geometry": {
        "type": "Point",
        "coordinates": [
          138.943662643396,
          35.9156257723539
        ]
      },
      "properties": {
        "id": "saitama-237",
        "source_id": 237,
        "datetime": "2025-10-04T03:00:00.000Z",
        "date_source": "date_only",
        "has_time": false,
        "time_of_day": "unknown",
        "time_of_day_label": "不明",
        "season": "autumn",
        "municipality": "秩父市",
        "lat": 35.9156257723539,
        "lon": 138.943662643396,
        "tags": {
          "地名": "雲取登山道妙法ヶ岳分岐鳥居付近",
          "出没状況の概要": "登山客が目撃",
          "出没頭数": 1,
          "被害状況": "人身・物損被害なし",
          "出没レベル": "危険度 小",
          "報告者所属": "秩父市大滝総合支所地域振興課",
          "出没年度": "令和７年度"
        },
        "seq": 195
      }
    },
    {
      "type": "Feature",
      "geometry": {
        "type": "Point",
        "coordinates": [
          138.952497839891,
          36.040640961374
        ]
      },
      "properties": {
        "id": "saitama-238",
        "source_id": 238,
        "datetime": "2025-10-07T02:20:00.000Z",
        "date_source": "field",
        "has_time": true,
        "time_of_day": "daytime",
        "time_of_day_label": "昼",
        "season": "autumn",
        "municipality": "小鹿野町",
        "lat": 36.040640961374,
        "lon": 138.952497839891,
        "tags": {
          "地名": "飯田岩殿沢",
          "出没状況の概要": "札所３１番の参拝客の方が下りてくる途中に参道で目撃",
          "出没頭数": 1,
          "被害状況": "人身・物損被害なし",
          "出没レベル": "other",
          "報告者所属": "小鹿野町産業振興課",
          "出没年度": "令和７年度"
        },
        "seq": 196
      }
    },
    {
      "type": "Feature",
      "geometry": {
        "type": "Point",
        "coordinates": [
          139.265597462618,
          35.8672736106999
        ]
      },
      "properties": {
        "id": "saitama-239",
        "source_id": 239,
        "datetime": "2025-10-07T14:05:00.000Z",
        "date_source": "field",
        "has_time": true,
        "time_of_day": "night",
        "time_of_day_label": "夜間",
        "season": "autumn",
        "municipality": "飯能市",
        "lat": 35.8672736106999,
        "lon": 139.265597462618,
        "tags": {
          "地名": "飯能市大字小岩井地内",
          "出没状況の概要": "地元住民が目撃",
          "出没頭数": 2,
          "被害状況": "人身・物損被害なし",
          "出没レベル": "危険度 中",
          "報告者所属": "飯能市農林部農業振興課鳥獣被害対策室",
          "備考": "目撃から市に報告されるまでの間に時間が経っていたが、付近に小学校があるため防災無線放送を行った。",
          "出没年度": "令和７年度"
        },
        "seq": 197
      }
    },
    {
      "type": "Feature",
      "geometry": {
        "type": "Point",
        "coordinates": [
          138.848025798761,
          36.0598544844258
        ]
      },
      "properties": {
        "id": "saitama-240",
        "source_id": 240,
        "datetime": "2025-10-09T09:30:00.000Z",
        "date_source": "field",
        "has_time": true,
        "time_of_day": "evening",
        "time_of_day_label": "夕方",
        "season": "autumn",
        "municipality": "小鹿野町",
        "lat": 36.0598544844258,
        "lon": 138.848025798761,
        "tags": {
          "地名": "小鹿野町河原沢志賀坂志賀坂トンネル入口東300ｍ",
          "出没状況の概要": "役場職員が目撃",
          "出没頭数": 1,
          "被害状況": "人身・物損被害なし",
          "出没レベル": "危険度 小",
          "報告者所属": "小鹿野町産業振興課",
          "出没年度": "令和７年度"
        },
        "seq": 198
      }
    },
    {
      "type": "Feature",
      "geometry": {
        "type": "Point",
        "coordinates": [
          139.186515212023,
          35.8639131554338
        ]
      },
      "properties": {
        "id": "saitama-241",
        "source_id": 241,
        "datetime": "2025-10-09T12:00:00.000Z",
        "date_source": "field",
        "has_time": true,
        "time_of_day": "night",
        "time_of_day_label": "夜間",
        "season": "autumn",
        "municipality": "飯能市",
        "lat": 35.8639131554338,
        "lon": 139.186515212023,
        "tags": {
          "地名": "飯能市大字下名栗地内",
          "出没状況の概要": "地元住民が目撃",
          "出没頭数": 1,
          "被害状況": "人身・物損被害なし",
          "出没レベル": "危険度 中",
          "報告者所属": "飯能市農林部農業振興課鳥獣被害対策室",
          "備考": "目撃から市に報告されるまでの間に時間が経っていたため、防災無線放送等は行わなかった。",
          "出没年度": "令和７年度"
        },
        "seq": 199
      }
    },
    {
      "type": "Feature",
      "geometry": {
        "type": "Point",
        "coordinates": [
          139.08158130901,
          35.977293064404
        ]
      },
      "properties": {
        "id": "saitama-242",
        "source_id": 242,
        "datetime": "2025-10-09T14:00:00.000Z",
        "date_source": "field",
        "has_time": true,
        "time_of_day": "night",
        "time_of_day_label": "夜間",
        "season": "autumn",
        "municipality": "秩父市",
        "lat": 35.977293064404,
        "lon": 139.08158130901,
        "tags": {
          "地名": "秩父市日野田町地内　滝ノ入観光トイレ北西280m付近",
          "出没状況の概要": "地元住民が目撃",
          "出没頭数": 1,
          "被害状況": "人身・物損被害なし",
          "出没レベル": "危険度 中",
          "報告者所属": "環境部生活衛生課",
          "出没年度": "令和７年度"
        },
        "seq": 200
      }
    },
    {
      "type": "Feature",
      "geometry": {
        "type": "Point",
        "coordinates": [
          139.311726093255,
          35.8431408153384
        ]
      },
      "properties": {
        "id": "saitama-243",
        "source_id": 243,
        "datetime": "2025-10-10T01:55:00.000Z",
        "date_source": "field",
        "has_time": true,
        "time_of_day": "daytime",
        "time_of_day_label": "昼",
        "season": "autumn",
        "municipality": "飯能市",
        "lat": 35.8431408153384,
        "lon": 139.311726093255,
        "tags": {
          "地名": "飯能市美杉台三丁目地内",
          "出没状況の概要": "地元住民が目撃",
          "出没頭数": 1,
          "被害状況": "人身・物損被害なし",
          "出没レベル": "危険度 中",
          "報告者所属": "飯能市農林部農業振興課鳥獣被害対策室",
          "出没年度": "令和７年度"
        },
        "seq": 201
      }
    },
    {
      "type": "Feature",
      "geometry": {
        "type": "Point",
        "coordinates": [
          139.308958053552,
          35.8723248937218
        ]
      },
      "properties": {
        "id": "saitama-244",
        "source_id": 244,
        "datetime": "2025-10-09T12:00:00.000Z",
        "date_source": "field",
        "has_time": true,
        "time_of_day": "night",
        "time_of_day_label": "夜間",
        "season": "autumn",
        "municipality": "飯能市",
        "lat": 35.8723248937218,
        "lon": 139.308958053552,
        "tags": {
          "地名": "飯能市大字飯能地内",
          "出没状況の概要": "地元住民が目撃",
          "出没頭数": 2,
          "被害状況": "人身・物損被害なし",
          "出没レベル": "危険度 中",
          "報告者所属": "飯能市農林部農業振興課鳥獣被害対策室",
          "備考": "目撃者によると、２頭のクマは道路上で取っ組み合いをしていたとのことであった。\n目撃から市に報告されるまでの間に時間が経っていたため、防災無線放送等は行わなかった。",
          "出没年度": "令和７年度"
        },
        "seq": 202
      }
    },
    {
      "type": "Feature",
      "geometry": {
        "type": "Point",
        "coordinates": [
          138.939263820612,
          35.9525457751788
        ]
      },
      "properties": {
        "id": "saitama-245",
        "source_id": 245,
        "datetime": "2025-10-10T07:30:00.000Z",
        "date_source": "field",
        "has_time": true,
        "time_of_day": "evening",
        "time_of_day_label": "夕方",
        "season": "autumn",
        "municipality": "秩父市",
        "lat": 35.9525457751788,
        "lon": 138.939263820612,
        "tags": {
          "地名": "大滝字落合",
          "出没状況の概要": "大滝トンネル警備員が目撃",
          "出没頭数": 1,
          "被害状況": "人身・物損被害なし",
          "出没レベル": "危険度 中",
          "報告者所属": "秩父市大滝総合支所地域振興課",
          "出没年度": "令和７年度"
        },
        "seq": 203
      }
    },
    {
      "type": "Feature",
      "geometry": {
        "type": "Point",
        "coordinates": [
          138.96303642263,
          35.9560601289904
        ]
      },
      "properties": {
        "id": "saitama-246",
        "source_id": 246,
        "datetime": "2025-10-09T09:20:00.000Z",
        "date_source": "field",
        "has_time": true,
        "time_of_day": "evening",
        "time_of_day_label": "夕方",
        "season": "autumn",
        "municipality": "秩父市",
        "lat": 35.9560601289904,
        "lon": 138.96303642263,
        "tags": {
          "地名": "秩父市荒川白久地内（大滝トンネル入口付近）",
          "出没状況の概要": "警備員が目撃",
          "出没頭数": 1,
          "被害状況": "人身・物損被害なし",
          "出没レベル": "危険度 中",
          "報告者所属": "秩父市荒川総合支所地域振興課",
          "出没年度": "令和７年度"
        },
        "seq": 204
      }
    },
    {
      "type": "Feature",
      "geometry": {
        "type": "Point",
        "coordinates": [
          138.954070193577,
          36.0114225098878
        ]
      },
      "properties": {
        "id": "saitama-247",
        "source_id": 247,
        "datetime": "2025-10-10T12:30:00.000Z",
        "date_source": "field",
        "has_time": true,
        "time_of_day": "night",
        "time_of_day_label": "夜間",
        "season": "autumn",
        "municipality": "小鹿野町",
        "lat": 36.0114225098878,
        "lon": 138.954070193577,
        "tags": {
          "地名": "小鹿野町両神薄柏沢柏沢公会堂北100ｍ付近",
          "出没状況の概要": "警察より情報提供",
          "出没頭数": 1,
          "被害状況": "人身・物損被害なし",
          "出没レベル": "危険度 中",
          "報告者所属": "小鹿野町産業振興課",
          "出没年度": "令和７年度"
        },
        "seq": 205
      }
    },
    {
      "type": "Feature",
      "geometry": {
        "type": "Point",
        "coordinates": [
          139.136607812619,
          36.0190237738836
        ]
      },
      "properties": {
        "id": "saitama-248",
        "source_id": 248,
        "datetime": "2025-10-13T11:30:00.000Z",
        "date_source": "field",
        "has_time": true,
        "time_of_day": "night",
        "time_of_day_label": "夜間",
        "season": "autumn",
        "municipality": "秩父市",
        "lat": 36.0190237738836,
        "lon": 139.136607812619,
        "tags": {
          "地名": "秩父市定峰地内　定岳寺南南西500m付近",
          "出没状況の概要": "地元住民が目撃",
          "出没頭数": 1,
          "被害状況": "人身・物損被害なし",
          "出没レベル": "危険度 中",
          "報告者所属": "環境部生活衛生課",
          "出没年度": "令和７年度"
        },
        "seq": 206
      }
    },
    {
      "type": "Feature",
      "geometry": {
        "type": "Point",
        "coordinates": [
          139.170910558947,
          36.0204410291413
        ]
      },
      "properties": {
        "id": "saitama-249",
        "source_id": 249,
        "datetime": "2025-10-13T05:25:00.000Z",
        "date_source": "field",
        "has_time": true,
        "time_of_day": "daytime",
        "time_of_day_label": "昼",
        "season": "autumn",
        "municipality": "東秩父村",
        "lat": 36.0204410291413,
        "lon": 139.170910558947,
        "tags": {
          "地名": "東秩父村白石",
          "出没状況の概要": "住民による目撃",
          "出没頭数": 1,
          "被害状況": "人身・物損被害なし",
          "出没レベル": "危険度 小",
          "報告者所属": "東秩父村役場　産業観光課",
          "出没年度": "令和７年度"
        },
        "seq": 207
      }
    },
    {
      "type": "Feature",
      "geometry": {
        "type": "Point",
        "coordinates": [
          139.33020114895,
          35.82769553808
        ]
      },
      "properties": {
        "id": "saitama-250",
        "source_id": 250,
        "datetime": "2025-10-18T03:50:00.000Z",
        "date_source": "field",
        "has_time": true,
        "time_of_day": "daytime",
        "time_of_day_label": "昼",
        "season": "autumn",
        "municipality": "飯能市",
        "lat": 35.82769553808,
        "lon": 139.33020114895,
        "tags": {
          "地名": "飯能市大字阿須地内",
          "出没状況の概要": "JR八高線の運転手が電車を運転中に目撃",
          "出没頭数": 1,
          "被害状況": "人身・物損被害なし",
          "出没レベル": "危険度 中",
          "報告者所属": "飯能市農林部農業振興課鳥獣被害対策室",
          "備考": "付近に生息している黒毛のカモシカとの誤認の可能性がある。",
          "出没年度": "令和７年度"
        },
        "seq": 208
      }
    },
    {
      "type": "Feature",
      "geometry": {
        "type": "Point",
        "coordinates": [
          138.908124171601,
          35.9356574348985
        ]
      },
      "properties": {
        "id": "saitama-251",
        "source_id": 251,
        "datetime": "2025-10-20T01:30:00.000Z",
        "date_source": "field",
        "has_time": true,
        "time_of_day": "daytime",
        "time_of_day_label": "昼",
        "season": "autumn",
        "municipality": "秩父市",
        "lat": 35.9356574348985,
        "lon": 138.908124171601,
        "tags": {
          "地名": "秩父市三峰地内（藤岩トンネル付近）",
          "出没状況の概要": "通行人（観光客）が目撃",
          "出没頭数": 1,
          "被害状況": "人身・物損被害なし",
          "出没レベル": "危険度 中",
          "報告者所属": "秩父市役所 大滝総合支所 地域振興課",
          "出没年度": "令和７年度"
        },
        "seq": 209
      }
    },
    {
      "type": "Feature",
      "geometry": {
        "type": "Point",
        "coordinates": [
          139.034463023521,
          36.0076139301709
        ]
      },
      "properties": {
        "id": "saitama-252",
        "source_id": 252,
        "datetime": "2025-10-20T01:40:00.000Z",
        "date_source": "field",
        "has_time": true,
        "time_of_day": "daytime",
        "time_of_day_label": "昼",
        "season": "autumn",
        "municipality": "小鹿野町",
        "lat": 36.0076139301709,
        "lon": 139.034463023521,
        "tags": {
          "地名": "秩父郡小鹿野町下小鹿野1658",
          "出没状況の概要": "県職員による目撃",
          "出没頭数": 1,
          "被害状況": "人身・物損被害なし",
          "出没レベル": "危険度 中",
          "報告者所属": "小鹿野町産業振興課",
          "出没年度": "令和７年度"
        },
        "seq": 210
      }
    },
    {
      "type": "Feature",
      "geometry": {
        "type": "Point",
        "coordinates": [
          139.108674891213,
          35.999580401488
        ]
      },
      "properties": {
        "id": "saitama-253",
        "source_id": 253,
        "datetime": "2025-10-17T06:00:00.000Z",
        "date_source": "field",
        "has_time": true,
        "time_of_day": "daytime",
        "time_of_day_label": "昼",
        "season": "autumn",
        "municipality": "横瀬町",
        "lat": 35.999580401488,
        "lon": 139.108674891213,
        "tags": {
          "地名": "長興寺から北東約３００ｍ",
          "出没状況の概要": "足跡の痕跡発見",
          "出没頭数": 1,
          "被害状況": "人身・物損被害なし",
          "出没レベル": "危険度 中",
          "報告者所属": "横瀬町振興課",
          "出没年度": "令和７年度"
        },
        "seq": 211
      }
    },
    {
      "type": "Feature",
      "geometry": {
        "type": "Point",
        "coordinates": [
          139.067947556762,
          36.0029797881759
        ]
      },
      "properties": {
        "id": "saitama-254",
        "source_id": 254,
        "datetime": "2025-10-18T11:00:00.000Z",
        "date_source": "field",
        "has_time": true,
        "time_of_day": "night",
        "time_of_day_label": "夜間",
        "season": "autumn",
        "municipality": "秩父市",
        "lat": 36.0029797881759,
        "lon": 139.067947556762,
        "tags": {
          "地名": "秩父市寺尾地内　秩父公園橋西450m付近",
          "出没状況の概要": "地元住民が目撃",
          "出没頭数": 1,
          "被害状況": "人身・物損被害なし",
          "出没レベル": "危険度 中",
          "報告者所属": "環境部生活衛生課",
          "出没年度": "令和７年度"
        },
        "seq": 212
      }
    },
    {
      "type": "Feature",
      "geometry": {
        "type": "Point",
        "coordinates": [
          139.091984019,
          35.989467431
        ]
      },
      "properties": {
        "id": "saitama-255",
        "source_id": 255,
        "datetime": "2025-10-20T08:00:00.000Z",
        "date_source": "field",
        "has_time": true,
        "time_of_day": "evening",
        "time_of_day_label": "夕方",
        "season": "autumn",
        "municipality": "横瀬町",
        "lat": 35.989467431,
        "lon": 139.091984019,
        "tags": {
          "地名": "姿の池周辺",
          "出没状況の概要": "地元住民が目撃",
          "出没頭数": 1,
          "被害状況": "人身・物損被害なし",
          "出没レベル": "危険度 大",
          "報告者所属": "横瀬町振興課",
          "出没年度": "令和７年度"
        },
        "seq": 213
      }
    },
    {
      "type": "Feature",
      "geometry": {
        "type": "Point",
        "coordinates": [
          139.094584687813,
          35.9888460272213
        ]
      },
      "properties": {
        "id": "saitama-256",
        "source_id": 256,
        "datetime": "2025-10-20T08:30:00.000Z",
        "date_source": "field",
        "has_time": true,
        "time_of_day": "evening",
        "time_of_day_label": "夕方",
        "season": "autumn",
        "municipality": "横瀬町",
        "lat": 35.9888460272213,
        "lon": 139.094584687813,
        "tags": {
          "地名": "姿の池周辺",
          "出没状況の概要": "地元住民が目撃",
          "出没頭数": 1,
          "被害状況": "人身・物損被害なし",
          "出没レベル": "危険度 大",
          "報告者所属": "横瀬町振興課",
          "出没年度": "令和７年度"
        },
        "seq": 214
      }
    },
    {
      "type": "Feature",
      "geometry": {
        "type": "Point",
        "coordinates": [
          139.133992192471,
          35.9864705775571
        ]
      },
      "properties": {
        "id": "saitama-257",
        "source_id": 257,
        "datetime": "2025-10-20T01:30:00.000Z",
        "date_source": "field",
        "has_time": true,
        "time_of_day": "daytime",
        "time_of_day_label": "昼",
        "season": "autumn",
        "municipality": "横瀬町",
        "lat": 35.9864705775571,
        "lon": 139.133992192471,
        "tags": {
          "地名": "横瀬町芦ヶ久保森下地内",
          "出没状況の概要": "痕跡の発見",
          "出没頭数": 1,
          "被害状況": "人身・物損被害なし",
          "出没レベル": "危険度 中",
          "報告者所属": "横瀬町振興課",
          "出没年度": "令和７年度"
        },
        "seq": 215
      }
    },
    {
      "type": "Feature",
      "geometry": {
        "type": "Point",
        "coordinates": [
          139.192475080454,
          35.9289710854644
        ]
      },
      "properties": {
        "id": "saitama-258",
        "source_id": 258,
        "datetime": "2025-10-21T18:00:00.000Z",
        "date_source": "field",
        "has_time": true,
        "time_of_day": "night",
        "time_of_day_label": "夜間",
        "season": "autumn",
        "municipality": "飯能市",
        "lat": 35.9289710854644,
        "lon": 139.192475080454,
        "tags": {
          "地名": "飯能市大字南川地内",
          "出没状況の概要": "地元住民が目撃",
          "出没頭数": 2,
          "被害状況": "人身・物損被害なし",
          "出没レベル": "危険度 中",
          "報告者所属": "飯能市農林部農業振興課鳥獣被害対策室",
          "出没年度": "令和７年度"
        },
        "seq": 216
      }
    },
    {
      "type": "Feature",
      "geometry": {
        "type": "Point",
        "coordinates": [
          139.051201687684,
          35.9809212565721
        ]
      },
      "properties": {
        "id": "saitama-259",
        "source_id": 259,
        "datetime": "2025-10-23T02:45:00.000Z",
        "date_source": "field",
        "has_time": true,
        "time_of_day": "daytime",
        "time_of_day_label": "昼",
        "season": "autumn",
        "municipality": "秩父市",
        "lat": 35.9809212565721,
        "lon": 139.051201687684,
        "tags": {
          "地名": "秩父市久那地内　巴川町公会堂南西400m付近",
          "出没状況の概要": "地元住民が目撃",
          "出没頭数": 1,
          "被害状況": "人身・物損被害なし",
          "出没レベル": "危険度 中",
          "報告者所属": "環境部生活衛生課",
          "出没年度": "令和７年度"
        },
        "seq": 217
      }
    },
    {
      "type": "Feature",
      "geometry": {
        "type": "Point",
        "coordinates": [
          138.962717056238,
          35.9556115315487
        ]
      },
      "properties": {
        "id": "saitama-260",
        "source_id": 260,
        "datetime": "2025-10-25T09:20:00.000Z",
        "date_source": "field",
        "has_time": true,
        "time_of_day": "evening",
        "time_of_day_label": "夕方",
        "season": "autumn",
        "municipality": "秩父市",
        "lat": 35.9556115315487,
        "lon": 138.962717056238,
        "tags": {
          "地名": "秩父市荒川白久地内（大滝トンネル入口付近）",
          "出没状況の概要": "道路警備員が目撃",
          "出没頭数": 2,
          "被害状況": "人身・物損被害なし",
          "出没レベル": "危険度 中",
          "報告者所属": "秩父市　荒川総合支所　地域振興課",
          "出没年度": "令和７年度"
        },
        "seq": 218
      }
    },
    {
      "type": "Feature",
      "geometry": {
        "type": "Point",
        "coordinates": [
          138.962695598566,
          35.9556419279714
        ]
      },
      "properties": {
        "id": "saitama-261",
        "source_id": 261,
        "datetime": "2025-10-26T10:00:00.000Z",
        "date_source": "field",
        "has_time": true,
        "time_of_day": "night",
        "time_of_day_label": "夜間",
        "season": "autumn",
        "municipality": "秩父市",
        "lat": 35.9556419279714,
        "lon": 138.962695598566,
        "tags": {
          "地名": "秩父市荒川白久地内（大滝トンネル入口付近）",
          "出没状況の概要": "道路警備員が目撃",
          "出没頭数": 3,
          "被害状況": "人身・物損被害なし",
          "出没レベル": "危険度 中",
          "報告者所属": "秩父市　荒川総合支所　地域振興課",
          "出没年度": "令和７年度"
        },
        "seq": 219
      }
    },
    {
      "type": "Feature",
      "geometry": {
        "type": "Point",
        "coordinates": [
          139.24707412716,
          35.9049722333026
        ]
      },
      "properties": {
        "id": "saitama-263",
        "source_id": 263,
        "datetime": "2025-10-26T01:50:00.000Z",
        "date_source": "field",
        "has_time": true,
        "time_of_day": "daytime",
        "time_of_day_label": "昼",
        "season": "autumn",
        "municipality": "飯能市",
        "lat": 35.9049722333026,
        "lon": 139.24707412716,
        "tags": {
          "地名": "飯能市大字井上地内",
          "出没状況の概要": "通行人が目撃",
          "出没頭数": 1,
          "被害状況": "人身・物損被害なし",
          "出没レベル": "危険度 中",
          "報告者所属": "飯能市農林部農業振興課鳥獣被害対策室",
          "備考": "目撃者は過去に大型の野生動物を見たことがなく、今回の目撃についても「こげ茶色の動物だった」と証言していることから、イノシシとの誤認の可能性が高い。",
          "出没年度": "令和７年度"
        },
        "seq": 220
      }
    },
    {
      "type": "Feature",
      "geometry": {
        "type": "Point",
        "coordinates": [
          139.00757113468,
          36.0976309631303
        ]
      },
      "properties": {
        "id": "saitama-264",
        "source_id": 264,
        "datetime": "2025-10-08T04:00:00.000Z",
        "date_source": "field",
        "has_time": true,
        "time_of_day": "daytime",
        "time_of_day_label": "昼",
        "season": "autumn",
        "municipality": "秩父市",
        "lat": 36.0976309631303,
        "lon": 139.00757113468,
        "tags": {
          "地名": "秩父市吉田石間地内（城峯山登山道　城峯山山頂付近）",
          "出没状況の概要": "登山客が目撃",
          "出没頭数": 1,
          "被害状況": "人身・物損被害なし",
          "出没レベル": "危険度 小",
          "報告者所属": "秩父市役所　吉田総合支所　地域振興課",
          "出没年度": "令和７年度"
        },
        "seq": 221
      }
    },
    {
      "type": "Feature",
      "geometry": {
        "type": "Point",
        "coordinates": [
          138.929103195411,
          35.952982950314
        ]
      },
      "properties": {
        "id": "saitama-265",
        "source_id": 265,
        "datetime": "2025-10-28T09:50:00.000Z",
        "date_source": "field",
        "has_time": true,
        "time_of_day": "evening",
        "time_of_day_label": "夕方",
        "season": "autumn",
        "municipality": "秩父市",
        "lat": 35.952982950314,
        "lon": 138.929103195411,
        "tags": {
          "地名": "秩父市大滝字三十槌地内（温泉スタンド付近）",
          "出没状況の概要": "地元住民が目撃",
          "出没頭数": 2,
          "被害状況": "人身・物損被害なし",
          "出没レベル": "危険度 中",
          "報告者所属": "秩父市役所 大滝総合支所 地域振興課",
          "備考": "秩父市役所 大滝総合支所 地域振興課",
          "出没年度": "令和７年度"
        },
        "seq": 222
      }
    },
    {
      "type": "Feature",
      "geometry": {
        "type": "Point",
        "coordinates": [
          139.029600620234,
          35.9559285222332
        ]
      },
      "properties": {
        "id": "saitama-266",
        "source_id": 266,
        "datetime": "2025-10-29T07:00:00.000Z",
        "date_source": "field",
        "has_time": true,
        "time_of_day": "evening",
        "time_of_day_label": "夕方",
        "season": "autumn",
        "municipality": "秩父市",
        "lat": 35.9559285222332,
        "lon": 139.029600620234,
        "tags": {
          "地名": "秩父市荒川上田野地内（荒川総合支所より南西に約２００ｍ付近）",
          "出没状況の概要": "通行人が目撃",
          "出没頭数": 1,
          "被害状況": "人身・物損被害なし",
          "出没レベル": "危険度 中",
          "報告者所属": "秩父市荒川総合支所地域振興課",
          "出没年度": "令和７年度"
        },
        "seq": 223
      }
    },
    {
      "type": "Feature",
      "geometry": {
        "type": "Point",
        "coordinates": [
          139.108581402964,
          36.1241070712882
        ]
      },
      "properties": {
        "id": "saitama-267",
        "source_id": 267,
        "datetime": "2025-10-19T08:00:00.000Z",
        "date_source": "field",
        "has_time": true,
        "time_of_day": "evening",
        "time_of_day_label": "夕方",
        "season": "autumn",
        "municipality": "長瀞町",
        "lat": 36.1241070712882,
        "lon": 139.108581402964,
        "tags": {
          "地名": "長瀞町大字野上下郷地内",
          "出没状況の概要": "地元住民よりクマらしき動物を目撃したと通報あり",
          "出没頭数": 1,
          "被害状況": "人身・物損被害なし",
          "出没レベル": "other",
          "報告者所属": "長瀞町　町民課",
          "出没年度": "令和７年度"
        },
        "seq": 224
      }
    },
    {
      "type": "Feature",
      "geometry": {
        "type": "Point",
        "coordinates": [
          139.095781568412,
          36.0924985595817
        ]
      },
      "properties": {
        "id": "saitama-269",
        "source_id": 269,
        "datetime": "2025-10-29T05:00:00.000Z",
        "date_source": "field",
        "has_time": true,
        "time_of_day": "daytime",
        "time_of_day_label": "昼",
        "season": "autumn",
        "municipality": "長瀞町",
        "lat": 36.0924985595817,
        "lon": 139.095781568412,
        "tags": {
          "地名": "長瀞町宝登山中腹の四阿(あずまや)付近",
          "出没状況の概要": "猟友会により針葉樹に爪痕確認",
          "出没頭数": 0,
          "被害状況": "人身・物損被害なし",
          "出没レベル": "危険度 小",
          "報告者所属": "長瀞町　町民課",
          "出没年度": "令和７年度"
        },
        "seq": 225
      }
    },
    {
      "type": "Feature",
      "geometry": {
        "type": "Point",
        "coordinates": [
          138.978482139753,
          36.0557172812449
        ]
      },
      "properties": {
        "id": "saitama-270",
        "source_id": 270,
        "datetime": "2025-10-31T00:08:00.000Z",
        "date_source": "field",
        "has_time": true,
        "time_of_day": "morning",
        "time_of_day_label": "朝",
        "season": "autumn",
        "municipality": "秩父市",
        "lat": 36.0557172812449,
        "lon": 138.978482139753,
        "tags": {
          "地名": "秩父市上吉田女部田地内　旧上吉田小学校付近",
          "出没状況の概要": "通行人が目撃",
          "出没頭数": 1,
          "被害状況": "人身・物損被害なし",
          "出没レベル": "危険度 中",
          "報告者所属": "秩父市役所吉田総合支所地域振興課",
          "出没年度": "令和７年度"
        },
        "seq": 226
      }
    },
    {
      "type": "Feature",
      "geometry": {
        "type": "Point",
        "coordinates": [
          139.296855926477,
          35.8507264481718
        ]
      },
      "properties": {
        "id": "saitama-271",
        "source_id": 271,
        "datetime": "2025-10-31T00:30:00.000Z",
        "date_source": "field",
        "has_time": true,
        "time_of_day": "morning",
        "time_of_day_label": "朝",
        "season": "autumn",
        "municipality": "飯能市",
        "lat": 35.8507264481718,
        "lon": 139.296855926477,
        "tags": {
          "地名": "飯能市茜台一丁目付近",
          "出没状況の概要": "地元住民が目撃",
          "出没頭数": 1,
          "被害状況": "人身・物損被害なし",
          "出没レベル": "危険度 中",
          "報告者所属": "飯能市農林部農業振興課鳥獣被害対策室",
          "備考": "目撃者の証言によると「茶色に見えた」とのことなので、他の大型動物との見間違いの可能性もある。",
          "出没年度": "令和７年度"
        },
        "seq": 227
      }
    },
    {
      "type": "Feature",
      "geometry": {
        "type": "Point",
        "coordinates": [
          139.197978973352,
          35.8491959002655
        ]
      },
      "properties": {
        "id": "saitama-272",
        "source_id": 272,
        "datetime": "2025-11-02T00:40:00.000Z",
        "date_source": "field",
        "has_time": true,
        "time_of_day": "morning",
        "time_of_day_label": "朝",
        "season": "autumn",
        "municipality": "飯能市",
        "lat": 35.8491959002655,
        "lon": 139.197978973352,
        "tags": {
          "地名": "飯能市大字下名栗地内",
          "出没状況の概要": "サイクリング客が目撃",
          "出没頭数": 1,
          "被害状況": "人身・物損被害なし",
          "出没レベル": "危険度 中",
          "報告者所属": "飯能市農林部農業振興課鳥獣被害対策室",
          "備考": "体長が2mとの報告であったため、大きさ的に、付近に生息している黒毛のカモシカとの誤認の可能性がある。",
          "出没年度": "令和７年度"
        },
        "seq": 228
      }
    },
    {
      "type": "Feature",
      "geometry": {
        "type": "Point",
        "coordinates": [
          138.945236442765,
          36.0504396023582
        ]
      },
      "properties": {
        "id": "saitama-273",
        "source_id": 273,
        "datetime": "2025-11-05T10:00:00.000Z",
        "date_source": "field",
        "has_time": true,
        "time_of_day": "night",
        "time_of_day_label": "夜間",
        "season": "autumn",
        "municipality": "小鹿野町",
        "lat": 36.0504396023582,
        "lon": 138.945236442765,
        "tags": {
          "地名": "秩父郡小鹿野町藤倉馬上",
          "出没状況の概要": "住宅に設置してある防犯カメラに映った",
          "出没頭数": 1,
          "被害状況": "人身・物損被害なし",
          "出没レベル": "危険度 中",
          "報告者所属": "小鹿野町産業振興課",
          "出没年度": "令和７年度"
        },
        "seq": 229
      }
    },
    {
      "type": "Feature",
      "geometry": {
        "type": "Point",
        "coordinates": [
          139.109196746306,
          35.9988462811785
        ]
      },
      "properties": {
        "id": "saitama-274",
        "source_id": 274,
        "datetime": "2025-11-05T23:00:00.000Z",
        "date_source": "field",
        "has_time": true,
        "time_of_day": "morning",
        "time_of_day_label": "朝",
        "season": "autumn",
        "municipality": "横瀬町",
        "lat": 35.9988462811785,
        "lon": 139.109196746306,
        "tags": {
          "地名": "横瀬町横瀬　長興寺から南東約１５０ｍ",
          "出没状況の概要": "地元住民が糞を発見",
          "出没頭数": 1,
          "被害状況": "人身・物損被害なし",
          "出没レベル": "危険度 中",
          "報告者所属": "横瀬町振興課",
          "出没年度": "令和７年度"
        },
        "seq": 230
      }
    },
    {
      "type": "Feature",
      "geometry": {
        "type": "Point",
        "coordinates": [
          139.064197965561,
          35.9663751516074
        ]
      },
      "properties": {
        "id": "saitama-275",
        "source_id": 275,
        "datetime": "2025-11-06T06:30:00.000Z",
        "date_source": "field",
        "has_time": true,
        "time_of_day": "daytime",
        "time_of_day_label": "昼",
        "season": "autumn",
        "municipality": "秩父市",
        "lat": 35.9663751516074,
        "lon": 139.064197965561,
        "tags": {
          "地名": "秩父市上影森地内　札所27番大渕寺南西250m付近",
          "出没状況の概要": "出没の痕跡を発見",
          "出没頭数": 1,
          "被害状況": "人身・物損被害なし",
          "出没レベル": "危険度 中",
          "報告者所属": "環境部生活衛生課",
          "出没年度": "令和７年度"
        },
        "seq": 231
      }
    },
    {
      "type": "Feature",
      "geometry": {
        "type": "Point",
        "coordinates": [
          139.0723730669,
          35.9763135512376
        ]
      },
      "properties": {
        "id": "saitama-277",
        "source_id": 277,
        "datetime": "2025-11-04T20:00:00.000Z",
        "date_source": "field",
        "has_time": true,
        "time_of_day": "morning",
        "time_of_day_label": "朝",
        "season": "autumn",
        "municipality": "秩父市",
        "lat": 35.9763135512376,
        "lon": 139.0723730669,
        "tags": {
          "地名": "秩父市下影森地内　影森郵便局北東200m付近",
          "出没状況の概要": "地元住民がクマのような動物を目撃",
          "出没頭数": 1,
          "被害状況": "人身・物損被害なし",
          "出没レベル": "危険度 中",
          "報告者所属": "環境部生活衛生課",
          "出没年度": "令和７年度"
        },
        "seq": 232
      }
    },
    {
      "type": "Feature",
      "geometry": {
        "type": "Point",
        "coordinates": [
          139.109592908447,
          35.9952162411756
        ]
      },
      "properties": {
        "id": "saitama-278",
        "source_id": 278,
        "datetime": "2025-11-06T07:00:00.000Z",
        "date_source": "field",
        "has_time": true,
        "time_of_day": "evening",
        "time_of_day_label": "夕方",
        "season": "autumn",
        "municipality": "横瀬町",
        "lat": 35.9952162411756,
        "lon": 139.109592908447,
        "tags": {
          "地名": "咲山公園頂上から東側５０ｍ付近の山林",
          "出没状況の概要": "地元住民が目撃",
          "出没頭数": 1,
          "被害状況": "人身・物損被害なし",
          "出没レベル": "危険度 大",
          "報告者所属": "横瀬町振興課",
          "出没年度": "令和７年度"
        },
        "seq": 233
      }
    },
    {
      "type": "Feature",
      "geometry": {
        "type": "Point",
        "coordinates": [
          139.063528231216,
          35.9759675425948
        ]
      },
      "properties": {
        "id": "saitama-279",
        "source_id": 279,
        "datetime": "2025-11-09T07:30:00.000Z",
        "date_source": "field",
        "has_time": true,
        "time_of_day": "evening",
        "time_of_day_label": "夕方",
        "season": "autumn",
        "municipality": "秩父市",
        "lat": 35.9759675425948,
        "lon": 139.063528231216,
        "tags": {
          "地名": "秩父市久那地内　柳大橋北東150m付近",
          "出没状況の概要": "車の運転手が目撃",
          "出没頭数": 1,
          "被害状況": "人身・物損被害なし",
          "出没レベル": "危険度 中",
          "報告者所属": "環境部生活衛生課",
          "出没年度": "令和７年度"
        },
        "seq": 234
      }
    },
    {
      "type": "Feature",
      "geometry": {
        "type": "Point",
        "coordinates": [
          139.008187204562,
          35.9582071267331
        ]
      },
      "properties": {
        "id": "saitama-280",
        "source_id": 280,
        "datetime": "2025-11-11T00:00:00.000Z",
        "date_source": "field",
        "has_time": true,
        "time_of_day": "morning",
        "time_of_day_label": "朝",
        "season": "autumn",
        "municipality": "秩父市",
        "lat": 35.9582071267331,
        "lon": 139.008187204562,
        "tags": {
          "地名": "秩父市荒川小野原地内（荒川橋より北西に約150ｍ付近）",
          "出没状況の概要": "通行人（車）がクマのような動物を目撃",
          "出没頭数": 1,
          "被害状況": "人身・物損被害なし",
          "出没レベル": "危険度 中",
          "報告者所属": "秩父市　荒川総合支所　地域振興課",
          "出没年度": "令和７年度"
        },
        "seq": 235
      }
    },
    {
      "type": "Feature",
      "geometry": {
        "type": "Point",
        "coordinates": [
          139.139422016245,
          35.9884976758423
        ]
      },
      "properties": {
        "id": "saitama-281",
        "source_id": 281,
        "datetime": "2025-10-27T02:30:00.000Z",
        "date_source": "field",
        "has_time": true,
        "time_of_day": "daytime",
        "time_of_day_label": "昼",
        "season": "autumn",
        "municipality": "横瀬町",
        "lat": 35.9884976758423,
        "lon": 139.139422016245,
        "tags": {
          "地名": "芦ヶ久保地内日向山丸山林道分岐点付近",
          "出没状況の概要": "バイクライダーが目撃",
          "出没頭数": 1,
          "被害状況": "人身・物損被害なし",
          "出没レベル": "危険度 大",
          "報告者所属": "横瀬町振興課",
          "出没年度": "令和７年度"
        },
        "seq": 236
      }
    },
    {
      "type": "Feature",
      "geometry": {
        "type": "Point",
        "coordinates": [
          139.047000904313,
          35.9873727793393
        ]
      },
      "properties": {
        "id": "saitama-282",
        "source_id": 282,
        "datetime": "2025-11-13T08:30:00.000Z",
        "date_source": "field",
        "has_time": true,
        "time_of_day": "evening",
        "time_of_day_label": "夕方",
        "season": "autumn",
        "municipality": "秩父市",
        "lat": 35.9873727793393,
        "lon": 139.047000904313,
        "tags": {
          "地名": "秩父市久那地内　秩父ミューズパークコテージホール付近",
          "出没状況の概要": "車の運転手がクマのような動物を目撃",
          "出没頭数": 1,
          "被害状況": "人身・物損被害なし",
          "出没レベル": "危険度 中",
          "報告者所属": "環境部生活衛生課",
          "出没年度": "令和７年度"
        },
        "seq": 237
      }
    },
    {
      "type": "Feature",
      "geometry": {
        "type": "Point",
        "coordinates": [
          139.028493792728,
          35.96317636613
        ]
      },
      "properties": {
        "id": "saitama-283",
        "source_id": 283,
        "datetime": "2025-11-14T04:20:00.000Z",
        "date_source": "field",
        "has_time": true,
        "time_of_day": "daytime",
        "time_of_day_label": "昼",
        "season": "autumn",
        "municipality": "秩父市",
        "lat": 35.96317636613,
        "lon": 139.028493792728,
        "tags": {
          "地名": "秩父市久那地内　柚の木平橋南西200m付近",
          "出没状況の概要": "車の運転手が目撃",
          "出没頭数": 1,
          "被害状況": "人身・物損被害なし",
          "出没レベル": "危険度 中",
          "報告者所属": "環境部生活衛生課",
          "出没年度": "令和７年度"
        },
        "seq": 238
      }
    },
    {
      "type": "Feature",
      "geometry": {
        "type": "Point",
        "coordinates": [
          139.03776392337,
          36.0535813294126
        ]
      },
      "properties": {
        "id": "saitama-284",
        "source_id": 284,
        "datetime": "2025-11-12T08:40:00.000Z",
        "date_source": "field",
        "has_time": true,
        "time_of_day": "evening",
        "time_of_day_label": "夕方",
        "season": "autumn",
        "municipality": "秩父市",
        "lat": 36.0535813294126,
        "lon": 139.03776392337,
        "tags": {
          "地名": "吉田久長地内登蚊沢橋北西500メートル付近",
          "出没状況の概要": "地元住民が目撃",
          "出没頭数": 2,
          "被害状況": "人身・物損被害なし",
          "出没レベル": "危険度 小",
          "報告者所属": "秩父市役所　吉田総合支所　地域振興課",
          "出没年度": "令和７年度"
        },
        "seq": 239
      }
    },
    {
      "type": "Feature",
      "geometry": {
        "type": "Point",
        "coordinates": [
          139.084429996334,
          35.9814721101119
        ]
      },
      "properties": {
        "id": "saitama-285",
        "source_id": 285,
        "datetime": "2025-11-15T09:00:00.000Z",
        "date_source": "field",
        "has_time": true,
        "time_of_day": "evening",
        "time_of_day_label": "夕方",
        "season": "autumn",
        "municipality": "秩父市",
        "lat": 35.9814721101119,
        "lon": 139.084429996334,
        "tags": {
          "地名": "秩父市日野田町地内　南ヶ丘児童公園南200m付近",
          "出没状況の概要": "地元住民が目撃",
          "出没頭数": 1,
          "被害状況": "人身・物損被害なし",
          "出没レベル": "危険度 中",
          "報告者所属": "環境部生活衛生課",
          "出没年度": "令和７年度"
        },
        "seq": 240
      }
    },
    {
      "type": "Feature",
      "geometry": {
        "type": "Point",
        "coordinates": [
          138.872370895287,
          35.9403989755804
        ]
      },
      "properties": {
        "id": "saitama-286",
        "source_id": 286,
        "datetime": "2025-11-16T23:35:00.000Z",
        "date_source": "field",
        "has_time": true,
        "time_of_day": "morning",
        "time_of_day_label": "朝",
        "season": "autumn",
        "municipality": "秩父市",
        "lat": 35.9403989755804,
        "lon": 138.872370895287,
        "tags": {
          "地名": "秩父市大滝栃本地内（不動滝入口付近）",
          "出没状況の概要": "東電職員が目撃",
          "出没頭数": 1,
          "被害状況": "人身・物損被害なし",
          "出没レベル": "危険度 小",
          "報告者所属": "秩父市役所 大滝総合支所 地域振興課",
          "出没年度": "令和７年度"
        },
        "seq": 241
      }
    },
    {
      "type": "Feature",
      "geometry": {
        "type": "Point",
        "coordinates": [
          139.066861241256,
          36.0428380397622
        ]
      },
      "properties": {
        "id": "saitama-287",
        "source_id": 287,
        "datetime": "2025-11-17T09:00:00.000Z",
        "date_source": "field",
        "has_time": true,
        "time_of_day": "evening",
        "time_of_day_label": "夕方",
        "season": "autumn",
        "municipality": "秩父市",
        "lat": 36.0428380397622,
        "lon": 139.066861241256,
        "tags": {
          "地名": "秩父市品沢地内　諏訪神社北東150m付近",
          "出没状況の概要": "地元住民が目撃",
          "出没頭数": 1,
          "被害状況": "物損被害あり（柿を食べられた）",
          "出没レベル": "危険度 中",
          "報告者所属": "環境部生活衛生課",
          "出没年度": "令和７年度"
        },
        "seq": 242
      }
    },
    {
      "type": "Feature",
      "geometry": {
        "type": "Point",
        "coordinates": [
          139.099526491089,
          35.9834371631412
        ]
      },
      "properties": {
        "id": "saitama-288",
        "source_id": 288,
        "datetime": "2025-11-15T08:10:00.000Z",
        "date_source": "field",
        "has_time": true,
        "time_of_day": "evening",
        "time_of_day_label": "夕方",
        "season": "autumn",
        "municipality": "横瀬町",
        "lat": 35.9834371631412,
        "lon": 139.099526491089,
        "tags": {
          "地名": "横瀬駅から南東に３５０ｍの地点",
          "出没状況の概要": "地元住民が目撃",
          "出没頭数": 1,
          "被害状況": "人身・物損被害なし",
          "出没レベル": "危険度 大",
          "報告者所属": "横瀬町振興課",
          "出没年度": "令和７年度"
        },
        "seq": 243
      }
    },
    {
      "type": "Feature",
      "geometry": {
        "type": "Point",
        "coordinates": [
          139.216566681825,
          36.1198372591474
        ]
      },
      "properties": {
        "id": "saitama-289",
        "source_id": 289,
        "datetime": "2025-11-16T12:00:00.000Z",
        "date_source": "field",
        "has_time": true,
        "time_of_day": "night",
        "time_of_day_label": "夜間",
        "season": "autumn",
        "municipality": "寄居町",
        "lat": 36.1198372591474,
        "lon": 139.216566681825,
        "tags": {
          "地名": "寄居町小園（かわせみ河原）",
          "出没状況の概要": "地元住民が熊らしき動物を目撃",
          "出没頭数": 1,
          "被害状況": "人身・物損被害なし",
          "出没レベル": "危険度 中",
          "報告者所属": "寄居町役場生活環境エコタウン課",
          "備考": "町職員、猟友会により現地を確認。動物の足跡らしきものが確認された。",
          "出没年度": "令和７年度"
        },
        "seq": 244
      }
    },
    {
      "type": "Feature",
      "geometry": {
        "type": "Point",
        "coordinates": [
          139.052687187424,
          35.9938334981112
        ]
      },
      "properties": {
        "id": "saitama-290",
        "source_id": 290,
        "datetime": "2025-11-19T08:00:00.000Z",
        "date_source": "field",
        "has_time": true,
        "time_of_day": "evening",
        "time_of_day_label": "夕方",
        "season": "autumn",
        "municipality": "秩父市",
        "lat": 35.9938334981112,
        "lon": 139.052687187424,
        "tags": {
          "地名": "秩父市田村地内　秩父ミューズパーク内ミューズの泉付近",
          "出没状況の概要": "公園利用者が目撃",
          "出没頭数": 1,
          "被害状況": "人身・物損被害なし",
          "出没レベル": "危険度 中",
          "報告者所属": "環境部生活衛生課",
          "出没年度": "令和７年度"
        },
        "seq": 245
      }
    },
    {
      "type": "Feature",
      "geometry": {
        "type": "Point",
        "coordinates": [
          139.281815152183,
          35.8834269779539
        ]
      },
      "properties": {
        "id": "saitama-291",
        "source_id": 291,
        "datetime": "2025-11-15T03:00:00.000Z",
        "date_source": "date_only",
        "has_time": false,
        "time_of_day": "unknown",
        "time_of_day_label": "不明",
        "season": "autumn",
        "municipality": "日高市",
        "lat": 35.8834269779539,
        "lon": 139.281815152183,
        "tags": {
          "地名": "日高市大字横手",
          "出没状況の概要": "通行人が目撃。柿の木に足跡を確認。クマの糞らしきものを確認。",
          "出没頭数": 1,
          "被害状況": "人身・物損被害なし\n作物被害（柿の実80個）",
          "出没レベル": "危険度 中",
          "報告者所属": "日高市環境課",
          "出没年度": "令和７年度"
        },
        "seq": 246
      }
    },
    {
      "type": "Feature",
      "geometry": {
        "type": "Point",
        "coordinates": [
          139.122621917828,
          35.9749309682544
        ]
      },
      "properties": {
        "id": "saitama-293",
        "source_id": 293,
        "datetime": "2025-11-21T04:55:00.000Z",
        "date_source": "field",
        "has_time": true,
        "time_of_day": "daytime",
        "time_of_day_label": "昼",
        "season": "autumn",
        "municipality": "横瀬町",
        "lat": 35.9749309682544,
        "lon": 139.122621917828,
        "tags": {
          "地名": "芦ヶ久保川地橋から北西１５０ｍの地点",
          "出没状況の概要": "目撃、罠による捕獲等",
          "出没頭数": 1,
          "被害状況": "人身・物損被害なし",
          "出没レベル": "危険度 大",
          "報告者所属": "横瀬町振興課",
          "出没年度": "令和７年度"
        },
        "seq": 247
      }
    },
    {
      "type": "Feature",
      "geometry": {
        "type": "Point",
        "coordinates": [
          139.087337851489,
          36.0756251507329
        ]
      },
      "properties": {
        "id": "saitama-294",
        "source_id": 294,
        "datetime": "2025-11-22T07:00:00.000Z",
        "date_source": "field",
        "has_time": true,
        "time_of_day": "evening",
        "time_of_day_label": "夕方",
        "season": "autumn",
        "municipality": "皆野町",
        "lat": 36.0756251507329,
        "lon": 139.087337851489,
        "tags": {
          "地名": "大字大渕　熊野神社付近",
          "出没状況の概要": "秩父警察から連絡\n通行人から目撃との通報",
          "出没頭数": 1,
          "被害状況": "人身・物損被害なし",
          "出没レベル": "危険度 中",
          "報告者所属": "皆野町産業観光課",
          "出没年度": "令和７年度"
        },
        "seq": 248
      }
    },
    {
      "type": "Feature",
      "geometry": {
        "type": "Point",
        "coordinates": [
          139.063744190245,
          35.9894041944442
        ]
      },
      "properties": {
        "id": "saitama-295",
        "source_id": 295,
        "datetime": "2025-11-23T01:00:00.000Z",
        "date_source": "field",
        "has_time": true,
        "time_of_day": "daytime",
        "time_of_day_label": "昼",
        "season": "autumn",
        "municipality": "秩父市",
        "lat": 35.9894041944442,
        "lon": 139.063744190245,
        "tags": {
          "地名": "秩父市別所地内　別所浄水場南東300m付近",
          "出没状況の概要": "通行者が目撃",
          "出没頭数": 1,
          "被害状況": "人身・物損被害なし",
          "出没レベル": "危険度 中",
          "報告者所属": "環境部生活衛生課",
          "出没年度": "令和７年度"
        },
        "seq": 249
      }
    },
    {
      "type": "Feature",
      "geometry": {
        "type": "Point",
        "coordinates": [
          139.146247208083,
          36.0493331676019
        ]
      },
      "properties": {
        "id": "saitama-296",
        "source_id": 296,
        "datetime": "2025-11-24T04:30:00.000Z",
        "date_source": "field",
        "has_time": true,
        "time_of_day": "daytime",
        "time_of_day_label": "昼",
        "season": "autumn",
        "municipality": "皆野町",
        "lat": 36.0493331676019,
        "lon": 139.146247208083,
        "tags": {
          "地名": "皆野町大字三沢　埼玉県秩父高原牧場西",
          "出没状況の概要": "地元住民が目撃",
          "出没頭数": 2,
          "被害状況": "人身・物損被害なし",
          "出没レベル": "危険度 小",
          "報告者所属": "皆野町産業観光課",
          "出没年度": "令和７年度"
        },
        "seq": 250
      }
    },
    {
      "type": "Feature",
      "geometry": {
        "type": "Point",
        "coordinates": [
          139.13255717,
          35.9797030500001
        ]
      },
      "properties": {
        "id": "saitama-297",
        "source_id": 297,
        "datetime": "2025-11-21T21:00:00.000Z",
        "date_source": "field",
        "has_time": true,
        "time_of_day": "morning",
        "time_of_day_label": "朝",
        "season": "autumn",
        "municipality": "横瀬町",
        "lat": 35.9797030500001,
        "lon": 139.13255717,
        "tags": {
          "地名": "横瀬町芦ヶ久保県民の森内",
          "出没状況の概要": "バードウォッチャーが目撃",
          "出没頭数": 1,
          "被害状況": "人身・物損被害なし",
          "出没レベル": "危険度 小",
          "報告者所属": "横瀬町振興課",
          "出没年度": "令和７年度"
        },
        "seq": 251
      }
    },
    {
      "type": "Feature",
      "geometry": {
        "type": "Point",
        "coordinates": [
          139.100726795905,
          35.9819614039063
        ]
      },
      "properties": {
        "id": "saitama-298",
        "source_id": 298,
        "datetime": "2025-11-25T08:15:00.000Z",
        "date_source": "field",
        "has_time": true,
        "time_of_day": "evening",
        "time_of_day_label": "夕方",
        "season": "autumn",
        "municipality": "横瀬町",
        "lat": 35.9819614039063,
        "lon": 139.100726795905,
        "tags": {
          "地名": "横瀬町宇根地区木の間",
          "出没状況の概要": "地元住民が目撃",
          "出没頭数": 1,
          "被害状況": "人身・物損被害なし",
          "出没レベル": "危険度 中",
          "報告者所属": "横瀬町振興課",
          "出没年度": "令和７年度"
        },
        "seq": 252
      }
    },
    {
      "type": "Feature",
      "geometry": {
        "type": "Point",
        "coordinates": [
          139.091301917225,
          36.0588877509459
        ]
      },
      "properties": {
        "id": "saitama-299",
        "source_id": 299,
        "datetime": "2025-11-26T09:40:00.000Z",
        "date_source": "field",
        "has_time": true,
        "time_of_day": "evening",
        "time_of_day_label": "夕方",
        "season": "autumn",
        "municipality": "秩父市",
        "lat": 36.0588877509459,
        "lon": 139.091301917225,
        "tags": {
          "地名": "秩父市小柱地内　小柱（南）交差点付近",
          "出没状況の概要": "車の運転手が目撃",
          "出没頭数": 1,
          "被害状況": "人身・物損被害なし",
          "出没レベル": "危険度 中",
          "報告者所属": "環境部生活衛生課",
          "備考": "夜間のため、現地確認は翌日実施予定",
          "出没年度": "令和７年度"
        },
        "seq": 253
      }
    },
    {
      "type": "Feature",
      "geometry": {
        "type": "Point",
        "coordinates": [
          139.084302577695,
          36.0380006308508
        ]
      },
      "properties": {
        "id": "saitama-300",
        "source_id": 300,
        "datetime": "2025-11-26T22:00:00.000Z",
        "date_source": "field",
        "has_time": true,
        "time_of_day": "morning",
        "time_of_day_label": "朝",
        "season": "autumn",
        "municipality": "秩父市",
        "lat": 36.0380006308508,
        "lon": 139.084302577695,
        "tags": {
          "地名": "秩父市蒔田地内　鮒久保橋北東250m付近",
          "出没状況の概要": "地元住民が目撃",
          "出没頭数": 1,
          "被害状況": "人身・物損被害なし",
          "出没レベル": "危険度 中",
          "報告者所属": "環境部生活衛生課",
          "出没年度": "令和７年度"
        },
        "seq": 254
      }
    },
    {
      "type": "Feature",
      "geometry": {
        "type": "Point",
        "coordinates": [
          139.099539942163,
          35.9812674735597
        ]
      },
      "properties": {
        "id": "saitama-301",
        "source_id": 301,
        "datetime": "2025-11-24T16:30:00.000Z",
        "date_source": "field",
        "has_time": true,
        "time_of_day": "night",
        "time_of_day_label": "夜間",
        "season": "autumn",
        "municipality": "横瀬町",
        "lat": 35.9812674735597,
        "lon": 139.099539942163,
        "tags": {
          "地名": "横瀬町宇根地区木の間",
          "出没状況の概要": "地元住民が目撃",
          "出没頭数": 1,
          "被害状況": "人身・物損被害なし",
          "出没レベル": "危険度 中",
          "報告者所属": "横瀬町振興課",
          "出没年度": "令和７年度"
        },
        "seq": 255
      }
    },
    {
      "type": "Feature",
      "geometry": {
        "type": "Point",
        "coordinates": [
          139.0746900051,
          35.9853799808685
        ]
      },
      "properties": {
        "id": "saitama-302",
        "source_id": 302,
        "datetime": "2025-11-30T08:50:00.000Z",
        "date_source": "field",
        "has_time": true,
        "time_of_day": "evening",
        "time_of_day_label": "夕方",
        "season": "autumn",
        "municipality": "秩父市",
        "lat": 35.9853799808685,
        "lon": 139.0746900051,
        "tags": {
          "地名": "秩父市上町　大門橋付近",
          "出没状況の概要": "地元住民が目撃",
          "出没頭数": 1,
          "被害状況": "人身・物損被害なし",
          "出没レベル": "危険度 中",
          "報告者所属": "環境部生活衛生課",
          "出没年度": "令和７年度"
        },
        "seq": 256
      }
    },
    {
      "type": "Feature",
      "geometry": {
        "type": "Point",
        "coordinates": [
          139.047857186757,
          35.9841002926801
        ]
      },
      "properties": {
        "id": "saitama-303",
        "source_id": 303,
        "datetime": "2025-11-29T10:00:00.000Z",
        "date_source": "field",
        "has_time": true,
        "time_of_day": "night",
        "time_of_day_label": "夜間",
        "season": "autumn",
        "municipality": "秩父市",
        "lat": 35.9841002926801,
        "lon": 139.047857186757,
        "tags": {
          "地名": "秩父市久那地内　秩父ミューズパーク南口交差点北東450m付近",
          "出没状況の概要": "車の運転手が目撃",
          "出没頭数": 2,
          "被害状況": "人身・物損被害なし",
          "出没レベル": "危険度 中",
          "報告者所属": "環境部生活衛生課",
          "備考": "正確な出没頭数は不明（2～3頭）",
          "出没年度": "令和７年度"
        },
        "seq": 257
      }
    },
    {
      "type": "Feature",
      "geometry": {
        "type": "Point",
        "coordinates": [
          139.004100859129,
          36.0477847759657
        ]
      },
      "properties": {
        "id": "saitama-304",
        "source_id": 304,
        "datetime": "2025-11-30T07:00:00.000Z",
        "date_source": "field",
        "has_time": true,
        "time_of_day": "evening",
        "time_of_day_label": "夕方",
        "season": "autumn",
        "municipality": "秩父市",
        "lat": 36.0477847759657,
        "lon": 139.004100859129,
        "tags": {
          "地名": "秩父市上吉田石間戸向橋付近",
          "出没状況の概要": "地元住民が目撃",
          "出没頭数": 1,
          "被害状況": "人身・物損被害なし",
          "出没レベル": "危険度 小",
          "報告者所属": "秩父市役所吉田総合支所地域振興課",
          "出没年度": "令和７年度"
        },
        "seq": 258
      }
    },
    {
      "type": "Feature",
      "geometry": {
        "type": "Point",
        "coordinates": [
          139.112039552588,
          36.0041879105806
        ]
      },
      "properties": {
        "id": "saitama-305",
        "source_id": 305,
        "datetime": "2025-12-01T13:40:00.000Z",
        "date_source": "field",
        "has_time": true,
        "time_of_day": "night",
        "time_of_day_label": "夜間",
        "season": "winter",
        "municipality": "秩父市",
        "lat": 36.0041879105806,
        "lon": 139.112039552588,
        "tags": {
          "地名": "秩父市山田地内　札所4番金昌寺南西300m付近",
          "出没状況の概要": "地元住民が目撃",
          "出没頭数": 1,
          "被害状況": "人身・物損被害なし",
          "出没レベル": "危険度 中",
          "報告者所属": "環境部生活衛生課",
          "出没年度": "令和７年度"
        },
        "seq": 259
      }
    },
    {
      "type": "Feature",
      "geometry": {
        "type": "Point",
        "coordinates": [
          139.088443604425,
          36.0622397162453
        ]
      },
      "properties": {
        "id": "saitama-306",
        "source_id": 306,
        "datetime": "2025-12-02T18:25:00.000Z",
        "date_source": "field",
        "has_time": true,
        "time_of_day": "night",
        "time_of_day_label": "夜間",
        "season": "winter",
        "municipality": "秩父市",
        "lat": 36.0622397162453,
        "lon": 139.088443604425,
        "tags": {
          "地名": "秩父市小柱地内　小柱農村集落センター北東150m付近",
          "出没状況の概要": "目撃者あり",
          "出没頭数": 1,
          "被害状況": "人身・物損被害なし",
          "出没レベル": "危険度 中",
          "報告者所属": "環境部生活衛生課",
          "出没年度": "令和７年度"
        },
        "seq": 260
      }
    },
    {
      "type": "Feature",
      "geometry": {
        "type": "Point",
        "coordinates": [
          138.980361968242,
          36.1068525327713
        ]
      },
      "properties": {
        "id": "saitama-307",
        "source_id": 307,
        "datetime": "2025-12-04T21:30:00.000Z",
        "date_source": "field",
        "has_time": true,
        "time_of_day": "morning",
        "time_of_day_label": "朝",
        "season": "winter",
        "municipality": "秩父市",
        "lat": 36.1068525327713,
        "lon": 138.980361968242,
        "tags": {
          "地名": "吉田太田部地内（太田部楢尾観光トイレ付近）",
          "出没状況の概要": "地元住民が目撃",
          "出没頭数": 2,
          "被害状況": "人身・物損被害なし",
          "出没レベル": "危険度 小",
          "報告者所属": "吉田総合支所　地域振興課",
          "出没年度": "令和７年度"
        },
        "seq": 261
      }
    },
    {
      "type": "Feature",
      "geometry": {
        "type": "Point",
        "coordinates": [
          138.85037841972,
          36.021240096513
        ]
      },
      "properties": {
        "id": "saitama-308",
        "source_id": 308,
        "datetime": "2025-12-06T08:30:00.000Z",
        "date_source": "field",
        "has_time": true,
        "time_of_day": "evening",
        "time_of_day_label": "夕方",
        "season": "winter",
        "municipality": "小鹿野町",
        "lat": 36.021240096513,
        "lon": 138.85037841972,
        "tags": {
          "地名": "小鹿野町両神薄清滝",
          "出没状況の概要": "登山客が目撃",
          "出没頭数": 1,
          "被害状況": "人身・物損被害なし",
          "出没レベル": "危険度 小",
          "報告者所属": "小鹿野町産業振興課",
          "出没年度": "令和７年度"
        },
        "seq": 262
      }
    },
    {
      "type": "Feature",
      "geometry": {
        "type": "Point",
        "coordinates": [
          138.817668557132,
          36.000320699466
        ]
      },
      "properties": {
        "id": "saitama-309",
        "source_id": 309,
        "datetime": "2025-12-10T02:00:00.000Z",
        "date_source": "field",
        "has_time": true,
        "time_of_day": "daytime",
        "time_of_day_label": "昼",
        "season": "winter",
        "municipality": "秩父市",
        "lat": 36.000320699466,
        "lon": 138.817668557132,
        "tags": {
          "地名": "中津川",
          "出没状況の概要": "通行人が目撃",
          "出没頭数": 1,
          "被害状況": "人身・物損被害なし",
          "出没レベル": "危険度 小",
          "報告者所属": "秩父市大滝総合支所地域振興課",
          "出没年度": "令和７年度"
        },
        "seq": 263
      }
    },
    {
      "type": "Feature",
      "geometry": {
        "type": "Point",
        "coordinates": [
          139.113825879962,
          36.0159514968505
        ]
      },
      "properties": {
        "id": "saitama-310",
        "source_id": 310,
        "datetime": "2025-12-13T16:30:00.000Z",
        "date_source": "field",
        "has_time": true,
        "time_of_day": "night",
        "time_of_day_label": "夜間",
        "season": "winter",
        "municipality": "秩父市",
        "lat": 36.0159514968505,
        "lon": 139.113825879962,
        "tags": {
          "地名": "秩父市山田地内　光明寺北西200m付近",
          "出没状況の概要": "地元住民が目撃",
          "出没頭数": 1,
          "被害状況": "人身・物損被害なし",
          "出没レベル": "危険度 中",
          "報告者所属": "環境部生活衛生課",
          "備考": "秩父警察による現場確認実施済み（クマは確認されていない。）\n以降、通報無し",
          "出没年度": "令和７年度"
        },
        "seq": 264
      }
    },
    {
      "type": "Feature",
      "geometry": {
        "type": "Point",
        "coordinates": [
          138.903867840133,
          35.9362317493639
        ]
      },
      "properties": {
        "id": "saitama-311",
        "source_id": 311,
        "datetime": "2025-12-12T21:50:00.000Z",
        "date_source": "field",
        "has_time": true,
        "time_of_day": "morning",
        "time_of_day_label": "朝",
        "season": "winter",
        "municipality": "秩父市",
        "lat": 35.9362317493639,
        "lon": 138.903867840133,
        "tags": {
          "地名": "秩父市大滝地内（和名倉山登山道）",
          "出没状況の概要": "登山者が目撃",
          "出没頭数": 1,
          "被害状況": "人身・物損被害なし",
          "出没レベル": "危険度 小",
          "報告者所属": "秩父市役所 大滝総合支所 地域振興課",
          "出没年度": "令和７年度"
        },
        "seq": 265
      }
    },
    {
      "type": "Feature",
      "geometry": {
        "type": "Point",
        "coordinates": [
          139.098541955373,
          36.1269678078825
        ]
      },
      "properties": {
        "id": "saitama-312",
        "source_id": 312,
        "datetime": "2025-12-13T05:00:00.000Z",
        "date_source": "field",
        "has_time": true,
        "time_of_day": "daytime",
        "time_of_day_label": "昼",
        "season": "winter",
        "municipality": "長瀞町",
        "lat": 36.1269678078825,
        "lon": 139.098541955373,
        "tags": {
          "地名": "長瀞町大字野上下郷地内　幹線7号線八重子1号橋付近",
          "出没状況の概要": "地元住民がクマのものと思われる痕跡を確認(目撃はしていない。)",
          "出没頭数": 0,
          "被害状況": "人身・物損被害なし",
          "出没レベル": "危険度 中",
          "報告者所属": "長瀞町町民課",
          "出没年度": "令和７年度"
        },
        "seq": 266
      }
    },
    {
      "type": "Feature",
      "geometry": {
        "type": "Point",
        "coordinates": [
          139.135976106148,
          36.0970829001508
        ]
      },
      "properties": {
        "id": "saitama-313",
        "source_id": 313,
        "datetime": "2025-12-16T22:30:00.000Z",
        "date_source": "field",
        "has_time": true,
        "time_of_day": "morning",
        "time_of_day_label": "朝",
        "season": "winter",
        "municipality": "長瀞町",
        "lat": 36.0970829001508,
        "lon": 139.135976106148,
        "tags": {
          "地名": "長瀞町大字風布地内　幹線36号線(塞神峠)寄居町境より600m付近",
          "出没状況の概要": "地元住民が目撃",
          "出没頭数": 1,
          "被害状況": "人身・物損被害なし",
          "出没レベル": "危険度 中",
          "報告者所属": "長瀞町町民課",
          "出没年度": "令和７年度"
        },
        "seq": 267
      }
    },
    {
      "type": "Feature",
      "geometry": {
        "type": "Point",
        "coordinates": [
          139.031917349495,
          36.0048471285246
        ]
      },
      "properties": {
        "id": "saitama-314",
        "source_id": 314,
        "datetime": "2025-12-22T08:20:00.000Z",
        "date_source": "field",
        "has_time": true,
        "time_of_day": "evening",
        "time_of_day_label": "夕方",
        "season": "winter",
        "municipality": "小鹿野町",
        "lat": 36.0048471285246,
        "lon": 139.031917349495,
        "tags": {
          "地名": "小鹿野町般若天王",
          "出没状況の概要": "目撃者が警察に連絡",
          "出没頭数": 1,
          "被害状況": "人身・物損被害なし",
          "出没レベル": "危険度 中",
          "報告者所属": "小鹿野町産業振興課",
          "出没年度": "令和７年度"
        },
        "seq": 268
      }
    },
    {
      "type": "Feature",
      "geometry": {
        "type": "Point",
        "coordinates": [
          138.977013240738,
          36.006489722867
        ]
      },
      "properties": {
        "id": "saitama-315",
        "source_id": 315,
        "datetime": "2025-12-23T03:00:00.000Z",
        "date_source": "date_only",
        "has_time": false,
        "time_of_day": "unknown",
        "time_of_day_label": "不明",
        "season": "winter",
        "municipality": "小鹿野町",
        "lat": 36.006489722867,
        "lon": 138.977013240738,
        "tags": {
          "地名": "小鹿野町両神小森山田大久保",
          "出没状況の概要": "猟友会より報告",
          "出没頭数": 1,
          "被害状況": "罠にかかったシカが捕食された痕跡があり確認したところ\n付近にクマの足跡あり",
          "出没レベル": "危険度 中",
          "報告者所属": "小鹿野町産業振興課",
          "備考": "時間については前日の見回り時にはシカはいなかったとのことなので23日夜から24日明け方にかけて被害が発生したと考えております。",
          "出没年度": "令和７年度"
        },
        "seq": 269
      }
    },
    {
      "type": "Feature",
      "geometry": {
        "type": "Point",
        "coordinates": [
          139.076312249157,
          36.0823252796897
        ]
      },
      "properties": {
        "id": "saitama-316",
        "source_id": 316,
        "datetime": "2025-12-23T03:00:00.000Z",
        "date_source": "date_only",
        "has_time": false,
        "time_of_day": "unknown",
        "time_of_day_label": "不明",
        "season": "winter",
        "municipality": "皆野町",
        "lat": 36.0823252796897,
        "lon": 139.076312249157,
        "tags": {
          "地名": "皆野町大字下日野沢　日野沢郵便局付近",
          "出没状況の概要": "郵便局員が足跡のような痕跡を発見し、役場に連絡した。\n",
          "出没頭数": 1,
          "被害状況": "人身・物損被害なし",
          "出没レベル": "危険度 中",
          "報告者所属": "皆野町産業観光課",
          "備考": "出没日は発見日でありいつから痕跡があったかは不明。",
          "出没年度": "令和７年度"
        },
        "seq": 270
      }
    },
    {
      "type": "Feature",
      "geometry": {
        "type": "Point",
        "coordinates": [
          139.028549194299,
          35.9584644019108
        ]
      },
      "properties": {
        "id": "saitama-317",
        "source_id": 317,
        "datetime": "2025-12-26T12:00:00.000Z",
        "date_source": "field",
        "has_time": true,
        "time_of_day": "night",
        "time_of_day_label": "夜間",
        "season": "winter",
        "municipality": "秩父市",
        "lat": 35.9584644019108,
        "lon": 139.028549194299,
        "tags": {
          "地名": "秩父市荒川上田野地内（荒川総合支所より北西に約１５０ｍ付近）",
          "出没状況の概要": "地元住民が目撃（クマと思われる動物の目撃）",
          "出没頭数": 1,
          "被害状況": "人身・物損被害なし",
          "出没レベル": "危険度 中",
          "報告者所属": "秩父市　荒川総合支所　地域振興課",
          "出没年度": "令和７年度"
        },
        "seq": 271
      }
    },
    {
      "type": "Feature",
      "geometry": {
        "type": "Point",
        "coordinates": [
          139.107706546746,
          36.0641909739714
        ]
      },
      "properties": {
        "id": "saitama-318",
        "source_id": 318,
        "datetime": "2026-01-09T08:00:00.000Z",
        "date_source": "field",
        "has_time": true,
        "time_of_day": "evening",
        "time_of_day_label": "夕方",
        "season": "winter",
        "municipality": "皆野町",
        "lat": 36.0641909739714,
        "lon": 139.107706546746,
        "tags": {
          "地名": "皆野町大字皆野　蓑山神社付近",
          "出没状況の概要": "地元住民が目撃",
          "出没頭数": 1,
          "被害状況": "人身・物損被害なし",
          "出没レベル": "危険度 小",
          "報告者所属": "皆野町産業観光課",
          "出没年度": "令和７年度"
        },
        "seq": 272
      }
    },
    {
      "type": "Feature",
      "geometry": {
        "type": "Point",
        "coordinates": [
          138.943946663941,
          35.9153404508825
        ]
      },
      "properties": {
        "id": "saitama-319",
        "source_id": 319,
        "datetime": "2026-01-18T07:00:00.000Z",
        "date_source": "field",
        "has_time": true,
        "time_of_day": "evening",
        "time_of_day_label": "夕方",
        "season": "winter",
        "municipality": "秩父市",
        "lat": 35.9153404508825,
        "lon": 138.943946663941,
        "tags": {
          "地名": "秩父市三峰",
          "出没状況の概要": "登山者が目撃",
          "出没頭数": 1,
          "被害状況": "人身・物損被害なし",
          "出没レベル": "危険度 小",
          "報告者所属": "秩父市大滝総合支所地域振興課",
          "出没年度": "令和７年度"
        },
        "seq": 273
      }
    },
    {
      "type": "Feature",
      "geometry": {
        "type": "Point",
        "coordinates": [
          139.067772228254,
          36.0242208583327
        ]
      },
      "properties": {
        "id": "saitama-320",
        "source_id": 320,
        "datetime": "2026-01-15T07:23:00.000Z",
        "date_source": "field",
        "has_time": true,
        "time_of_day": "evening",
        "time_of_day_label": "夕方",
        "season": "winter",
        "municipality": "秩父市",
        "lat": 36.0242208583327,
        "lon": 139.067772228254,
        "tags": {
          "地名": "秩父市蒔田地内　東蒔集会所南西400m付近",
          "出没状況の概要": "地元住民が目撃",
          "出没頭数": 1,
          "被害状況": "人身・物損被害なし",
          "出没レベル": "危険度 中",
          "報告者所属": "環境部生活衛生課",
          "備考": "クマ出没の痕跡なし\n周囲にイノシシの足跡あり",
          "出没年度": "令和７年度"
        },
        "seq": 274
      }
    },
    {
      "type": "Feature",
      "geometry": {
        "type": "Point",
        "coordinates": [
          138.943063609466,
          35.9166587055229
        ]
      },
      "properties": {
        "id": "saitama-321",
        "source_id": 321,
        "datetime": "2026-01-18T02:00:00.000Z",
        "date_source": "field",
        "has_time": true,
        "time_of_day": "daytime",
        "time_of_day_label": "昼",
        "season": "winter",
        "municipality": "秩父市",
        "lat": 35.9166587055229,
        "lon": 138.943063609466,
        "tags": {
          "地名": "秩父市三峰地内（三峯神社奥宮三の鳥居付近）",
          "出没状況の概要": "登山者が目撃",
          "出没頭数": 1,
          "被害状況": "人身・物損被害なし",
          "出没レベル": "危険度 小",
          "報告者所属": "秩父市役所 大滝総合支所 地域振興課",
          "出没年度": "令和７年度"
        },
        "seq": 275
      }
    },
    {
      "type": "Feature",
      "geometry": {
        "type": "Point",
        "coordinates": [
          139.119679927789,
          36.0734355716861
        ]
      },
      "properties": {
        "id": "saitama-322",
        "source_id": 322,
        "datetime": "2026-02-12T11:30:00.000Z",
        "date_source": "field",
        "has_time": true,
        "time_of_day": "night",
        "time_of_day_label": "夜間",
        "season": "winter",
        "municipality": "皆野町",
        "lat": 36.0734355716861,
        "lon": 139.119679927789,
        "tags": {
          "地名": "皆野町大字皆野　秩父消防署北分署付近",
          "出没状況の概要": "秩父警察から連絡\n通行人から目撃との通報",
          "出没頭数": 1,
          "被害状況": "人身・物損被害なし",
          "出没レベル": "危険度 中",
          "報告者所属": "皆野町産業観光課",
          "出没年度": "令和７年度"
        },
        "seq": 276
      }
    },
    {
      "type": "Feature",
      "geometry": {
        "type": "Point",
        "coordinates": [
          139.131125680469,
          36.0522968680677
        ]
      },
      "properties": {
        "id": "saitama-323",
        "source_id": 323,
        "datetime": "2026-02-20T12:00:00.000Z",
        "date_source": "field",
        "has_time": true,
        "time_of_day": "night",
        "time_of_day_label": "夜間",
        "season": "winter",
        "municipality": "皆野町",
        "lat": 36.0522968680677,
        "lon": 139.131125680469,
        "tags": {
          "地名": "皆野町大字三沢　三沢橋上流付近",
          "出没状況の概要": "秩父警察から連絡\n自域住民から目撃との通報",
          "出没頭数": 1,
          "被害状況": "人身・物損被害なし",
          "出没レベル": "危険度 中",
          "報告者所属": "皆野町産業観光課",
          "備考": "子グマ・体長50㎝程度",
          "出没年度": "令和７年度"
        },
        "seq": 277
      }
    },
    {
      "type": "Feature",
      "geometry": {
        "type": "Point",
        "coordinates": [
          139.047546345301,
          36.008733373875
        ]
      },
      "properties": {
        "id": "saitama-325",
        "source_id": 325,
        "datetime": "2026-02-24T12:30:00.000Z",
        "date_source": "field",
        "has_time": true,
        "time_of_day": "night",
        "time_of_day_label": "夜間",
        "season": "winter",
        "municipality": "小鹿野町",
        "lat": 36.008733373875,
        "lon": 139.047546345301,
        "tags": {
          "地名": "小鹿野町長留千束峠頂上付近",
          "出没状況の概要": "警察からの情報提供",
          "出没頭数": 1,
          "被害状況": "人身・物損被害なし",
          "出没レベル": "危険度 中",
          "報告者所属": "小鹿野町産業振興課",
          "備考": "付近にクマもしくはイノシシのものと思われる痕跡あり\n（落葉により形状が特定できないが大きめの足跡）\n",
          "出没年度": "令和７年度"
        },
        "seq": 278
      }
    },
    {
      "type": "Feature",
      "geometry": {
        "type": "Point",
        "coordinates": [
          138.895495116455,
          35.9582133079827
        ]
      },
      "properties": {
        "id": "saitama-326",
        "source_id": 326,
        "datetime": "2026-03-12T14:50:00.000Z",
        "date_source": "field",
        "has_time": true,
        "time_of_day": "night",
        "time_of_day_label": "夜間",
        "season": "spring",
        "municipality": "秩父市",
        "lat": 35.9582133079827,
        "lon": 138.895495116455,
        "tags": {
          "地名": "秩父市大滝地内（滝沢ダム管理事務所付近）",
          "出没状況の概要": "通行人が目撃",
          "出没頭数": 1,
          "被害状況": "人身・物損被害なし",
          "出没レベル": "危険度 小",
          "報告者所属": "秩父市役所 大滝総合支所 地域振興課",
          "出没年度": "令和７年度"
        },
        "seq": 279
      }
    },
    {
      "type": "Feature",
      "geometry": {
        "type": "Point",
        "coordinates": [
          139.05286566182,
          36.0045558890461
        ]
      },
      "properties": {
        "id": "saitama-327",
        "source_id": 327,
        "datetime": "2026-03-28T19:50:00.000Z",
        "date_source": "field",
        "has_time": true,
        "time_of_day": "night",
        "time_of_day_label": "夜間",
        "season": "spring",
        "municipality": "秩父市",
        "lat": 36.0045558890461,
        "lon": 139.05286566182,
        "tags": {
          "地名": "秩父市田村地内　井森公会堂南500m付近",
          "出没状況の概要": "地元住民が目撃",
          "出没頭数": 1,
          "被害状況": "人身・物損被害なし",
          "出没レベル": "危険度 中",
          "報告者所属": "環境部生活衛生課",
          "備考": "場所の詳細不明",
          "出没年度": "令和７年度"
        },
        "seq": 280
      }
    },
    {
      "type": "Feature",
      "geometry": {
        "type": "Point",
        "coordinates": [
          139.131483786,
          36.081561698
        ]
      },
      "properties": {
        "id": "saitama-329",
        "source_id": 329,
        "datetime": "2026-04-01T13:50:00.000Z",
        "date_source": "field",
        "has_time": true,
        "time_of_day": "night",
        "time_of_day_label": "夜間",
        "season": "spring",
        "municipality": "皆野町",
        "lat": 36.081561698,
        "lon": 139.131483786,
        "tags": {
          "地名": "皆野町大字下田野",
          "出没状況の概要": "通行人から目撃との通報",
          "出没頭数": 2,
          "被害状況": "人身・物損被害なし",
          "出没レベル": "危険度 中",
          "報告者所属": "皆野町産業観光課",
          "備考": "皆野町大字下田野507",
          "出没年度": "令和８年度"
        },
        "seq": 281
      }
    },
    {
      "type": "Feature",
      "geometry": {
        "type": "Point",
        "coordinates": [
          139.1147766273,
          36.1488635109797
        ]
      },
      "properties": {
        "id": "saitama-330",
        "source_id": 330,
        "datetime": "2026-04-19T03:00:00.000Z",
        "date_source": "field",
        "has_time": true,
        "time_of_day": "daytime",
        "time_of_day_label": "昼",
        "season": "spring",
        "municipality": "本庄市",
        "lat": 36.1488635109797,
        "lon": 139.1147766273,
        "tags": {
          "地名": "本庄市児玉町小平",
          "出没状況の概要": "ハイカーが目撃",
          "出没頭数": 1,
          "被害状況": "なし",
          "出没レベル": "危険度 小",
          "報告者所属": "本庄市",
          "出没年度": "令和８年度"
        },
        "seq": 282
      }
    },
    {
      "type": "Feature",
      "geometry": {
        "type": "Point",
        "coordinates": [
          138.919948598,
          36.042400605
        ]
      },
      "properties": {
        "id": "saitama-331",
        "source_id": 331,
        "datetime": "2026-04-28T09:30:00.000Z",
        "date_source": "field",
        "has_time": true,
        "time_of_day": "evening",
        "time_of_day_label": "夕方",
        "season": "spring",
        "municipality": "小鹿野町",
        "lat": 36.042400605,
        "lon": 138.919948598,
        "tags": {
          "地名": "秩父郡小鹿野町三山",
          "出没状況の概要": "地元住民が目撃\n子熊と思われる黒い影を目撃",
          "出没頭数": 1,
          "被害状況": "人身・物損被害なし",
          "出没レベル": "危険度 中",
          "報告者所属": "小鹿野町農林振興課",
          "備考": "猟友会員と現地確認したがクマの痕跡は発見できず\n秩父郡小鹿野町三山1637",
          "出没年度": "令和８年度"
        },
        "seq": 283
      }
    },
    {
      "type": "Feature",
      "geometry": {
        "type": "Point",
        "coordinates": [
          139.056199507,
          36.072416899
        ]
      },
      "properties": {
        "id": "saitama-332",
        "source_id": 332,
        "datetime": "2026-05-08T03:00:00.000Z",
        "date_source": "field",
        "has_time": true,
        "time_of_day": "daytime",
        "time_of_day_label": "昼",
        "season": "spring",
        "municipality": "皆野町",
        "lat": 36.072416899,
        "lon": 139.056199507,
        "tags": {
          "地名": "破風山山頂付近",
          "出没状況の概要": "登山者が仔熊と思われるものを目撃",
          "出没頭数": 1,
          "被害状況": "人身・物損被害なし",
          "出没レベル": "危険度 小",
          "報告者所属": "皆野町産業観光課",
          "出没年度": "令和８年度"
        },
        "seq": 284
      }
    },
    {
      "type": "Feature",
      "geometry": {
        "type": "Point",
        "coordinates": [
          139.080197038,
          36.104254874
        ]
      },
      "properties": {
        "id": "saitama-333",
        "source_id": 333,
        "datetime": "2026-05-14T10:50:00.000Z",
        "date_source": "field",
        "has_time": true,
        "time_of_day": "night",
        "time_of_day_label": "夜間",
        "season": "spring",
        "municipality": "皆野町",
        "lat": 36.104254874,
        "lon": 139.080197038,
        "tags": {
          "地名": "金沢",
          "出没状況の概要": "県道を児玉から秩父方面へ走行中、左方面からクマが飛び出し、軽自動車前部に衝突",
          "出没頭数": 1,
          "被害状況": "軽自動車一部破損",
          "出没レベル": "危険度 中",
          "報告者所属": "産業観光課",
          "備考": "金沢860-2",
          "出没年度": "令和８年度"
        },
        "seq": 285
      }
    },
    {
      "type": "Feature",
      "geometry": {
        "type": "Point",
        "coordinates": [
          139.083702117,
          35.9130114
        ]
      },
      "properties": {
        "id": "saitama-334",
        "source_id": 334,
        "datetime": "2026-05-18T09:30:00.000Z",
        "date_source": "field",
        "has_time": true,
        "time_of_day": "evening",
        "time_of_day_label": "夕方",
        "season": "spring",
        "municipality": "秩父市",
        "lat": 35.9130114,
        "lon": 139.083702117,
        "tags": {
          "地名": "秩父市浦山渓流荘北北西250ｍ付近",
          "出没状況の概要": "地元住民が目撃",
          "出没頭数": 1,
          "被害状況": "人身・物損被害なし",
          "出没レベル": "危険度 中",
          "報告者所属": "生活衛生課",
          "出没年度": "令和８年度"
        },
        "seq": 286
      }
    },
    {
      "type": "Feature",
      "geometry": {
        "type": "Point",
        "coordinates": [
          138.815243423,
          35.93664698
        ]
      },
      "properties": {
        "id": "saitama-335",
        "source_id": 335,
        "datetime": "2026-05-18T03:00:00.000Z",
        "date_source": "field",
        "has_time": true,
        "time_of_day": "daytime",
        "time_of_day_label": "昼",
        "season": "spring",
        "municipality": "秩父市",
        "lat": 35.93664698,
        "lon": 138.815243423,
        "tags": {
          "地名": "秩父市大滝地内（入川軌道跡付近）",
          "出没状況の概要": "ハイカーが目撃",
          "出没頭数": 1,
          "被害状況": "人身・物損被害なし",
          "出没レベル": "危険度 小",
          "報告者所属": "秩父市役所 大滝総合支所 地域振興課",
          "出没年度": "令和８年度"
        },
        "seq": 287
      }
    },
    {
      "type": "Feature",
      "geometry": {
        "type": "Point",
        "coordinates": [
          139.223051825,
          35.861188942
        ]
      },
      "properties": {
        "id": "saitama-336",
        "source_id": 336,
        "datetime": "2026-05-09T22:30:00.000Z",
        "date_source": "field",
        "has_time": true,
        "time_of_day": "morning",
        "time_of_day_label": "朝",
        "season": "spring",
        "municipality": "飯能市",
        "lat": 35.861188942,
        "lon": 139.223051825,
        "tags": {
          "地名": "飯能市大字赤沢",
          "出没状況の概要": "地元住民が目撃",
          "出没頭数": 1,
          "被害状況": "人身・物損被害なし",
          "出没レベル": "危険度 中",
          "報告者所属": "環境経済部農業振興課",
          "出没年度": "令和８年度"
        },
        "seq": 288
      }
    },
    {
      "type": "Feature",
      "geometry": {
        "type": "Point",
        "coordinates": [
          139.18330593,
          35.885027882
        ]
      },
      "properties": {
        "id": "saitama-337",
        "source_id": 337,
        "datetime": "2026-05-17T09:20:00.000Z",
        "date_source": "field",
        "has_time": true,
        "time_of_day": "evening",
        "time_of_day_label": "夕方",
        "season": "spring",
        "municipality": "飯能市",
        "lat": 35.885027882,
        "lon": 139.18330593,
        "tags": {
          "地名": "飯能市大字上名栗",
          "出没状況の概要": "地元住民が目撃",
          "出没頭数": 1,
          "被害状況": "人身・物損被害なし",
          "出没レベル": "危険度 中",
          "報告者所属": "環境経済部農業振興課　",
          "出没年度": "令和８年度"
        },
        "seq": 289
      }
    },
    {
      "type": "Feature",
      "geometry": {
        "type": "Point",
        "coordinates": [
          139.187618503,
          35.865913823
        ]
      },
      "properties": {
        "id": "saitama-338",
        "source_id": 338,
        "datetime": "2026-05-19T20:30:00.000Z",
        "date_source": "field",
        "has_time": true,
        "time_of_day": "morning",
        "time_of_day_label": "朝",
        "season": "spring",
        "municipality": "飯能市",
        "lat": 35.865913823,
        "lon": 139.187618503,
        "tags": {
          "地名": "飯能市大字下名栗",
          "出没状況の概要": "地元住民が目撃",
          "出没頭数": 1,
          "被害状況": "人身・物損被害なし",
          "出没レベル": "危険度 中",
          "報告者所属": "環境経済部農業振興課　",
          "出没年度": "令和８年度"
        },
        "seq": 290
      }
    },
    {
      "type": "Feature",
      "geometry": {
        "type": "Point",
        "coordinates": [
          138.95309329,
          36.088865385
        ]
      },
      "properties": {
        "id": "saitama-339",
        "source_id": 339,
        "datetime": "2026-05-19T04:50:00.000Z",
        "date_source": "field",
        "has_time": true,
        "time_of_day": "daytime",
        "time_of_day_label": "昼",
        "season": "spring",
        "municipality": "秩父市",
        "lat": 36.088865385,
        "lon": 138.95309329,
        "tags": {
          "地名": "秩父市上吉田地内（土坂トンネルから秩父市方面へ約2.3㎞地点）",
          "出没状況の概要": "車両運転中のドライバーが目撃",
          "出没頭数": 1,
          "被害状況": "人身・物損被害なし",
          "出没レベル": "危険度 小",
          "報告者所属": "秩父市吉田総合所地域振興課",
          "出没年度": "令和８年度"
        },
        "seq": 291
      }
    },
    {
      "type": "Feature",
      "geometry": {
        "type": "Point",
        "coordinates": [
          139.112858,
          36.05721
        ]
      },
      "properties": {
        "id": "saitama-341",
        "source_id": 341,
        "datetime": "2026-05-19T12:00:00.000Z",
        "date_source": "field",
        "has_time": true,
        "time_of_day": "night",
        "time_of_day_label": "夜間",
        "season": "spring",
        "municipality": "皆野町",
        "lat": 36.05721,
        "lon": 139.112858,
        "tags": {
          "地名": "皆野町大字皆野",
          "出没状況の概要": "熊のような鳴き声を聞いた",
          "出没頭数": 1,
          "被害状況": "なし",
          "出没レベル": "危険度 中",
          "報告者所属": "産業観光課",
          "出没年度": "令和８年度"
        },
        "seq": 292
      }
    },
    {
      "type": "Feature",
      "geometry": {
        "type": "Point",
        "coordinates": [
          139.005868435,
          36.054602676
        ]
      },
      "properties": {
        "id": "saitama-342",
        "source_id": 342,
        "datetime": "2026-05-23T09:30:00.000Z",
        "date_source": "field",
        "has_time": true,
        "time_of_day": "evening",
        "time_of_day_label": "夕方",
        "season": "spring",
        "municipality": "秩父市",
        "lat": 36.054602676,
        "lon": 139.005868435,
        "tags": {
          "地名": "吉田石間地内（石間浄水場付近）",
          "出没状況の概要": "地元住民が目撃",
          "出没頭数": 1,
          "被害状況": "人身・物損被害なし",
          "出没レベル": "危険度 小",
          "報告者所属": "秩父市吉田総合支所地域振興課",
          "出没年度": "令和８年度"
        },
        "seq": 293
      }
    },
    {
      "type": "Feature",
      "geometry": {
        "type": "Point",
        "coordinates": [
          139.079339485,
          36.105166406
        ]
      },
      "properties": {
        "id": "saitama-343",
        "source_id": 343,
        "datetime": "2026-05-22T19:30:00.000Z",
        "date_source": "field",
        "has_time": true,
        "time_of_day": "night",
        "time_of_day_label": "夜間",
        "season": "spring",
        "municipality": "皆野町",
        "lat": 36.105166406,
        "lon": 139.079339485,
        "tags": {
          "地名": "秩父郡皆野町金沢",
          "出没状況の概要": "町外の通行人から目撃との通報",
          "出没頭数": 1,
          "被害状況": "人身・物損被害なし",
          "出没レベル": "危険度 中",
          "報告者所属": "皆野町産業観光課",
          "出没年度": "令和８年度"
        },
        "seq": 294
      }
    },
    {
      "type": "Feature",
      "geometry": {
        "type": "Point",
        "coordinates": [
          138.956767499,
          35.955434249
        ]
      },
      "properties": {
        "id": "saitama-344",
        "source_id": 344,
        "datetime": "2026-05-27T09:18:00.000Z",
        "date_source": "field",
        "has_time": true,
        "time_of_day": "evening",
        "time_of_day_label": "夕方",
        "season": "spring",
        "municipality": "秩父市",
        "lat": 35.955434249,
        "lon": 138.956767499,
        "tags": {
          "地名": "秩父市大滝地内（森林管理道上強石線）",
          "出没状況の概要": "情報提供者：大滝トンネルで実施している環境調査業務の受注者（無人カメラで撮影）",
          "出没頭数": 1,
          "被害状況": "人身・物損被害なし",
          "出没レベル": "危険度 小",
          "報告者所属": "秩父市役所 大滝総合支所 地域振興課",
          "出没年度": "令和８年度"
        },
        "seq": 295
      }
    },
    {
      "type": "Feature",
      "geometry": {
        "type": "Point",
        "coordinates": [
          138.929228534,
          35.952970035
        ]
      },
      "properties": {
        "id": "saitama-345",
        "source_id": 345,
        "datetime": "2026-05-27T09:40:00.000Z",
        "date_source": "field",
        "has_time": true,
        "time_of_day": "evening",
        "time_of_day_label": "夕方",
        "season": "spring",
        "municipality": "秩父市",
        "lat": 35.952970035,
        "lon": 138.929228534,
        "tags": {
          "地名": "秩父市大滝地内（温泉スタンド付近）",
          "出没状況の概要": "通行人が目撃",
          "出没頭数": 2,
          "被害状況": "人身・物損被害なし",
          "出没レベル": "危険度 中",
          "報告者所属": "秩父市役所 大滝総合支所 地域振興課",
          "出没年度": "令和８年度"
        },
        "seq": 296
      }
    },
    {
      "type": "Feature",
      "geometry": {
        "type": "Point",
        "coordinates": [
          138.84755373,
          35.938023069
        ]
      },
      "properties": {
        "id": "saitama-346",
        "source_id": 346,
        "datetime": "2026-05-29T06:40:00.000Z",
        "date_source": "field",
        "has_time": true,
        "time_of_day": "daytime",
        "time_of_day_label": "昼",
        "season": "spring",
        "municipality": "秩父市",
        "lat": 35.938023069,
        "lon": 138.84755373,
        "tags": {
          "地名": "大滝",
          "出没状況の概要": "工事業者が目撃",
          "出没頭数": 1,
          "被害状況": "人身・物損被害なし",
          "出没レベル": "危険度 小",
          "報告者所属": "大滝総合支所",
          "出没年度": "令和８年度"
        },
        "seq": 297
      }
    },
    {
      "type": "Feature",
      "geometry": {
        "type": "Point",
        "coordinates": [
          139.0770892,
          36.10594511
        ]
      },
      "properties": {
        "id": "saitama-347",
        "source_id": 347,
        "datetime": "2026-05-30T16:00:00.000Z",
        "date_source": "field",
        "has_time": true,
        "time_of_day": "night",
        "time_of_day_label": "夜間",
        "season": "spring",
        "municipality": "皆野町",
        "lat": 36.10594511,
        "lon": 139.0770892,
        "tags": {
          "地名": "秩父郡皆野町金沢",
          "出没状況の概要": "トレイルカメラにツキノワグマが１頭映っていた",
          "出没頭数": 1,
          "被害状況": "人物・物損被害なし",
          "出没レベル": "危険度 小",
          "報告者所属": "皆野町産業観光課",
          "出没年度": "令和８年度"
        },
        "seq": 298
      }
    },
    {
      "type": "Feature",
      "geometry": {
        "type": "Point",
        "coordinates": [
          139.073138237,
          36.004701694
        ]
      },
      "properties": {
        "id": "saitama-348",
        "source_id": 348,
        "datetime": "2026-06-01T07:45:00.000Z",
        "date_source": "field",
        "has_time": true,
        "time_of_day": "evening",
        "time_of_day_label": "夕方",
        "season": "summer",
        "municipality": "秩父市",
        "lat": 36.004701694,
        "lon": 139.073138237,
        "tags": {
          "地名": "寺尾地内武之鼻橋北北東150m",
          "出没状況の概要": "地元住民が目撃",
          "出没頭数": 1,
          "被害状況": "人身・物損被害なし",
          "出没レベル": "危険度 中",
          "報告者所属": "生活衛生課",
          "出没年度": "令和８年度"
        },
        "seq": 299
      }
    },
    {
      "type": "Feature",
      "geometry": {
        "type": "Point",
        "coordinates": [
          138.842278609,
          36.026872104
        ]
      },
      "properties": {
        "id": "saitama-349",
        "source_id": 349,
        "datetime": "2026-05-31T00:42:00.000Z",
        "date_source": "field",
        "has_time": true,
        "time_of_day": "morning",
        "time_of_day_label": "朝",
        "season": "spring",
        "municipality": "小鹿野町",
        "lat": 36.026872104,
        "lon": 138.842278609,
        "tags": {
          "地名": "小鹿野町両神薄両神山東岳付近",
          "出没状況の概要": "登山の方が目撃",
          "出没頭数": 1,
          "被害状況": "人身・物損被害なし",
          "出没レベル": "危険度 小",
          "報告者所属": "小鹿野町農林振興課",
          "備考": "YAMAPに掲載あり",
          "出没年度": "令和８年度"
        },
        "seq": 300
      }
    },
    {
      "type": "Feature",
      "geometry": {
        "type": "Point",
        "coordinates": [
          139.001619816,
          35.959111386
        ]
      },
      "properties": {
        "id": "saitama-350",
        "source_id": 350,
        "datetime": "2026-06-02T14:50:00.000Z",
        "date_source": "field",
        "has_time": true,
        "time_of_day": "night",
        "time_of_day_label": "夜間",
        "season": "summer",
        "municipality": "秩父市",
        "lat": 35.959111386,
        "lon": 139.001619816,
        "tags": {
          "地名": "秩父市荒川白久地内（白久駅より東に約７５０ｍ付近）",
          "出没状況の概要": "地元住民が目撃（クマと思われる動物の目撃）",
          "出没頭数": 1,
          "被害状況": "人身・物損被害なし",
          "出没レベル": "危険度 中",
          "報告者所属": "荒川総合支所地域振興課",
          "出没年度": "令和８年度"
        },
        "seq": 301
      }
    },
    {
      "type": "Feature",
      "geometry": {
        "type": "Point",
        "coordinates": [
          139.225567622,
          35.865171955
        ]
      },
      "properties": {
        "id": "saitama-351",
        "source_id": 351,
        "datetime": "2026-04-24T07:50:00.000Z",
        "date_source": "field",
        "has_time": true,
        "time_of_day": "evening",
        "time_of_day_label": "夕方",
        "season": "spring",
        "municipality": "飯能市",
        "lat": 35.865171955,
        "lon": 139.225567622,
        "tags": {
          "地名": "飯能市大字原市場",
          "出没状況の概要": "地元住民が目撃",
          "出没頭数": 1,
          "被害状況": "人身・物損被害なし",
          "出没レベル": "危険度 小",
          "報告者所属": "環境経済部農業振興課",
          "出没年度": "令和８年度"
        },
        "seq": 302
      }
    },
    {
      "type": "Feature",
      "geometry": {
        "type": "Point",
        "coordinates": [
          139.211573796,
          35.859590456
        ]
      },
      "properties": {
        "id": "saitama-352",
        "source_id": 352,
        "datetime": "2026-05-16T06:30:00.000Z",
        "date_source": "field",
        "has_time": true,
        "time_of_day": "daytime",
        "time_of_day_label": "昼",
        "season": "spring",
        "municipality": "飯能市",
        "lat": 35.859590456,
        "lon": 139.211573796,
        "tags": {
          "地名": "飯能市大字赤沢",
          "出没状況の概要": "地元住民が目撃",
          "出没頭数": 1,
          "被害状況": "人身・物損被害なし",
          "出没レベル": "危険度 小",
          "報告者所属": "環境経済部農業振興課",
          "出没年度": "令和８年度"
        },
        "seq": 303
      }
    },
    {
      "type": "Feature",
      "geometry": {
        "type": "Point",
        "coordinates": [
          138.908457994,
          36.038926746
        ]
      },
      "properties": {
        "id": "saitama-353",
        "source_id": 353,
        "datetime": "2026-06-04T04:55:00.000Z",
        "date_source": "field",
        "has_time": true,
        "time_of_day": "daytime",
        "time_of_day_label": "昼",
        "season": "summer",
        "municipality": "小鹿野町",
        "lat": 36.038926746,
        "lon": 138.908457994,
        "tags": {
          "地名": "小鹿野町三山法師落人法師落人橋バス停付近",
          "出没状況の概要": "地元住民が目撃",
          "出没頭数": 1,
          "被害状況": "人身・物損被害なし",
          "出没レベル": "危険度 中",
          "報告者所属": "小鹿野町農林振興課",
          "備考": "幼獣",
          "出没年度": "令和８年度"
        },
        "seq": 304
      }
    },
    {
      "type": "Feature",
      "geometry": {
        "type": "Point",
        "coordinates": [
          139.13001464,
          36.05716775
        ]
      },
      "properties": {
        "id": "saitama-354",
        "source_id": 354,
        "datetime": "2026-06-03T03:00:00.000Z",
        "date_source": "date_only",
        "has_time": false,
        "time_of_day": "unknown",
        "time_of_day_label": "不明",
        "season": "summer",
        "municipality": "皆野町",
        "lat": 36.05716775,
        "lon": 139.13001464,
        "tags": {
          "地名": "皆野町三沢",
          "出没状況の概要": "通行人がツキノワグマの糞のようなものを目撃した。",
          "出没頭数": 1,
          "被害状況": "人身・物損被害なし",
          "出没レベル": "危険度 中",
          "報告者所属": "皆野町産業観光課",
          "備考": "皆野町三沢2847",
          "出没年度": "令和８年度"
        },
        "seq": 305
      }
    },
    {
      "type": "Feature",
      "geometry": {
        "type": "Point",
        "coordinates": [
          139.038733542,
          36.023546527
        ]
      },
      "properties": {
        "id": "saitama-355",
        "source_id": 355,
        "datetime": "2026-06-08T12:00:00.000Z",
        "date_source": "field",
        "has_time": true,
        "time_of_day": "night",
        "time_of_day_label": "夜間",
        "season": "summer",
        "municipality": "秩父市",
        "lat": 36.023546527,
        "lon": 139.038733542,
        "tags": {
          "地名": "秩父市下吉田",
          "出没状況の概要": "地元住民が目撃",
          "出没頭数": 1,
          "被害状況": "人身・物損被害なし",
          "出没レベル": "危険度 中",
          "報告者所属": "秩父市役所吉田総合支所地域振興課",
          "出没年度": "令和８年度"
        },
        "seq": 306
      }
    },
    {
      "type": "Feature",
      "geometry": {
        "type": "Point",
        "coordinates": [
          138.958436251,
          35.954048271
        ]
      },
      "properties": {
        "id": "saitama-356",
        "source_id": 356,
        "datetime": "2026-06-09T01:00:00.000Z",
        "date_source": "field",
        "has_time": true,
        "time_of_day": "daytime",
        "time_of_day_label": "昼",
        "season": "summer",
        "municipality": "秩父市",
        "lat": 35.954048271,
        "lon": 138.958436251,
        "tags": {
          "地名": "秩父市大滝字上強石地内",
          "出没状況の概要": "登山者が目撃",
          "出没頭数": 1,
          "被害状況": "人身・物損被害なし",
          "出没レベル": "危険度 中",
          "報告者所属": "秩父市役所 大滝総合支所 地域振興課",
          "出没年度": "令和８年度"
        },
        "seq": 307
      }
    },
    {
      "type": "Feature",
      "geometry": {
        "type": "Point",
        "coordinates": [
          139.111553623,
          35.994229357
        ]
      },
      "properties": {
        "id": "saitama-357",
        "source_id": 357,
        "datetime": "2026-06-09T06:30:00.000Z",
        "date_source": "field",
        "has_time": true,
        "time_of_day": "daytime",
        "time_of_day_label": "昼",
        "season": "summer",
        "municipality": "横瀬町",
        "lat": 35.994229357,
        "lon": 139.111553623,
        "tags": {
          "地名": "花咲山山頂付近",
          "出没状況の概要": "猟友会が目撃",
          "出没頭数": 1,
          "被害状況": "人身・物損被害なし",
          "出没レベル": "危険度 小",
          "報告者所属": "横瀬町振興課",
          "出没年度": "令和８年度"
        },
        "seq": 308
      }
    },
    {
      "type": "Feature",
      "geometry": {
        "type": "Point",
        "coordinates": [
          139.13001464,
          36.05716775
        ]
      },
      "properties": {
        "id": "saitama-358",
        "source_id": 358,
        "datetime": "2026-06-08T14:30:00.000Z",
        "date_source": "field",
        "has_time": true,
        "time_of_day": "night",
        "time_of_day_label": "夜間",
        "season": "summer",
        "municipality": "皆野町",
        "lat": 36.05716775,
        "lon": 139.13001464,
        "tags": {
          "地名": "皆野町三沢",
          "出没状況の概要": "地元住民が目撃",
          "出没頭数": 1,
          "被害状況": "人身・物損被害なし",
          "出没レベル": "危険度 中",
          "報告者所属": "皆野町産業観光課",
          "備考": "皆野町三沢1770",
          "出没年度": "令和８年度"
        },
        "seq": 309
      }
    },
    {
      "type": "Feature",
      "geometry": {
        "type": "Point",
        "coordinates": [
          139.269014587,
          35.862785429
        ]
      },
      "properties": {
        "id": "saitama-359",
        "source_id": 359,
        "datetime": "2026-06-10T07:50:00.000Z",
        "date_source": "field",
        "has_time": true,
        "time_of_day": "evening",
        "time_of_day_label": "夕方",
        "season": "summer",
        "municipality": "飯能市",
        "lat": 35.862785429,
        "lon": 139.269014587,
        "tags": {
          "地名": "飯能市大字小岩井",
          "出没状況の概要": "地域住民が目撃",
          "出没頭数": 1,
          "被害状況": "人身・物損被害なし",
          "出没レベル": "危険度 中",
          "報告者所属": "環境経済部農業振興課",
          "出没年度": "令和８年度"
        },
        "seq": 310
      }
    },
    {
      "type": "Feature",
      "geometry": {
        "type": "Point",
        "coordinates": [
          138.856544495,
          35.943230531
        ]
      },
      "properties": {
        "id": "saitama-360",
        "source_id": 360,
        "datetime": "2026-06-12T01:45:00.000Z",
        "date_source": "field",
        "has_time": true,
        "time_of_day": "daytime",
        "time_of_day_label": "昼",
        "season": "summer",
        "municipality": "秩父市",
        "lat": 35.943230531,
        "lon": 138.856544495,
        "tags": {
          "地名": "秩父市大滝（栃本付近）",
          "出没状況の概要": "観光客が目撃",
          "出没頭数": 1,
          "被害状況": "人身・物損被害なし",
          "出没レベル": "危険度 中",
          "報告者所属": "秩父市役所 大滝総合支所 地域振興課",
          "出没年度": "令和８年度"
        },
        "seq": 311
      }
    },
    {
      "type": "Feature",
      "geometry": {
        "type": "Point",
        "coordinates": [
          139.052428901,
          36.009623785
        ]
      },
      "properties": {
        "id": "saitama-361",
        "source_id": 361,
        "datetime": "2026-06-12T14:40:00.000Z",
        "date_source": "field",
        "has_time": true,
        "time_of_day": "night",
        "time_of_day_label": "夜間",
        "season": "summer",
        "municipality": "秩父市",
        "lat": 36.009623785,
        "lon": 139.052428901,
        "tags": {
          "地名": "秩父市田村地内井森公会堂付近",
          "出没状況の概要": "地元住民が目撃",
          "出没頭数": 1,
          "被害状況": "人身・物損被害なし",
          "出没レベル": "危険度 中",
          "報告者所属": "秩父市役所生活衛生課",
          "備考": "子熊1頭",
          "出没年度": "令和８年度"
        },
        "seq": 312
      }
    },
    {
      "type": "Feature",
      "geometry": {
        "type": "Point",
        "coordinates": [
          138.97749871,
          35.96458014
        ]
      },
      "properties": {
        "id": "saitama-362",
        "source_id": 362,
        "datetime": "2026-06-13T03:00:00.000Z",
        "date_source": "date_only",
        "has_time": false,
        "time_of_day": "unknown",
        "time_of_day_label": "不明",
        "season": "summer",
        "municipality": "秩父市",
        "lat": 35.96458014,
        "lon": 138.97749871,
        "tags": {
          "地名": "秩父市荒川贄川地内（荒川西小学校より南西に約２００ｍ付近）",
          "出没状況の概要": "出没の痕跡を発見",
          "出没頭数": 1,
          "被害状況": "人身・物損被害なし",
          "出没レベル": "危険度 中",
          "報告者所属": "秩父市　荒川総合支所　地域振興課",
          "出没年度": "令和８年度"
        },
        "seq": 313
      }
    },
    {
      "type": "Feature",
      "geometry": {
        "type": "Point",
        "coordinates": [
          138.921411835,
          35.935012431
        ]
      },
      "properties": {
        "id": "saitama-363",
        "source_id": 363,
        "datetime": "2026-06-13T02:00:00.000Z",
        "date_source": "field",
        "has_time": true,
        "time_of_day": "daytime",
        "time_of_day_label": "昼",
        "season": "summer",
        "municipality": "秩父市",
        "lat": 35.935012431,
        "lon": 138.921411835,
        "tags": {
          "地名": "秩父市三峰地内（三峰ヘリポート付近）",
          "出没状況の概要": "観光客が目撃\n\n",
          "出没頭数": 1,
          "被害状況": "人身・物損被害なし",
          "出没レベル": "危険度 小",
          "報告者所属": "秩父市役所 大滝総合支所 地域振興課",
          "出没年度": "令和８年度"
        },
        "seq": 314
      }
    },
    {
      "type": "Feature",
      "geometry": {
        "type": "Point",
        "coordinates": [
          138.914057218,
          35.936378443
        ]
      },
      "properties": {
        "id": "saitama-364",
        "source_id": 364,
        "datetime": "2026-06-14T03:10:00.000Z",
        "date_source": "field",
        "has_time": true,
        "time_of_day": "daytime",
        "time_of_day_label": "昼",
        "season": "summer",
        "municipality": "秩父市",
        "lat": 35.936378443,
        "lon": 138.914057218,
        "tags": {
          "地名": "秩父市三峰地内（三峰ヘリポート下付近）",
          "出没状況の概要": "観光客が目撃",
          "出没頭数": 1,
          "被害状況": "人身・物損被害なし",
          "出没レベル": "危険度 小",
          "報告者所属": "秩父市役所 大滝総合支所 地域振興課",
          "出没年度": "令和８年度"
        },
        "seq": 315
      }
    },
    {
      "type": "Feature",
      "geometry": {
        "type": "Point",
        "coordinates": [
          138.831315219,
          35.928150855
        ]
      },
      "properties": {
        "id": "saitama-365",
        "source_id": 365,
        "datetime": "2026-06-15T03:10:00.000Z",
        "date_source": "field",
        "has_time": true,
        "time_of_day": "daytime",
        "time_of_day_label": "昼",
        "season": "summer",
        "municipality": "秩父市",
        "lat": 35.928150855,
        "lon": 138.831315219,
        "tags": {
          "地名": "秩父市大滝地内（川又区雁坂トンネル手前4ｋｍ付近）",
          "出没状況の概要": "通行人が目撃\n\n",
          "出没頭数": 1,
          "被害状況": "人身・物損被害なし",
          "出没レベル": "危険度 小",
          "報告者所属": "秩父市役所 大滝総合支所 地域振興課",
          "出没年度": "令和８年度"
        },
        "seq": 316
      }
    },
    {
      "type": "Feature",
      "geometry": {
        "type": "Point",
        "coordinates": [
          138.912323713,
          35.945293442
        ]
      },
      "properties": {
        "id": "saitama-366",
        "source_id": 366,
        "datetime": "2026-06-16T06:00:00.000Z",
        "date_source": "field",
        "has_time": true,
        "time_of_day": "daytime",
        "time_of_day_label": "昼",
        "season": "summer",
        "municipality": "秩父市",
        "lat": 35.945293442,
        "lon": 138.912323713,
        "tags": {
          "地名": "秩父市大滝",
          "出没状況の概要": "郵便局の配達員が目撃",
          "出没頭数": 1,
          "被害状況": "人身・物損被害なし",
          "出没レベル": "危険度 中",
          "報告者所属": "秩父市大滝総合支所地域振興課",
          "出没年度": "令和８年度"
        },
        "seq": 317
      }
    },
    {
      "type": "Feature",
      "geometry": {
        "type": "Point",
        "coordinates": [
          139.014462233,
          35.95885954
        ]
      },
      "properties": {
        "id": "saitama-367",
        "source_id": 367,
        "datetime": "2026-06-17T02:45:00.000Z",
        "date_source": "field",
        "has_time": true,
        "time_of_day": "daytime",
        "time_of_day_label": "昼",
        "season": "summer",
        "municipality": "秩父市",
        "lat": 35.95885954,
        "lon": 139.014462233,
        "tags": {
          "地名": "秩父市荒川小野原地内（日野鷺橋より西に約450ｍ付近）",
          "出没状況の概要": "消防職員が目撃",
          "出没頭数": 1,
          "被害状況": "人身・物損被害なし",
          "出没レベル": "危険度 中",
          "報告者所属": "秩父市役所　荒川総合支所　地域振興課",
          "出没年度": "令和８年度"
        },
        "seq": 318
      }
    },
    {
      "type": "Feature",
      "geometry": {
        "type": "Point",
        "coordinates": [
          139.09652208,
          36.06853767
        ]
      },
      "properties": {
        "id": "saitama-368",
        "source_id": 368,
        "datetime": "2026-06-13T08:40:00.000Z",
        "date_source": "field",
        "has_time": true,
        "time_of_day": "evening",
        "time_of_day_label": "夕方",
        "season": "summer",
        "municipality": "皆野町",
        "lat": 36.06853767,
        "lon": 139.09652208,
        "tags": {
          "地名": "美の山付近",
          "出没状況の概要": "通行人が目撃",
          "出没頭数": 1,
          "被害状況": "人身・物損被害なし",
          "出没レベル": "危険度 中",
          "報告者所属": "皆野町産業観光課",
          "出没年度": "令和８年度"
        },
        "seq": 319
      }
    },
    {
      "type": "Feature",
      "geometry": {
        "type": "Point",
        "coordinates": [
          138.908729553,
          35.942922175
        ]
      },
      "properties": {
        "id": "saitama-369",
        "source_id": 369,
        "datetime": "2026-06-19T04:05:00.000Z",
        "date_source": "field",
        "has_time": true,
        "time_of_day": "daytime",
        "time_of_day_label": "昼",
        "season": "summer",
        "municipality": "秩父市",
        "lat": 35.942922175,
        "lon": 138.908729553,
        "tags": {
          "地名": "秩父市大滝",
          "出没状況の概要": "観光バス運転手が目撃",
          "出没頭数": 1,
          "被害状況": "人身・物損被害なし",
          "出没レベル": "危険度 小",
          "報告者所属": "秩父市大滝総合支所地域振興課",
          "出没年度": "令和８年度"
        },
        "seq": 320
      }
    },
    {
      "type": "Feature",
      "geometry": {
        "type": "Point",
        "coordinates": [
          139.182395236,
          36.03364655
        ]
      },
      "properties": {
        "id": "saitama-370",
        "source_id": 370,
        "datetime": "2026-06-18T20:10:00.000Z",
        "date_source": "field",
        "has_time": true,
        "time_of_day": "morning",
        "time_of_day_label": "朝",
        "season": "summer",
        "municipality": "東秩父村",
        "lat": 36.03364655,
        "lon": 139.182395236,
        "tags": {
          "地名": "東秩父村御堂萩平",
          "出没状況の概要": "地元住民による目撃",
          "出没頭数": 1,
          "被害状況": "人身・物損被害なし",
          "出没レベル": "危険度 中",
          "報告者所属": "東秩父村産業観光課",
          "出没年度": "令和８年度"
        },
        "seq": 321
      }
    },
    {
      "type": "Feature",
      "geometry": {
        "type": "Point",
        "coordinates": [
          138.943604432,
          35.915562112
        ]
      },
      "properties": {
        "id": "saitama-371",
        "source_id": 371,
        "datetime": "2026-06-19T06:00:00.000Z",
        "date_source": "field",
        "has_time": true,
        "time_of_day": "daytime",
        "time_of_day_label": "昼",
        "season": "summer",
        "municipality": "秩父市",
        "lat": 35.915562112,
        "lon": 138.943604432,
        "tags": {
          "地名": "秩父市三峰地内（奥宮への登山道上)",
          "出没状況の概要": "登山者が目撃",
          "出没頭数": 2,
          "被害状況": "人身・物損被害なし",
          "出没レベル": "危険度 小",
          "報告者所属": "秩父市役所 大滝総合支所 地域振興課",
          "出没年度": "令和８年度"
        },
        "seq": 322
      }
    },
    {
      "type": "Feature",
      "geometry": {
        "type": "Point",
        "coordinates": [
          138.928004705,
          35.925953587
        ]
      },
      "properties": {
        "id": "saitama-372",
        "source_id": 372,
        "datetime": "2026-06-22T00:20:00.000Z",
        "date_source": "field",
        "has_time": true,
        "time_of_day": "morning",
        "time_of_day_label": "朝",
        "season": "summer",
        "municipality": "秩父市",
        "lat": 35.925953587,
        "lon": 138.928004705,
        "tags": {
          "地名": "秩父市三峰地内（三峰駐車場手前1ｋｍ付近）",
          "出没状況の概要": "観光客が目撃",
          "出没頭数": 3,
          "被害状況": "人身・物損被害なし",
          "出没レベル": "危険度 中",
          "報告者所属": "秩父市役所 大滝総合支所 地域振興課",
          "出没年度": "令和８年度"
        },
        "seq": 323
      }
    },
    {
      "type": "Feature",
      "geometry": {
        "type": "Point",
        "coordinates": [
          139.078724253,
          36.108945897
        ]
      },
      "properties": {
        "id": "saitama-373",
        "source_id": 373,
        "datetime": "2026-06-23T11:00:00.000Z",
        "date_source": "field",
        "has_time": true,
        "time_of_day": "night",
        "time_of_day_label": "夜間",
        "season": "summer",
        "municipality": "皆野町",
        "lat": 36.108945897,
        "lon": 139.078724253,
        "tags": {
          "地名": "皆野町金沢",
          "出没状況の概要": "運転中に子熊が道路から茂みに入るところを目撃",
          "出没頭数": 1,
          "被害状況": "人身・物損被害なし",
          "出没レベル": "危険度 小",
          "報告者所属": "皆野町産業観光課",
          "備考": "皆野町金沢２６４２",
          "出没年度": "令和８年度"
        },
        "seq": 324
      }
    },
    {
      "type": "Feature",
      "geometry": {
        "type": "Point",
        "coordinates": [
          138.91149021,
          36.064996117
        ]
      },
      "properties": {
        "id": "saitama-374",
        "source_id": 374,
        "datetime": "2026-06-24T03:00:00.000Z",
        "date_source": "date_only",
        "has_time": false,
        "time_of_day": "unknown",
        "time_of_day_label": "不明",
        "season": "summer",
        "municipality": "小鹿野町",
        "lat": 36.064996117,
        "lon": 138.91149021,
        "tags": {
          "地名": "小鹿野町藤倉地内（倉尾神社西500m付近）",
          "出没状況の概要": "地元住民がクマの足跡を発見",
          "出没頭数": 1,
          "被害状況": "人身・物損被害なし",
          "出没レベル": "危険度 小",
          "報告者所属": "小鹿野町農林振興課",
          "出没年度": "令和８年度"
        },
        "seq": 325
      }
    },
    {
      "type": "Feature",
      "geometry": {
        "type": "Point",
        "coordinates": [
          139.007077103,
          36.016567607
        ]
      },
      "properties": {
        "id": "saitama-375",
        "source_id": 375,
        "datetime": "2026-06-25T09:30:00.000Z",
        "date_source": "field",
        "has_time": true,
        "time_of_day": "evening",
        "time_of_day_label": "夕方",
        "season": "summer",
        "municipality": "小鹿野町",
        "lat": 36.016567607,
        "lon": 139.007077103,
        "tags": {
          "地名": "小鹿野町小鹿野　小鹿野町役場南西150m付近",
          "出没状況の概要": "地元住民が目撃",
          "出没頭数": 1,
          "被害状況": "人身・物損被害なし",
          "出没レベル": "危険度 中",
          "報告者所属": "小鹿野町農林振興課",
          "備考": "現場確認したが痕跡を発見できず",
          "出没年度": "令和８年度"
        },
        "seq": 326
      }
    },
    {
      "type": "Feature",
      "geometry": {
        "type": "Point",
        "coordinates": [
          139.085799537,
          36.072388132
        ]
      },
      "properties": {
        "id": "saitama-376",
        "source_id": 376,
        "datetime": "2026-06-27T20:30:00.000Z",
        "date_source": "field",
        "has_time": true,
        "time_of_day": "morning",
        "time_of_day_label": "朝",
        "season": "summer",
        "municipality": "皆野町",
        "lat": 36.072388132,
        "lon": 139.085799537,
        "tags": {
          "地名": "皆野町大字大渕地内",
          "出没状況の概要": "地元住民が山中へ向かうクマと思われるものを目撃",
          "出没頭数": 1,
          "被害状況": "人身・物損被害なし",
          "出没レベル": "危険度 中",
          "報告者所属": "皆野町産業観光課",
          "出没年度": "令和８年度"
        },
        "seq": 327
      }
    },
    {
      "type": "Feature",
      "geometry": {
        "type": "Point",
        "coordinates": [
          139.085843591,
          36.072651411
        ]
      },
      "properties": {
        "id": "saitama-377",
        "source_id": 377,
        "datetime": "2026-06-27T20:30:00.000Z",
        "date_source": "field",
        "has_time": true,
        "time_of_day": "morning",
        "time_of_day_label": "朝",
        "season": "summer",
        "municipality": "皆野町",
        "lat": 36.072651411,
        "lon": 139.085843591,
        "tags": {
          "地名": "皆野町大渕",
          "出没状況の概要": "地元住民が目撃",
          "出没頭数": 1,
          "被害状況": "人身・物損被害なし",
          "出没レベル": "危険度 中",
          "報告者所属": "皆野町産業観光課",
          "備考": "大渕380",
          "出没年度": "令和８年度"
        },
        "seq": 328
      }
    },
    {
      "type": "Feature",
      "geometry": {
        "type": "Point",
        "coordinates": [
          138.932065569,
          35.922439231
        ]
      },
      "properties": {
        "id": "saitama-378",
        "source_id": 378,
        "datetime": "2026-07-01T11:45:00.000Z",
        "date_source": "field",
        "has_time": true,
        "time_of_day": "night",
        "time_of_day_label": "夜間",
        "season": "summer",
        "municipality": "秩父市",
        "lat": 35.922439231,
        "lon": 138.932065569,
        "tags": {
          "地名": "三峰地内（三峰駐車場付近）",
          "出没状況の概要": "観光客が目撃（子熊）",
          "出没頭数": 1,
          "被害状況": "人身・物損被害なし",
          "出没レベル": "危険度 中",
          "報告者所属": "秩父市役所 大滝総合支所 地域振興課",
          "出没年度": "令和８年度"
        },
        "seq": 329
      }
    },
    {
      "type": "Feature",
      "geometry": {
        "type": "Point",
        "coordinates": [
          138.820564925,
          35.911868406
        ]
      },
      "properties": {
        "id": "saitama-379",
        "source_id": 379,
        "datetime": "2026-07-03T09:45:00.000Z",
        "date_source": "field",
        "has_time": true,
        "time_of_day": "evening",
        "time_of_day_label": "夕方",
        "season": "summer",
        "municipality": "秩父市",
        "lat": 35.911868406,
        "lon": 138.820564925,
        "tags": {
          "地名": "秩父市大滝地内（豆焼橋付近）",
          "出没状況の概要": "通行人が目撃",
          "出没頭数": 1,
          "被害状況": "人身・物損被害なし",
          "出没レベル": "危険度 小",
          "報告者所属": "秩父市役所 大滝総合支所 地域振興課",
          "出没年度": "令和８年度"
        },
        "seq": 330
      }
    },
    {
      "type": "Feature",
      "geometry": {
        "type": "Point",
        "coordinates": [
          138.941860199,
          35.917172415
        ]
      },
      "properties": {
        "id": "saitama-380",
        "source_id": 380,
        "datetime": "2026-07-03T21:30:00.000Z",
        "date_source": "field",
        "has_time": true,
        "time_of_day": "morning",
        "time_of_day_label": "朝",
        "season": "summer",
        "municipality": "秩父市",
        "lat": 35.917172415,
        "lon": 138.941860199,
        "tags": {
          "地名": "大滝地内（雲取山登山道炭焼平付近）",
          "出没状況の概要": "登山者が目撃",
          "出没頭数": 1,
          "被害状況": "人身・物損被害なし",
          "出没レベル": "危険度 小",
          "報告者所属": "秩父市役所 大滝総合支所 地域振興課",
          "出没年度": "令和８年度"
        },
        "seq": 331
      }
    },
    {
      "type": "Feature",
      "geometry": {
        "type": "Point",
        "coordinates": [
          138.907485008,
          35.935178148
        ]
      },
      "properties": {
        "id": "saitama-381",
        "source_id": 381,
        "datetime": "2026-07-04T00:20:00.000Z",
        "date_source": "field",
        "has_time": true,
        "time_of_day": "morning",
        "time_of_day_label": "朝",
        "season": "summer",
        "municipality": "秩父市",
        "lat": 35.935178148,
        "lon": 138.907485008,
        "tags": {
          "地名": "三峰地内（藤岩トンネル付近）",
          "出没状況の概要": "観光客が目撃",
          "出没頭数": 1,
          "被害状況": "人身・物損被害なし",
          "出没レベル": "危険度 中",
          "報告者所属": "秩父市役所 大滝総合支所 地域振興課",
          "出没年度": "令和８年度"
        },
        "seq": 332
      }
    },
    {
      "type": "Feature",
      "geometry": {
        "type": "Point",
        "coordinates": [
          138.958296776,
          35.952849751
        ]
      },
      "properties": {
        "id": "saitama-382",
        "source_id": 382,
        "datetime": "2026-07-05T05:30:00.000Z",
        "date_source": "field",
        "has_time": true,
        "time_of_day": "daytime",
        "time_of_day_label": "昼",
        "season": "summer",
        "municipality": "秩父市",
        "lat": 35.952849751,
        "lon": 138.958296776,
        "tags": {
          "地名": "大滝地内（上強石付近）",
          "出没状況の概要": "地元住民が目撃",
          "出没頭数": 2,
          "被害状況": "人身・物損被害なし",
          "出没レベル": "危険度 中",
          "報告者所属": "秩父市役所 大滝総合支所 地域振興課",
          "出没年度": "令和８年度"
        },
        "seq": 333
      }
    },
    {
      "type": "Feature",
      "geometry": {
        "type": "Point",
        "coordinates": [
          138.934730887,
          35.920252576
        ]
      },
      "properties": {
        "id": "saitama-383",
        "source_id": 383,
        "datetime": "2026-07-07T11:40:00.000Z",
        "date_source": "field",
        "has_time": true,
        "time_of_day": "night",
        "time_of_day_label": "夜間",
        "season": "summer",
        "municipality": "秩父市",
        "lat": 35.920252576,
        "lon": 138.934730887,
        "tags": {
          "地名": "秩父市三峰",
          "出没状況の概要": "観光客が目撃",
          "出没頭数": 1,
          "被害状況": "人身・物損被害なし",
          "出没レベル": "危険度 小",
          "報告者所属": "秩父市大滝総合支所地域振興課",
          "出没年度": "令和８年度"
        },
        "seq": 334
      }
    },
    {
      "type": "Feature",
      "geometry": {
        "type": "Point",
        "coordinates": [
          139.132326524,
          36.04121961
        ]
      },
      "properties": {
        "id": "saitama-384",
        "source_id": 384,
        "datetime": "2026-07-08T08:30:00.000Z",
        "date_source": "field",
        "has_time": true,
        "time_of_day": "evening",
        "time_of_day_label": "夕方",
        "season": "summer",
        "municipality": "皆野町",
        "lat": 36.04121961,
        "lon": 139.132326524,
        "tags": {
          "地名": "皆野町大字三沢2981",
          "出没状況の概要": "地元住民が子クマが道から山へ入っていったところを目撃",
          "出没頭数": 1,
          "被害状況": "人身・物損被害なし",
          "出没レベル": "危険度 中",
          "報告者所属": "皆野町産業観光課",
          "出没年度": "令和８年度"
        },
        "seq": 335
      }
    },
    {
      "type": "Feature",
      "geometry": {
        "type": "Point",
        "coordinates": [
          138.917913437,
          35.922594114
        ]
      },
      "properties": {
        "id": "saitama-386",
        "source_id": 386,
        "datetime": "2026-07-09T07:15:00.000Z",
        "date_source": "field",
        "has_time": true,
        "time_of_day": "evening",
        "time_of_day_label": "夕方",
        "season": "summer",
        "municipality": "秩父市",
        "lat": 35.922594114,
        "lon": 138.917913437,
        "tags": {
          "地名": "秩父市三峰",
          "出没状況の概要": "観光客が目撃",
          "出没頭数": 1,
          "被害状況": "人身・物損被害なし",
          "出没レベル": "危険度 小",
          "報告者所属": "秩父市大滝総合支所地域振興課",
          "出没年度": "令和８年度"
        },
        "seq": 336
      }
    },
    {
      "type": "Feature",
      "geometry": {
        "type": "Point",
        "coordinates": [
          138.923363686,
          35.931846636
        ]
      },
      "properties": {
        "id": "saitama-387",
        "source_id": 387,
        "datetime": "2026-07-09T10:30:00.000Z",
        "date_source": "field",
        "has_time": true,
        "time_of_day": "night",
        "time_of_day_label": "夜間",
        "season": "summer",
        "municipality": "秩父市",
        "lat": 35.931846636,
        "lon": 138.923363686,
        "tags": {
          "地名": "秩父市三峰",
          "出没状況の概要": "地元測量住民が目撃",
          "出没頭数": 2,
          "被害状況": "人身・物損被害なし",
          "出没レベル": "危険度 小",
          "報告者所属": "秩父市大滝総合支所地域振興課",
          "出没年度": "令和８年度"
        },
        "seq": 337
      }
    },
    {
      "type": "Feature",
      "geometry": {
        "type": "Point",
        "coordinates": [
          139.079884141,
          36.104129869
        ]
      },
      "properties": {
        "id": "saitama-388",
        "source_id": 388,
        "datetime": "2026-07-08T13:53:00.000Z",
        "date_source": "field",
        "has_time": true,
        "time_of_day": "night",
        "time_of_day_label": "夜間",
        "season": "summer",
        "municipality": "皆野町",
        "lat": 36.104129869,
        "lon": 139.079884141,
        "tags": {
          "地名": "皆野町金沢2055",
          "出没状況の概要": "地元住民が目撃",
          "出没頭数": 1,
          "被害状況": "人身・物損被害なし",
          "出没レベル": "危険度 中",
          "報告者所属": "皆野町産業観光課",
          "出没年度": "令和８年度"
        },
        "seq": 338
      }
    },
    {
      "type": "Feature",
      "geometry": {
        "type": "Point",
        "coordinates": [
          138.862981796,
          35.944650688
        ]
      },
      "properties": {
        "id": "saitama-389",
        "source_id": 389,
        "datetime": "2026-07-09T15:30:00.000Z",
        "date_source": "field",
        "has_time": true,
        "time_of_day": "night",
        "time_of_day_label": "夜間",
        "season": "summer",
        "municipality": "秩父市",
        "lat": 35.944650688,
        "lon": 138.862981796,
        "tags": {
          "地名": "秩父市大滝",
          "出没状況の概要": "地元住民が目撃",
          "出没頭数": 1,
          "被害状況": "物損被害あり（はちみつが入っている箱を破壊）",
          "出没レベル": "危険度 大",
          "報告者所属": "秩父市大滝総合支所地域振興課",
          "出没年度": "令和８年度"
        },
        "seq": 339
      }
    },
    {
      "type": "Feature",
      "geometry": {
        "type": "Point",
        "coordinates": [
          138.92387867,
          35.930552217
        ]
      },
      "properties": {
        "id": "saitama-390",
        "source_id": 390,
        "datetime": "2026-07-10T01:50:00.000Z",
        "date_source": "field",
        "has_time": true,
        "time_of_day": "daytime",
        "time_of_day_label": "昼",
        "season": "summer",
        "municipality": "秩父市",
        "lat": 35.930552217,
        "lon": 138.92387867,
        "tags": {
          "地名": "秩父市三峰",
          "出没状況の概要": "観光客が目撃",
          "出没頭数": 1,
          "被害状況": "人身・物損被害なし",
          "出没レベル": "危険度 小",
          "報告者所属": "秩父市大滝総合支所地域振興課",
          "出没年度": "令和８年度"
        },
        "seq": 340
      }
    },
    {
      "type": "Feature",
      "geometry": {
        "type": "Point",
        "coordinates": [
          138.938914146,
          35.918563585
        ]
      },
      "properties": {
        "id": "saitama-391",
        "source_id": 391,
        "datetime": "2026-07-12T23:10:00.000Z",
        "date_source": "field",
        "has_time": true,
        "time_of_day": "morning",
        "time_of_day_label": "朝",
        "season": "summer",
        "municipality": "秩父市",
        "lat": 35.918563585,
        "lon": 138.938914146,
        "tags": {
          "地名": "秩父市三峰地内（三峰駐車場から約500ｍの、雲取山への登山道）",
          "出没状況の概要": "登山者が目撃",
          "出没頭数": 1,
          "被害状況": "人身・物損被害なし",
          "出没レベル": "危険度 中",
          "報告者所属": "秩父市役所 大滝総合支所 地域振興課",
          "出没年度": "令和８年度"
        },
        "seq": 341
      }
    },
    {
      "type": "Feature",
      "geometry": {
        "type": "Point",
        "coordinates": [
          139.131731254,
          36.051112075
        ]
      },
      "properties": {
        "id": "saitama-392",
        "source_id": 392,
        "datetime": "2026-07-11T13:00:00.000Z",
        "date_source": "field",
        "has_time": true,
        "time_of_day": "night",
        "time_of_day_label": "夜間",
        "season": "summer",
        "municipality": "皆野町",
        "lat": 36.051112075,
        "lon": 139.131731254,
        "tags": {
          "地名": "皆野町大字三沢3464",
          "出没状況の概要": "地元住人による目撃",
          "出没頭数": 2,
          "被害状況": "人身・物損被害なし",
          "出没レベル": "危険度 中",
          "報告者所属": "皆野町産業観光課",
          "出没年度": "令和８年度"
        },
        "seq": 342
      }
    },
    {
      "type": "Feature",
      "geometry": {
        "type": "Point",
        "coordinates": [
          139.024529756,
          36.079498371
        ]
      },
      "properties": {
        "id": "saitama-393",
        "source_id": 393,
        "datetime": "2026-07-11T14:00:00.000Z",
        "date_source": "field",
        "has_time": true,
        "time_of_day": "night",
        "time_of_day_label": "夜間",
        "season": "summer",
        "municipality": "皆野町",
        "lat": 36.079498371,
        "lon": 139.024529756,
        "tags": {
          "地名": "皆野町上日野沢字大平853",
          "出没状況の概要": "ミツバチの巣箱を設置していた方が、巣箱を荒らされたと町に連絡\n直接的な目撃情報はなし",
          "出没頭数": 1,
          "被害状況": "被害あり（養蜂箱を破損）",
          "出没レベル": "危険度 中",
          "報告者所属": "皆野町産業観光課",
          "備考": "巣箱は既に撤去済み\n地域おこし協力隊との現地確認において、断定はできないがおそらくクマである旨",
          "出没年度": "令和８年度"
        },
        "seq": 343
      }
    },
    {
      "type": "Feature",
      "geometry": {
        "type": "Point",
        "coordinates": [
          138.907468497,
          35.941372447
        ]
      },
      "properties": {
        "id": "saitama-394",
        "source_id": 394,
        "datetime": "2026-07-14T07:50:00.000Z",
        "date_source": "field",
        "has_time": true,
        "time_of_day": "evening",
        "time_of_day_label": "夕方",
        "season": "summer",
        "municipality": "秩父市",
        "lat": 35.941372447,
        "lon": 138.907468497,
        "tags": {
          "地名": "大滝地内（麻生区荒川ふれあいログハウス付近）",
          "出没状況の概要": "地元住民が目撃",
          "出没頭数": 1,
          "被害状況": "人身・物損被害なし",
          "出没レベル": "危険度 中",
          "報告者所属": "秩父市役所 大滝総合支所 地域振興課",
          "出没年度": "令和８年度"
        },
        "seq": 344
      }
    },
    {
      "type": "Feature",
      "geometry": {
        "type": "Point",
        "coordinates": [
          139.007906418,
          35.997979987
        ]
      },
      "properties": {
        "id": "saitama-395",
        "source_id": 395,
        "datetime": "2026-07-12T14:00:00.000Z",
        "date_source": "field",
        "has_time": true,
        "time_of_day": "night",
        "time_of_day_label": "夜間",
        "season": "summer",
        "municipality": "小鹿野町",
        "lat": 35.997979987,
        "lon": 139.007906418,
        "tags": {
          "地名": "小鹿野町般若柿の久保法性寺西５００ｍ付近",
          "出没状況の概要": "地元住民が目撃",
          "出没頭数": 1,
          "被害状況": "人身・物損被害なし",
          "出没レベル": "危険度 中",
          "報告者所属": "小鹿野町農林振興課",
          "備考": "現場確認時には痕跡を発見できなかったが同行していただいた猟友会員からはクマの可能性が高いとの助言がありました。",
          "出没年度": "令和８年度"
        },
        "seq": 345
      }
    },
    {
      "type": "Feature",
      "geometry": {
        "type": "Point",
        "coordinates": [
          139.05449152,
          35.961734003
        ]
      },
      "properties": {
        "id": "saitama-396",
        "source_id": 396,
        "datetime": "2026-07-12T04:10:00.000Z",
        "date_source": "field",
        "has_time": true,
        "time_of_day": "daytime",
        "time_of_day_label": "昼",
        "season": "summer",
        "municipality": "秩父市",
        "lat": 35.961734003,
        "lon": 139.05449152,
        "tags": {
          "地名": "秩父市荒川久那地内（秩父鉄道浦山口駅より南西に約４００ｍ付近）",
          "出没状況の概要": "通行人が目撃",
          "出没頭数": 1,
          "被害状況": "人身・物損被害なし",
          "出没レベル": "危険度 中",
          "報告者所属": "秩父市　荒川総合支所　地域振興課",
          "出没年度": "令和８年度"
        },
        "seq": 346
      }
    },
    {
      "type": "Feature",
      "geometry": {
        "type": "Point",
        "coordinates": [
          139.17503095,
          36.03815992
        ]
      },
      "properties": {
        "id": "saitama-397",
        "source_id": 397,
        "datetime": "2026-07-07T15:00:00.000Z",
        "date_source": "field",
        "has_time": true,
        "time_of_day": "night",
        "time_of_day_label": "夜間",
        "season": "summer",
        "municipality": "東秩父村",
        "lat": 36.03815992,
        "lon": 139.17503095,
        "tags": {
          "地名": "東秩父村皆谷",
          "出没状況の概要": "地元住民からの情報\n唸るような鳴き声\n現地確認の際クマが滑った痕跡の発見",
          "出没頭数": 1,
          "被害状況": "人身・物損被害なし",
          "出没レベル": "危険度 中",
          "報告者所属": "東秩父村役場産業観光課",
          "出没年度": "令和８年度"
        },
        "seq": 347
      }
    },
    {
      "type": "Feature",
      "geometry": {
        "type": "Point",
        "coordinates": [
          138.898494113,
          36.019881079
        ]
      },
      "properties": {
        "id": "saitama-398",
        "source_id": 398,
        "datetime": "2026-07-15T03:00:00.000Z",
        "date_source": "date_only",
        "has_time": false,
        "time_of_day": "unknown",
        "time_of_day_label": "不明",
        "season": "summer",
        "municipality": "小鹿野町",
        "lat": 36.019881079,
        "lon": 138.898494113,
        "tags": {
          "地名": "小鹿野町両神薄出原出原バス停北東１００ｍ",
          "出没状況の概要": "地元住民が痕跡を発見",
          "出没頭数": 1,
          "被害状況": "物損被害あり（蜂の入っていない空の巣及び倉庫の扉）",
          "出没レベル": "危険度 中",
          "報告者所属": "小鹿野町農林振興課",
          "出没年度": "令和８年度"
        },
        "seq": 348
      }
    },
    {
      "type": "Feature",
      "geometry": {
        "type": "Point",
        "coordinates": [
          138.919421636,
          35.935848546
        ]
      },
      "properties": {
        "id": "saitama-399",
        "source_id": 399,
        "datetime": "2026-07-19T22:30:00.000Z",
        "date_source": "field",
        "has_time": true,
        "time_of_day": "morning",
        "time_of_day_label": "朝",
        "season": "summer",
        "municipality": "秩父市",
        "lat": 35.935848546,
        "lon": 138.919421636,
        "tags": {
          "地名": "三峰地内（三峰ヘリポート付近）",
          "出没状況の概要": "観光客が目撃",
          "出没頭数": 1,
          "被害状況": "人身・物損被害なし",
          "出没レベル": "危険度 小",
          "報告者所属": "秩父市役所 大滝総合支所 地域振興課",
          "出没年度": "令和８年度"
        },
        "seq": 349
      }
    },
    {
      "type": "Feature",
      "geometry": {
        "type": "Point",
        "coordinates": [
          139.140660651,
          35.982247119
        ]
      },
      "properties": {
        "id": "saitama-400",
        "source_id": 400,
        "datetime": "2026-07-19T07:10:00.000Z",
        "date_source": "field",
        "has_time": true,
        "time_of_day": "evening",
        "time_of_day_label": "夕方",
        "season": "summer",
        "municipality": "横瀬町",
        "lat": 35.982247119,
        "lon": 139.140660651,
        "tags": {
          "地名": "横瀬町芦ヶ久保下倉掛地内",
          "出没状況の概要": "暗視カメラによる撮影",
          "出没頭数": 1,
          "被害状況": "人身・物損被害なし",
          "出没レベル": "危険度 中",
          "報告者所属": "横瀬町振興課",
          "出没年度": "令和８年度"
        },
        "seq": 350
      }
    },
    {
      "type": "Feature",
      "geometry": {
        "type": "Point",
        "coordinates": [
          138.913870491,
          36.01374003
        ]
      },
      "properties": {
        "id": "saitama-401",
        "source_id": 401,
        "datetime": "2026-07-22T02:00:00.000Z",
        "date_source": "field",
        "has_time": true,
        "time_of_day": "daytime",
        "time_of_day_label": "昼",
        "season": "summer",
        "municipality": "小鹿野町",
        "lat": 36.01374003,
        "lon": 138.913870491,
        "tags": {
          "地名": "小鹿野町両神薄日陰地内",
          "出没状況の概要": "地元住民が目撃",
          "出没頭数": 1,
          "被害状況": "人身・物損被害なし",
          "出没レベル": "危険度 小",
          "報告者所属": "小鹿野町農林振興課",
          "出没年度": "令和８年度"
        },
        "seq": 351
      }
    },
    {
      "type": "Feature",
      "geometry": {
        "type": "Point",
        "coordinates": [
          138.898435235,
          35.957899915
        ]
      },
      "properties": {
        "id": "saitama-402",
        "source_id": 402,
        "datetime": "2026-07-22T07:00:00.000Z",
        "date_source": "field",
        "has_time": true,
        "time_of_day": "evening",
        "time_of_day_label": "夕方",
        "season": "summer",
        "municipality": "秩父市",
        "lat": 35.957899915,
        "lon": 138.898435235,
        "tags": {
          "地名": "秩父市大滝",
          "出没状況の概要": "滝沢ダム職員が目撃\n",
          "出没頭数": 1,
          "被害状況": "人身・物損被害なし",
          "出没レベル": "危険度 小",
          "報告者所属": "秩父市大滝総合支所地域振興課",
          "出没年度": "令和８年度"
        },
        "seq": 352
      }
    },
    {
      "type": "Feature",
      "geometry": {
        "type": "Point",
        "coordinates": [
          138.905199766,
          35.955576793
        ]
      },
      "properties": {
        "id": "saitama-403",
        "source_id": 403,
        "datetime": "2026-07-24T06:15:00.000Z",
        "date_source": "field",
        "has_time": true,
        "time_of_day": "daytime",
        "time_of_day_label": "昼",
        "season": "summer",
        "municipality": "秩父市",
        "lat": 35.955576793,
        "lon": 138.905199766,
        "tags": {
          "地名": "秩父市大滝",
          "出没状況の概要": "地元住民が目撃",
          "出没頭数": 1,
          "被害状況": "人身・物損被害なし",
          "出没レベル": "危険度 小",
          "報告者所属": "秩父市大滝総合支所地域振興課",
          "出没年度": "令和８年度"
        },
        "seq": 353
      }
    },
    {
      "type": "Feature",
      "geometry": {
        "type": "Point",
        "coordinates": [
          138.912366629,
          35.948993518
        ]
      },
      "properties": {
        "id": "saitama-404",
        "source_id": 404,
        "datetime": "2026-07-29T06:15:00.000Z",
        "date_source": "field",
        "has_time": true,
        "time_of_day": "daytime",
        "time_of_day_label": "昼",
        "season": "summer",
        "municipality": "秩父市",
        "lat": 35.948993518,
        "lon": 138.912366629,
        "tags": {
          "地名": "秩父市大滝",
          "出没状況の概要": "地元住民が目撃",
          "出没頭数": 1,
          "被害状況": "人身・物損被害なし",
          "出没レベル": "危険度 小",
          "報告者所属": "秩父市大滝総合支所地域振興課",
          "出没年度": "令和８年度"
        },
        "seq": 354
      }
    },
    {
      "type": "Feature",
      "geometry": {
        "type": "Point",
        "coordinates": [
          139.14635783,
          36.106661373
        ]
      },
      "properties": {
        "id": "saitama-405",
        "source_id": 405,
        "datetime": "2026-07-28T23:30:00.000Z",
        "date_source": "field",
        "has_time": true,
        "time_of_day": "morning",
        "time_of_day_label": "朝",
        "season": "summer",
        "municipality": "寄居町",
        "lat": 36.106661373,
        "lon": 139.14635783,
        "tags": {
          "地名": "寄居町大字風布1369付近",
          "出没状況の概要": "通行人が熊らしき動物を目撃",
          "出没頭数": 1,
          "被害状況": "人身・物損被害なし",
          "出没レベル": "危険度 中",
          "報告者所属": "寄居町役場生活環境エコタウン課",
          "出没年度": "令和８年度"
        },
        "seq": 355
      }
    },
    {
      "type": "Feature",
      "geometry": {
        "type": "Point",
        "coordinates": [
          139.254110101,
          35.844140233
        ]
      },
      "properties": {
        "id": "saitama-406",
        "source_id": 406,
        "datetime": "2026-07-24T03:00:00.000Z",
        "date_source": "date_only",
        "has_time": false,
        "time_of_day": "unknown",
        "time_of_day_label": "不明",
        "season": "summer",
        "municipality": "飯能市",
        "lat": 35.844140233,
        "lon": 139.254110101,
        "tags": {
          "地名": "飯能市大字上直竹下分",
          "出没状況の概要": "出没の痕跡を発見",
          "出没頭数": 1,
          "被害状況": "物損被害あり（養殖箱を破損）",
          "出没レベル": "危険度 中",
          "報告者所属": "農業振興課",
          "出没年度": "令和８年度"
        },
        "seq": 356
      }
    },
    {
      "type": "Feature",
      "geometry": {
        "type": "Point",
        "coordinates": [
          139.203738213,
          35.989131386
        ]
      },
      "properties": {
        "id": "saitama-407",
        "source_id": 407,
        "datetime": "2026-07-27T03:00:00.000Z",
        "date_source": "date_only",
        "has_time": false,
        "time_of_day": "unknown",
        "time_of_day_label": "不明",
        "season": "summer",
        "municipality": "ときがわ町",
        "lat": 35.989131386,
        "lon": 139.203738213,
        "tags": {
          "地名": "ときがわ町大字大野",
          "出没状況の概要": "クマと思われる足あとの発見",
          "出没頭数": 1,
          "被害状況": "人身・物損被害なし",
          "出没レベル": "危険度 小",
          "報告者所属": "ときがわ町　農林環境課",
          "出没年度": "令和８年度"
        },
        "seq": 357
      }
    }
  ]
}